N16 G0 X152.615 Y167.517
N20 G0 Z10.487
N22 G1 Z8.64
N24 X151.482 Y167.626 Z7.515
N26 X151.966 Y167.579 Z7.516
N28 X152.21 Y167.541 Z7.52
N30 X153.389 Y167.347 Z7.513
N32 X153.684 Y167.295 Z7.506
N34 X154.033 Y167.226 Z7.516
N36 X154.662 Y167.044 Z7.52
N38 X155.15 Y166.903 Z7.513
N40 X155.872 Y166.694 Z7.519
N42 X156.36 Y166.508 Z7.516
N44 X157.105 Y166.198 Z7.517
N46 X157.819 Y165.894 Z7.518
N48 X158.035 Y165.797 Z7.519
N50 X159.286 Y165.108 Z7.517
N52 X159.79 Y164.82
N54 X160.781 Y164.119 Z7.515
N56 X161.229 Y163.791 Z7.517
N58 X161.44 Y163.631 Z7.52
N60 X161.776 Y163.355
N62 X162.875 Y162.378 Z7.518
N64 X163.085 Y162.164
N66 X164.216 Y160.912 Z7.52
N68 X164.597 Y160.419 Z7.517
N70 X164.923 Y159.974 Z7.515
N72 X165.451 Y159.232 Z7.518
N74 X165.642 Y158.958 Z7.517
N76 X166.603 Y157.236 Z7.519
N78 X167. Y156.299 Z7.517
N80 X167.317 Y155.539 Z7.516
N82 X167.496 Y155.05 Z7.519
N84 X167.704 Y154.344 Z7.513
N86 X167.927 Y153.581 Z7.519
N88 X168.051 Y153.103
N90 X168.095 Y152.878 Z7.52
N92 X168.181 Y152.389 Z7.512
N94 X168.264 Y151.901 Z7.518
N96 X168.383 Y151.135 Z7.517
N98 X168.504 Y149.184 Z7.518
N100 X168.5 Y148.657 Z7.517
N102 X168.425 Y147.235 Z7.515
N104 X168.372 Y146.748 Z7.517
N106 X168.243 Y145.935
N108 X168.137 Y145.28 Z7.511
N110 X168.095 Y145.058 Z7.506
N112 X168.024 Y144.721 Z7.516
N114 X167.845 Y144.081 Z7.52
N116 X167.708 Y143.592 Z7.513
N118 X167.578 Y143.125 Z7.519
N120 X167.48 Y142.838 Z7.52
N122 X167.194 Y142.126 Z7.512
N124 X166.878 Y141.342 Z7.519
N126 X166.673 Y140.881 Z7.518
N128 X165.885 Y139.419 Z7.517
N130 X165.627 Y138.981
N132 X164.923 Y137.974 Z7.515
N134 X164.563 Y137.476 Z7.517
N136 X164.435 Y137.308 Z7.519
N138 X163.763 Y136.532
N140 X163.095 Y135.772 Z7.518
N142 X162.662 Y135.283 Z7.51
N144 X161.567 Y134.046 Z7.516
N146 X160.688 Y132.839 Z7.518
N148 X160.331 Y132.351 Z7.512
N150 X160.142 Y132.092 Z7.517
N152 X159.418 Y130.884 Z7.515
N154 X158.964 Y130.104 Z7.518
N156 X158.798 Y129.786 Z7.51
N158 X158.571 Y129.318 Z7.507
N160 X158.311 Y128.763 Z7.489
N162 X158.06 Y128.184 Z7.474
N164 X157.856 Y127.695 Z7.451
N166 X157.587 Y126.974 Z7.415
N168 X157.412 Y126.486 Z7.372
N170 X157.289 Y126.117 Z7.351
N172 X157.1 Y125.508 Z7.306
N174 X156.959 Y125.019 Z7.254
N176 X156.839 Y124.573 Z7.217
N178 X156.616 Y123.62 Z7.115
N180 X156.473 Y122.921 Z7.028
N182 X156.408 Y122.576 Z6.977
N184 X156.363 Y122.323 Z6.951
N186 X156.33 Y122.087 Z6.924
N188 X156.226 Y121.346 Z6.817
N190 X156.144 Y120.588 Z6.71
N192 X156.086 Y119.88 Z6.602
N194 X156.04 Y118.903 Z6.442
N196 X156.029 Y118.177 Z6.318
N198 X156.025 Y116.813 Z6.075
N200 Y114.955 Z5.723
N202 Y113. Z5.335
N204 Y110.478 Z4.813
N206 Y104.858 Z3.633
N208 Y102.537 Z3.156
N210 Y100.582 Z2.77
N212 Y98.627 Z2.402
N214 Y96.672 Z2.058
N216 Y95.206 Z1.814
N218 Y93.739 Z1.59
N220 X156.026 Y92.036 Z1.351
N222 X156.046 Y91.059 Z1.226
N224 X156.086 Y90.318 Z1.138
N226 X156.144 Y89.594 Z1.056
N228 X156.259 Y88.617 Z0.954
N230 X156.372 Y87.879 Z0.884
N232 X156.485 Y87.255 Z0.82
N234 X156.616 Y86.634 Z0.778
N236 X156.669 Y86.408 Z0.756
N238 X156.843 Y85.686 Z0.705
N240 X156.916 Y85.431 Z0.682
N242 X157.128 Y84.709 Z0.648
N244 X157.37 Y83.964 Z0.598
N246 X157.594 Y83.353 Z0.583
N248 X157.823 Y82.756 Z0.558
N250 X158.031 Y82.266 Z0.544
N252 X158.245 Y81.778 Z0.528
N254 X158.478 Y81.289 Z0.523
N256 X158.72 Y80.801 Z0.518
N258 X158.856 Y80.543 Z0.511
N260 X158.979 Y80.312 Z0.519
N262 X159.417 Y79.566 Z0.515
N264 X160.142 Y78.358 Z0.517
N266 X160.526 Y77.833 Z0.514
N268 X161.125 Y77.01 Z0.519
N270 X161.567 Y76.404 Z0.516
N272 X162.969 Y74.819 Z0.512
N274 X163.094 Y74.678 Z0.518
N276 X164.157 Y73.462 Z0.52
N278 X164.435 Y73.137 Z0.519
N280 X164.751 Y72.723 Z0.514
N282 X165.627 Y71.468 Z0.517
N284 X165.885 Y71.031
N286 X166.673 Y69.569 Z0.518
N288 X166.891 Y69.076
N290 X167.194 Y68.324 Z0.512
N292 X167.48 Y67.612 Z0.52
N294 X167.586 Y67.297 Z0.519
N296 X167.708 Y66.858 Z0.513
N298 X167.845 Y66.369 Z0.52
N300 X168.023 Y65.726 Z0.516
N302 X168.095 Y65.392 Z0.506
N304 X168.15 Y65.097 Z0.512
N306 X168.344 Y63.883 Z0.52
N308 X168.372 Y63.702 Z0.517
N310 X168.425 Y63.215 Z0.515
N312 X168.501 Y61.749 Z0.517
N314 X168.502 Y61.167 Z0.518
N316 X168.384 Y59.308 Z0.517
N318 X168.315 Y58.819 Z0.519
N320 X168.182 Y58.061 Z0.511
N322 X168.062 Y57.393 Z0.519
N324 X167.927 Y56.869
N326 X167.849 Y56.594 Z0.52
N328 X167.704 Y56.106 Z0.513
N330 X167.479 Y55.353 Z0.52
N332 X167.317 Y54.911 Z0.516
N334 X167. Y54.151 Z0.517
N336 X166.603 Y53.214 Z0.519
N338 X165.627 Y51.466 Z0.517
N340 X164.923 Y50.479 Z0.515
N342 X164.597 Y50.032 Z0.517
N344 X164.435 Y49.816 Z0.52
N346 X164.216 Y49.538
N348 X163.188 Y48.396 Z0.518
N350 X162.872 Y48.072
N352 X161.776 Y47.095 Z0.52
N354 X161.438 Y46.819
N356 X161.014 Y46.495 Z0.514
N358 X159.79 Y45.63 Z0.517
N360 X159.031 Y45.202 Z0.518
N362 X158.035 Y44.653 Z0.519
N364 X157.594 Y44.455 Z0.518
N366 X156.616 Y44.049 Z0.513
N368 X156.214 Y43.887 Z0.518
N370 X155.872 Y43.756 Z0.519
N372 X155.15 Y43.547 Z0.513
N374 X154.671 Y43.408 Z0.52
N376 X154.031 Y43.225 Z0.516
N378 X153.684 Y43.156 Z0.506
N380 X152.805 Y43.007 Z0.518
N382 X152.22 Y42.911 Z0.52
N384 X151.966 Y42.871 Z0.516
N386 X151.419 Y42.82 Z0.515
N388 X150.016 Y42.747 Z0.518
N390 X149.455 Y42.749
N392 X148.068 Y42.824 Z0.515
N394 X147.584 Y42.871 Z0.516
N396 X147.339 Y42.909 Z0.52
N398 X146.117 Y43.108 Z0.511
N400 X145.866 Y43.154 Z0.506
N402 X145.517 Y43.224 Z0.516
N404 X144.888 Y43.406 Z0.52
N406 X144.4 Y43.547 Z0.513
N408 X143.678 Y43.756 Z0.519
N410 X143.19 Y43.943 Z0.516
N412 X142.445 Y44.252 Z0.517
N414 X141.731 Y44.556 Z0.518
N416 X141.515 Y44.653 Z0.519
N418 X140.264 Y45.342 Z0.517
N420 X139.76 Y45.63
N422 X138.769 Y46.331 Z0.515
N424 X138.321 Y46.659 Z0.517
N426 X138.11 Y46.819 Z0.52
N428 X137.774 Y47.095
N430 X136.678 Y48.072 Z0.518
N432 X136.362 Y48.396
N434 X135.334 Y49.538 Z0.52
N436 X134.952 Y50.031 Z0.517
N438 X134.626 Y50.477 Z0.515
N440 X134.099 Y51.218 Z0.518
N442 X133.908 Y51.492 Z0.517
N444 X132.947 Y53.214 Z0.519
N446 X132.55 Y54.151 Z0.517
N448 X132.233 Y54.911 Z0.516
N450 X132.054 Y55.4 Z0.519
N452 X131.846 Y56.106 Z0.513
N454 X131.623 Y56.869 Z0.519
N456 X131.498 Y57.347
N458 X131.455 Y57.572 Z0.52
N460 X131.369 Y58.061 Z0.511
N462 X131.235 Y58.819 Z0.519
N464 X131.166 Y59.308 Z0.517
N466 X131.045 Y61.266 Z0.518
N468 X131.05 Y61.793 Z0.517
N470 X131.125 Y63.215 Z0.515
N472 X131.178 Y63.702 Z0.517
N474 X131.307 Y64.516
N476 X131.413 Y65.17 Z0.511
N478 X131.455 Y65.392 Z0.506
N480 X131.526 Y65.728 Z0.516
N482 X131.705 Y66.369 Z0.52
N484 X131.842 Y66.858 Z0.513
N486 X131.972 Y67.324 Z0.519
N488 X132.07 Y67.612 Z0.52
N490 X132.356 Y68.324 Z0.512
N492 X132.672 Y69.107 Z0.519
N494 X132.877 Y69.569 Z0.518
N496 X133.665 Y71.031 Z0.517
N498 X133.923 Y71.469
N500 X134.626 Y72.476 Z0.515
N502 X134.988 Y72.973 Z0.517
N504 X135.115 Y73.14 Z0.519
N506 X136.179 Y74.363
N508 X136.457 Y74.678 Z0.518
N510 X136.889 Y75.167 Z0.51
N512 X137.983 Y76.404 Z0.516
N514 X138.862 Y77.611 Z0.518
N516 X139.219 Y78.099 Z0.512
N518 X139.408 Y78.358 Z0.517
N520 X140.328 Y79.892 Z0.518
N522 X140.59 Y80.349
N524 X140.694 Y80.543 Z0.511
N526 X140.91 Y80.963 Z0.522
N528 X141.24 Y81.636 Z0.525
N530 X141.519 Y82.266 Z0.544
N532 X141.727 Y82.756 Z0.558
N534 X142.002 Y83.476 Z0.588
N536 X142.18 Y83.964 Z0.598
N538 X142.445 Y84.781 Z0.652
N540 X142.634 Y85.431 Z0.681
N542 X142.738 Y85.821 Z0.717
N544 X142.836 Y86.213 Z0.746
N546 X143.045 Y87.151 Z0.814
N548 X143.088 Y87.386 Z0.832
N550 X143.19 Y87.933 Z0.889
N552 X143.292 Y88.617 Z0.954
N554 X143.406 Y89.594 Z1.056
N556 X143.464 Y90.318 Z1.138
N558 X143.505 Y91.059 Z1.226
N560 X143.52 Y91.784 Z1.317
N562 X143.525 Y93.739 Z1.59
N564 Y95.572 Z1.875
N566 Y97.161 Z2.141
N568 Y98.993 Z2.47
N570 Y100.948 Z2.841
N572 Y103.27 Z3.304
N574 Y105.866 Z3.843
N576 Y112.19 Z5.169
N578 Y114.756 Z5.685
N580 Y116.608 Z6.036
N582 X143.52 Y118.415 Z6.359
N584 X143.5 Y119.154 Z6.484
N586 X143.464 Y119.88 Z6.602
N588 X143.422 Y120.425 Z6.688
N590 X143.364 Y120.993 Z6.766
N592 X143.238 Y121.967 Z6.908
N594 X143.184 Y122.323 Z6.951
N596 X143.14 Y122.576 Z6.977
N598 X143.049 Y123.064 Z7.045
N600 X142.898 Y123.788 Z7.132
N602 X142.709 Y124.57 Z7.217
N604 X142.662 Y124.765 Z7.233
N606 X142.526 Y125.253 Z7.279
N608 X142.379 Y125.741 Z7.323
N610 X142.226 Y126.23 Z7.357
N612 X142.057 Y126.719 Z7.392
N614 X141.88 Y127.207 Z7.427
N616 X141.694 Y127.695 Z7.452
N618 X141.381 Y128.441 Z7.483
N620 X141.282 Y128.673 Z7.486
N622 X140.888 Y129.509 Z7.511
N624 X140.688 Y129.907 Z7.509
N626 X140.568 Y130.138 Z7.518
N628 X140.002 Y131.107 Z7.516
N630 X139.408 Y132.092 Z7.517
N632 X139.024 Y132.617 Z7.514
N634 X138.426 Y133.438 Z7.519
N636 X137.983 Y134.046 Z7.516
N638 X136.581 Y135.63 Z7.512
N640 X136.254 Y135.999 Z7.518
N642 X135.175 Y137.238 Z7.519
N644 X134.799 Y137.727 Z7.514
N646 X133.958 Y138.93 Z7.517
N648 X133.787 Y139.197 Z7.515
N650 X132.877 Y140.881 Z7.518
N652 X132.659 Y141.374
N654 X132.356 Y142.126 Z7.512
N656 X132.07 Y142.838 Z7.52
N658 X131.964 Y143.154 Z7.519
N660 X131.842 Y143.592 Z7.513
N662 X131.705 Y144.081 Z7.52
N664 X131.527 Y144.724 Z7.516
N666 X131.455 Y145.058 Z7.506
N668 X131.4 Y145.352 Z7.512
N670 X131.206 Y146.568 Z7.52
N672 X131.178 Y146.748 Z7.517
N674 X131.125 Y147.235 Z7.515
N676 X131.048 Y148.701 Z7.517
N678 Y149.283 Z7.518
N680 X131.167 Y151.136 Z7.517
N682 X131.322 Y152.12 Z7.516
N684 X131.369 Y152.389 Z7.511
N686 X131.455 Y152.878 Z7.52
N688 X131.498 Y153.103 Z7.519
N690 X131.623 Y153.581
N692 X131.845 Y154.344 Z7.513
N694 X132.071 Y155.099 Z7.52
N696 X132.233 Y155.539 Z7.516
N698 X132.55 Y156.299 Z7.517
N700 X132.947 Y157.236 Z7.519
N702 X133.923 Y158.984 Z7.517
N704 X134.626 Y159.975 Z7.515
N706 X135.115 Y160.634 Z7.52
N708 X135.334 Y160.912
N710 X136.362 Y162.054 Z7.518
N712 X136.678 Y162.378
N714 X137.825 Y163.399 Z7.52
N716 X138.11 Y163.631
N718 X138.536 Y163.954 Z7.514
N720 X139.639 Y164.734 Z7.518
N722 X139.776 Y164.831 Z7.517
N724 X140.792 Y165.399 Z7.518
N726 X141.515 Y165.797 Z7.519
N728 X141.956 Y165.995 Z7.518
N730 X142.934 Y166.401 Z7.513
N732 X143.336 Y166.563 Z7.518
N734 X143.678 Y166.694 Z7.519
N736 X144.4 Y166.903 Z7.513
N738 X144.878 Y167.041 Z7.52
N740 X145.52 Y167.225 Z7.516
N742 X145.866 Y167.295 Z7.506
N744 X146.354 Y167.379 Z7.512
N746 X147.33 Y167.539 Z7.52
N748 X147.584 Y167.579 Z7.516
N750 X148.131 Y167.63 Z7.515
N752 X149.534 Y167.703 Z7.518
N754 X150.095 Y167.7
N756 X151.482 Y167.626 Z7.515
N758 X151.46 Y167.321 Z7.52
N760 X151.453 Y167.221
N762 X151.73 Y167.195
N764 X152.217 Y167.134
N766 X153.29 Y166.958
N768 X153.891 Y166.845
N770 X155.259 Y166.454
N772 X155.979 Y166.222
N774 X156.616 Y165.968
N776 X157.636 Y165.543
N778 X158.686 Y164.982
N780 X159.35 Y164.608
N782 X159.913 Y164.243
N784 X160.775 Y163.631
N786 X161.402 Y163.142
N788 X162.221 Y162.423
N790 X162.509 Y162.164
N792 X162.987 Y161.676
N794 X163.946 Y160.602
N796 X164.435 Y159.966
N798 X165.054 Y159.101
N800 X165.412 Y158.544
N802 X165.901 Y157.672
N804 X166.341 Y156.837
N806 X166.878 Y155.55
N808 X167.021 Y155.178
N810 X167.253 Y154.458
N812 X167.458 Y153.764
N814 X167.638 Y153.095
N816 X167.758 Y152.487
N818 X167.855 Y151.925
N820 X167.949 Y151.318
N822 X168.005 Y150.774
N824 X168.088 Y149.457
N826 X168.099 Y149.214
N828 X168.098 Y148.726
N830 X168.054 Y147.792
N832 X168.024 Y147.333
N834 X167.933 Y146.531
N836 X167.775 Y145.547
N838 X167.684 Y145.058
N840 X167.563 Y144.569
N842 X167.292 Y143.592
N844 X167.141 Y143.103
N846 X166.878 Y142.413
N848 X166.389 Y141.224
N850 X166.099 Y140.659
N852 X165.568 Y139.682
N854 X165.332 Y139.273
N856 X164.946 Y138.704
N858 X164.331 Y137.83
N860 X163.946 Y137.353
N862 X162.523 Y135.729
N864 X161.378 Y134.43
N866 X161.276 Y134.306
N868 X160.952 Y133.879
N870 X159.923 Y132.464
N872 X159.548 Y131.881
N874 X158.832 Y130.673
N876 X158.658 Y130.374
N878 X158.417 Y129.907 Z7.519
N880 X158.082 Y129.22 Z7.508
N882 X157.841 Y128.682 Z7.494
N884 X157.531 Y127.952 Z7.467
N886 X157.162 Y126.977 Z7.415
N888 X156.9 Y126.202 Z7.361
N890 X156.684 Y125.51 Z7.306
N892 X156.545 Y125.019 Z7.261
N894 X156.363 Y124.295 Z7.189
N896 X156.195 Y123.562 Z7.108
N898 X156.086 Y123.023 Z7.045
N900 X155.978 Y122.426 Z6.97
N902 X155.834 Y121.403 Z6.831
N904 X155.747 Y120.621 Z6.718
N906 X155.707 Y120.165 Z6.648
N908 X155.676 Y119.682 Z6.572
N910 X155.635 Y118.666 Z6.405
N912 X155.625 Y117.213 Z6.152
N914 Y115.244 Z5.784
N916 Y113.293 Z5.398
N918 Y110.856 Z4.897
N920 Y104.873 Z3.64
N922 Y102.551 Z3.163
N924 Y100.229 Z2.707
N926 Y98.274 Z2.343
N928 Y96.686 Z2.064
N930 Y95.22 Z1.821
N932 Y93.753 Z1.596
N934 X155.626 Y92.286 Z1.389
N936 X155.641 Y91.296 Z1.258
N938 X155.657 Y90.829 Z1.201
N940 X155.685 Y90.318 Z1.139
N942 X155.731 Y89.737 Z1.074
N944 X155.829 Y88.852 Z0.979
N946 X155.937 Y88.065 Z0.902
N948 X156.057 Y87.386 Z0.84
N950 X156.151 Y86.897 Z0.799
N952 X156.376 Y85.919 Z0.726
N954 X156.501 Y85.431 Z0.692
N956 X156.641 Y84.942 Z0.662
N958 X156.868 Y84.217 Z0.623
N960 X157.122 Y83.478 Z0.589
N962 X157.388 Y82.781 Z0.563
N964 X157.594 Y82.275 Z0.548
N966 X157.929 Y81.521 Z0.532
N968 X158.161 Y81.032 Z0.525
N970 X158.462 Y80.435 Z0.521
N972 X158.669 Y80.054 Z0.52
N974 X159.06 Y79.384
N976 X159.548 Y78.571
N978 X160.037 Y77.828
N980 X161.014 Y76.488
N982 X161.283 Y76.144
N984 X161.503 Y75.878
N986 X163.632 Y73.456
N988 X163.946 Y73.09
N990 X164.243 Y72.723
N992 X164.435 Y72.473
N994 X164.998 Y71.672
N996 X165.412 Y71.039
N998 X165.837 Y70.279
N1000 X166.328 Y69.363
N1002 X166.763 Y68.324
N1004 X167.011 Y67.703
N1006 X167.262 Y66.963
N1008 X167.637 Y65.61
N1010 X167.776 Y64.903
N1012 X167.945 Y63.836
N1014 X168.012 Y63.281
N1016 X168.048 Y62.755
N1018 X168.098 Y61.728
N1020 Y61.239
N1022 X168.059 Y60.504
N1024 X167.994 Y59.527
N1026 X167.982 Y59.4
N1028 X167.863 Y58.556
N1030 X167.683 Y57.572
N1032 X167.565 Y57.083
N1034 X167.433 Y56.597
N1036 X167.138 Y55.617
N1038 X166.965 Y55.128
N1040 X166.802 Y54.715
N1042 X166.361 Y53.662
N1044 X166.116 Y53.173
N1046 X165.412 Y51.903
N1048 X165.295 Y51.707
N1050 X164.923 Y51.168
N1052 X164.256 Y50.241
N1054 X163.869 Y49.752
N1056 X162.969 Y48.752
N1058 X162.48 Y48.26
N1060 X161.404 Y47.308
N1062 X160.915 Y46.919
N1064 X159.769 Y46.11
N1066 X159.476 Y45.914
N1068 X158.477 Y45.353
N1070 X157.902 Y45.045
N1072 X157.537 Y44.864
N1074 X156.358 Y44.376
N1076 X155.835 Y44.179
N1078 X155.468 Y44.058
N1080 X154.173 Y43.684
N1082 X153.946 Y43.625
N1084 X153.545 Y43.537
N1086 X152.219 Y43.316
N1088 X151.865 Y43.263
N1090 X151.241 Y43.213
N1092 X150.264 Y43.161
N1094 X149.775 Y43.15
N1096 X149.533 Y43.151
N1098 X148.505 Y43.202
N1100 X147.981 Y43.238
N1102 X147.333 Y43.316
N1104 X146.263 Y43.489
N1106 X145.659 Y43.605
N1108 X144.291 Y43.996
N1110 X143.57 Y44.228
N1112 X142.934 Y44.482
N1114 X141.914 Y44.906
N1116 X140.864 Y45.468
N1118 X140.201 Y45.842
N1120 X139.635 Y46.208
N1122 X138.775 Y46.819
N1124 X138.149 Y47.308
N1126 X137.313 Y48.042
N1128 X137.042 Y48.286
N1130 X136.56 Y48.774
N1132 X135.604 Y49.848
N1134 X135.115 Y50.484
N1136 X134.496 Y51.348
N1138 X134.138 Y51.906
N1140 X133.649 Y52.779
N1142 X133.209 Y53.613
N1144 X132.672 Y54.9
N1146 X132.529 Y55.271
N1148 X132.297 Y55.992
N1150 X132.092 Y56.685
N1152 X131.911 Y57.355
N1154 X131.793 Y57.962
N1156 X131.689 Y58.548
N1158 X131.597 Y59.135
N1160 X131.545 Y59.676
N1162 X131.462 Y60.993
N1164 X131.451 Y61.236
N1166 X131.452 Y61.724
N1168 X131.496 Y62.657
N1170 X131.526 Y63.117
N1172 X131.617 Y63.919
N1174 X131.775 Y64.903
N1176 X131.866 Y65.392
N1178 X131.987 Y65.881
N1180 X132.258 Y66.858
N1182 X132.409 Y67.347
N1184 X132.672 Y68.036
N1186 X133.16 Y69.225
N1188 X133.451 Y69.791
N1190 X133.982 Y70.768
N1192 X134.218 Y71.176
N1194 X134.626 Y71.777
N1196 X135.219 Y72.619
N1198 X135.298 Y72.723
N1200 X135.659 Y73.157
N1202 X136.559 Y74.189
N1204 X138.172 Y76.02
N1206 X138.274 Y76.144
N1208 X138.598 Y76.57
N1210 X139.626 Y77.986
N1212 X140.002 Y78.571
N1214 X140.738 Y79.806
N1216 X140.979 Y80.23
N1218 X141.252 Y80.758 Z0.523
N1220 X141.623 Y81.521 Z0.532
N1222 X141.956 Y82.275 Z0.548
N1224 X142.242 Y82.987 Z0.57
N1226 X142.445 Y83.523 Z0.591
N1228 X142.601 Y83.964 Z0.61
N1230 X142.9 Y84.908 Z0.66
N1232 X143.047 Y85.431 Z0.692
N1234 X143.25 Y86.235 Z0.749
N1236 X143.422 Y87.007 Z0.809
N1238 X143.582 Y87.874 Z0.884
N1240 X143.687 Y88.587 Z0.953
N1242 X143.776 Y89.341 Z1.03
N1244 X143.827 Y89.821 Z1.083
N1246 X143.863 Y90.294 Z1.136
N1248 X143.892 Y90.797 Z1.197
N1250 X143.912 Y91.295 Z1.258
N1252 X143.923 Y92.273 Z1.387
N1254 X143.925 Y93.739 Z1.594
N1256 Y95.558 Z1.877
N1258 Y97.161 Z2.145
N1260 Y98.99 Z2.473
N1262 Y100.945 Z2.845
N1264 Y103.263 Z3.307
N1266 Y105.864 Z3.847
N1268 Y112.298 Z5.195
N1270 Y114.756 Z5.689
N1272 X143.924 Y116.697 Z6.057
N1274 X143.921 Y118.167 Z6.321
N1276 X143.911 Y118.857 Z6.437
N1278 X143.878 Y119.639 Z6.565
N1280 X143.844 Y120.165 Z6.648
N1282 X143.793 Y120.739 Z6.735
N1284 X143.69 Y121.598 Z6.859
N1286 X143.57 Y122.428 Z6.97
N1288 X143.422 Y123.238 Z7.071
N1290 X143.339 Y123.636 Z7.117
N1292 X143.129 Y124.531 Z7.213
N1294 X142.934 Y125.278 Z7.285
N1296 X142.716 Y125.997 Z7.345
N1298 X142.559 Y126.486 Z7.382
N1300 X142.358 Y127.062 Z7.419
N1302 X142.017 Y127.952 Z7.468
N1304 X141.709 Y128.687 Z7.494
N1306 X141.374 Y129.418 Z7.513
N1308 X141.083 Y130.011 Z7.519
N1310 X140.88 Y130.396 Z7.52
N1312 X140.306 Y131.373
N1314 X140.002 Y131.881
N1316 X139.513 Y132.622
N1318 X138.536 Y133.963
N1320 X138.267 Y134.306
N1322 X138.047 Y134.572
N1324 X135.916 Y136.994
N1326 X135.604 Y137.355
N1328 X135.305 Y137.727
N1330 X135.115 Y137.977
N1332 X134.551 Y138.78
N1334 X134.138 Y139.403
N1336 X133.714 Y140.171
N1338 X133.222 Y141.086
N1340 X132.788 Y142.126
N1342 X132.54 Y142.746
N1344 X132.288 Y143.487
N1346 X131.913 Y144.84
N1348 X131.775 Y145.547
N1350 X131.605 Y146.614
N1352 X131.538 Y147.169
N1354 X131.502 Y147.694
N1356 X131.452 Y148.722
N1358 Y149.211
N1360 X131.496 Y150.021
N1362 X131.561 Y151.052
N1364 X131.694 Y151.924
N1366 X131.867 Y152.878
N1368 X131.984 Y153.367
N1370 X132.117 Y153.852
N1372 X132.412 Y154.833
N1374 X132.585 Y155.322
N1376 X132.748 Y155.734
N1378 X133.189 Y156.788
N1380 X133.434 Y157.277
N1382 X134.138 Y158.547
N1384 X134.254 Y158.743
N1386 X134.626 Y159.284
N1388 X135.217 Y160.107
N1390 X135.645 Y160.657
N1392 X136.581 Y161.698
N1394 X137.07 Y162.19
N1396 X138.144 Y163.142
N1398 X138.635 Y163.531
N1400 X139.78 Y164.341
N1402 X140.073 Y164.536
N1404 X141.073 Y165.097
N1406 X141.648 Y165.405
N1408 X142.013 Y165.586
N1410 X143.192 Y166.074
N1412 X143.714 Y166.271
N1414 X144.082 Y166.392
N1416 X145.377 Y166.765
N1418 X145.604 Y166.825
N1420 X146.004 Y166.913
N1422 X147.331 Y167.134
N1424 X147.684 Y167.187
N1426 X148.309 Y167.237
N1428 X149.286 Y167.289
N1430 X149.775 Y167.3
N1432 X150.017 Y167.299
N1434 X151.044 Y167.249
N1436 X151.453 Y167.221
N1438 X151.424 Y166.821
N1440 X152.026 Y166.755
N1442 X153.226 Y166.563
N1444 X153.787 Y166.46
N1446 X155.15 Y166.07
N1448 X155.882 Y165.831
N1450 X156.703 Y165.499
N1452 X157.591 Y165.117
N1454 X158.615 Y164.564
N1456 X159.38 Y164.119
N1458 X160.037 Y163.666
N1460 X160.763 Y163.142
N1462 X161.356 Y162.653
N1464 X161.992 Y162.088
N1466 X162.48 Y161.622
N1468 X162.969 Y161.099
N1470 X163.457 Y160.552
N1472 X163.742 Y160.209
N1474 X163.946 Y159.953
N1476 X164.562 Y159.105
N1478 X164.923 Y158.577
N1480 X165.412 Y157.727
N1482 X165.936 Y156.753
N1484 X166.389 Y155.684
N1486 X166.63 Y155.081
N1488 X166.878 Y154.318
N1490 X167.152 Y153.367
N1492 X167.253 Y152.992
N1494 X167.367 Y152.403
N1496 X167.47 Y151.797
N1498 X167.556 Y151.222
N1500 X167.61 Y150.68
N1502 X167.686 Y149.457
N1504 X167.7 Y149.124
N1506 X167.688 Y148.479
N1508 X167.634 Y147.502
N1510 X167.59 Y147.013
N1512 X167.505 Y146.388
N1514 X167.37 Y145.544
N1516 X167.277 Y145.058
N1518 X167.091 Y144.356
N1520 X166.878 Y143.593
N1522 X166.717 Y143.103
N1524 X166.348 Y142.167
N1526 X166.061 Y141.476
N1528 X165.907 Y141.148
N1530 X165.218 Y139.876
N1532 X165.041 Y139.565
N1534 X164.85 Y139.267
N1536 X164.046 Y138.116
N1538 X163.946 Y137.98
N1540 X163.628 Y137.596
N1542 X161.821 Y135.54
N1544 X161.014 Y134.622
N1546 X160.686 Y134.194
N1548 X159.548 Y132.63
N1550 X159.253 Y132.165
N1552 X158.571 Y131.02
N1554 X158.22 Y130.396
N1556 X158.082 Y130.136 Z7.519
N1558 X157.711 Y129.371 Z7.511
N1560 X157.448 Y128.784 Z7.497
N1562 X157.257 Y128.336 Z7.483
N1564 X157.105 Y127.964 Z7.467
N1566 X156.835 Y127.244 Z7.43
N1568 X156.57 Y126.486 Z7.381
N1570 X156.348 Y125.777 Z7.328
N1572 X156.25 Y125.451 Z7.301
N1574 X156.13 Y125.02 Z7.261
N1576 X155.937 Y124.232 Z7.182
N1578 X155.768 Y123.47 Z7.098
N1580 X155.639 Y122.807 Z7.018
N1582 X155.588 Y122.525 Z6.983
N1584 X155.428 Y121.387 Z6.829
N1586 X155.347 Y120.621 Z6.718
N1588 X155.306 Y120.132 Z6.643
N1590 X155.269 Y119.524 Z6.547
N1592 X155.236 Y118.698 Z6.411
N1594 X155.226 Y117.69 Z6.236
N1596 X155.225 Y115.735 Z5.879
N1598 Y113.414 Z5.423
N1600 Y110.602 Z4.844
N1602 Y104.861 Z3.638
N1604 Y102.539 Z3.161
N1606 Y100.584 Z2.774
N1608 Y98.629 Z2.407
N1610 Y96.674 Z2.062
N1612 Y95.208 Z1.819
N1614 Y93.742 Z1.594
N1616 X155.226 Y92.275 Z1.388
N1618 X155.242 Y91.296 Z1.258
N1620 X155.265 Y90.692 Z1.184
N1622 X155.324 Y89.829 Z1.084
N1624 X155.398 Y89.093 Z1.004
N1626 X155.489 Y88.363 Z0.931
N1628 X155.645 Y87.395 Z0.841
N1630 X155.771 Y86.765 Z0.789
N1632 X155.965 Y85.919 Z0.726
N1634 X156.085 Y85.431 Z0.693
N1636 X156.373 Y84.453 Z0.635
N1638 X156.616 Y83.702 Z0.599
N1640 X156.941 Y82.823 Z0.565
N1642 X157.105 Y82.405 Z0.552
N1644 X157.489 Y81.521 Z0.532
N1646 X157.717 Y81.032 Z0.525
N1648 X158.082 Y80.297 Z0.521
N1650 X158.373 Y79.764 Z0.52
N1652 X159.088 Y78.559
N1654 X159.548 Y77.826
N1656 X160.526 Y76.477
N1658 X161.014 Y75.835
N1660 X161.503 Y75.27
N1662 X163.314 Y73.212
N1664 X163.732 Y72.723
N1666 X163.946 Y72.462
N1668 X164.512 Y71.669
N1670 X164.923 Y71.068
N1672 X165.382 Y70.279
N1674 X165.917 Y69.286
N1676 X166.332 Y68.324
N1678 X166.618 Y67.607
N1680 X166.877 Y66.859
N1682 X167.252 Y65.507
N1684 X167.367 Y64.929
N1686 X167.553 Y63.739
N1688 X167.617 Y63.187
N1690 X167.664 Y62.459
N1692 X167.699 Y61.638
N1694 X167.694 Y61.154
N1696 X167.61 Y59.772
N1698 X167.57 Y59.324
N1700 X167.511 Y58.894
N1702 X167.37 Y58.061
N1704 X167.276 Y57.572
N1706 X167.153 Y57.083
N1708 X166.878 Y56.131
N1710 X166.717 Y55.617
N1712 X166.496 Y55.022
N1714 X166.071 Y54.003
N1716 X165.901 Y53.616
N1718 X165.404 Y52.709
N1720 X165.047 Y52.072
N1722 X164.859 Y51.771
N1724 X163.946 Y50.492
N1726 X163.62 Y50.078
N1728 X162.694 Y49.049
N1730 X162.437 Y48.774
N1732 X161.952 Y48.325
N1734 X161.19 Y47.65
N1736 X160.769 Y47.308
N1738 X160.087 Y46.819
N1740 X159.387 Y46.331
N1742 X159.06 Y46.135
N1744 X157.926 Y45.509
N1746 X157.608 Y45.339
N1748 X157.277 Y45.19
N1750 X156.128 Y44.715
N1752 X155.521 Y44.493
N1754 X154.77 Y44.27
N1756 X154.007 Y44.053
N1758 X153.615 Y43.956
N1760 X152.36 Y43.746
N1762 X151.934 Y43.683
N1764 X151.494 Y43.634
N1766 X150.574 Y43.576
N1768 X150.107 Y43.555
N1770 X149.623 Y43.55
N1772 X148.798 Y43.586
N1774 X148.075 Y43.632
N1776 X147.524 Y43.694
N1778 X146.308 Y43.887
N1780 X145.763 Y43.99
N1782 X144.4 Y44.38
N1784 X143.667 Y44.62
N1786 X142.846 Y44.952
N1788 X141.959 Y45.333
N1790 X140.935 Y45.886
N1792 X140.17 Y46.331
N1794 X139.513 Y46.784
N1796 X138.788 Y47.308
N1798 X138.195 Y47.797
N1800 X137.558 Y48.363
N1802 X137.07 Y48.828
N1804 X136.581 Y49.349
N1806 X136.092 Y49.897
N1808 X135.808 Y50.241
N1810 X135.604 Y50.497
N1812 X134.988 Y51.345
N1814 X134.626 Y51.873
N1816 X134.138 Y52.723
N1818 X133.614 Y53.696
N1820 X133.16 Y54.766
N1822 X132.92 Y55.368
N1824 X132.672 Y56.132
N1826 X132.398 Y57.083
N1828 X132.297 Y57.457
N1830 X132.181 Y58.06
N1832 X132.078 Y58.655
N1834 X131.991 Y59.23
N1836 X131.94 Y59.77
N1838 X131.864 Y60.993
N1840 X131.85 Y61.326
N1842 X131.862 Y61.971
N1844 X131.916 Y62.948
N1846 X131.96 Y63.437
N1848 X132.044 Y64.062
N1850 X132.18 Y64.906
N1852 X132.273 Y65.392
N1854 X132.459 Y66.093
N1856 X132.672 Y66.856
N1858 X132.833 Y67.347
N1860 X133.202 Y68.283
N1862 X133.489 Y68.974
N1864 X133.643 Y69.302
N1866 X134.332 Y70.574
N1868 X134.509 Y70.885
N1870 X134.7 Y71.183
N1872 X135.504 Y72.334
N1874 X135.604 Y72.469
N1876 X135.923 Y72.851
N1878 X136.878 Y73.945
N1880 X138.536 Y75.828
N1882 X138.864 Y76.256
N1884 X140.002 Y77.821
N1886 X140.297 Y78.286
N1888 X141.062 Y79.566
N1890 X141.36 Y80.093
N1892 X141.593 Y80.543 Z0.521
N1894 X141.956 Y81.286 Z0.528
N1896 X142.276 Y82.009 Z0.542
N1898 X142.508 Y82.562 Z0.556
N1900 X142.934 Y83.697 Z0.599
N1902 X143.067 Y84.098 Z0.617
N1904 X143.326 Y84.942 Z0.662
N1906 X143.454 Y85.399 Z0.69
N1908 X143.637 Y86.134 Z0.741
N1910 X143.802 Y86.897 Z0.799
N1912 X143.901 Y87.378 Z0.84
N1914 X143.989 Y87.874 Z0.884
N1916 X144.086 Y88.538 Z0.948
N1918 X144.2 Y89.54 Z1.052
N1920 X144.264 Y90.318 Z1.139
N1922 X144.297 Y90.904 Z1.21
N1924 X144.312 Y91.295 Z1.258
N1926 X144.323 Y92.195 Z1.377
N1928 X144.325 Y93.739 Z1.594
N1930 Y95.57 Z1.879
N1932 Y97.084 Z2.132
N1934 Y98.993 Z2.474
N1936 Y100.948 Z2.845
N1938 Y103.23 Z3.301
N1940 Y105.59 Z3.789
N1942 Y112.31 Z5.198
N1944 Y114.679 Z5.674
N1946 X144.324 Y116.708 Z6.059
N1948 X144.321 Y118.175 Z6.322
N1950 X144.313 Y118.752 Z6.42
N1952 X144.277 Y119.643 Z6.566
N1954 X144.233 Y120.298 Z6.669
N1956 X144.184 Y120.837 Z6.749
N1958 X144.093 Y121.598 Z6.859
N1960 X144.027 Y122.087 Z6.925
N1962 X143.952 Y122.576 Z6.99
N1964 X143.792 Y123.425 Z7.093
N1966 X143.612 Y124.232 Z7.182
N1968 X143.422 Y125.008 Z7.26
N1970 X143.224 Y125.706 Z7.322
N1972 X142.982 Y126.486 Z7.382
N1974 X142.714 Y127.244 Z7.43
N1976 X142.45 Y127.952 Z7.468
N1978 X142.014 Y128.987 Z7.503
N1980 X141.691 Y129.684 Z7.516
N1982 X141.392 Y130.284 Z7.52
N1984 X141.168 Y130.695
N1986 X140.466 Y131.886
N1988 X140.002 Y132.624
N1990 X139.024 Y133.974
N1992 X138.536 Y134.616
N1994 X138.047 Y135.18
N1996 X136.092 Y137.4
N1998 X135.604 Y137.987
N2000 X135.037 Y138.782
N2002 X134.626 Y139.383
N2004 X134.207 Y140.101
N2006 X133.634 Y141.163
N2008 X133.219 Y142.126
N2010 X132.932 Y142.842
N2012 X132.673 Y143.591
N2014 X132.298 Y144.943
N2016 X132.183 Y145.523
N2018 X131.997 Y146.71
N2020 X131.933 Y147.263
N2022 X131.886 Y147.991
N2024 X131.851 Y148.812
N2026 X131.856 Y149.296
N2028 X131.94 Y150.677
N2030 X131.982 Y151.124
N2032 X132.096 Y151.901
N2034 X132.258 Y152.803
N2036 X132.397 Y153.367
N2038 X132.672 Y154.318
N2040 X132.833 Y154.833
N2042 X133.054 Y155.428
N2044 X133.479 Y156.447
N2046 X133.649 Y156.833
N2048 X134.146 Y157.741
N2050 X134.503 Y158.378
N2052 X134.69 Y158.679
N2054 X135.476 Y159.786
N2056 X135.799 Y160.209
N2058 X135.929 Y160.372
N2060 X136.855 Y161.401
N2062 X137.113 Y161.676
N2064 X137.598 Y162.125
N2066 X138.375 Y162.814
N2068 X138.78 Y163.142
N2070 X139.513 Y163.665
N2072 X140.162 Y164.119
N2074 X140.49 Y164.315
N2076 X141.623 Y164.941
N2078 X141.942 Y165.111
N2080 X142.273 Y165.26
N2082 X143.422 Y165.735
N2084 X144.029 Y165.957
N2086 X144.78 Y166.18
N2088 X145.543 Y166.397
N2090 X145.935 Y166.494
N2092 X147.19 Y166.705
N2094 X147.616 Y166.768
N2096 X148.056 Y166.816
N2098 X148.976 Y166.873
N2100 X149.443 Y166.895
N2102 X149.927 Y166.9
N2104 X150.752 Y166.864
N2106 X151.424 Y166.821
N2108 X151.38 Y166.424
N2110 X151.928 Y166.365
N2112 X153.09 Y166.18
N2114 X153.695 Y166.074
N2116 X155.148 Y165.652
N2118 X155.364 Y165.586
N2120 X155.784 Y165.44
N2122 X156.615 Y165.102
N2124 X157.478 Y164.723
N2126 X158.59 Y164.119
N2128 X159.386 Y163.631
N2130 X160.085 Y163.142
N2132 X160.526 Y162.814
N2134 X160.732 Y162.653
N2136 X161.305 Y162.164
N2138 X161.844 Y161.676
N2140 X162.336 Y161.187
N2142 X162.969 Y160.499
N2144 X163.457 Y159.927
N2146 X163.946 Y159.277
N2148 X164.435 Y158.583
N2150 X164.932 Y157.766
N2152 X165.468 Y156.788
N2154 X165.527 Y156.674
N2156 X165.901 Y155.817
N2158 X166.24 Y154.982
N2160 X166.389 Y154.545
N2162 X166.683 Y153.562
N2164 X166.878 Y152.846
N2166 X167.08 Y151.698
N2168 X167.165 Y151.125
N2170 X167.226 Y150.434
N2172 X167.286 Y149.457
N2174 X167.302 Y148.968
N2176 X167.288 Y148.479
N2178 X167.234 Y147.502
N2180 X167.187 Y147.013
N2182 X167.088 Y146.314
N2184 X166.964 Y145.543
N2186 X166.87 Y145.066
N2188 X166.46 Y143.592
N2190 X166.389 Y143.365
N2192 X166.18 Y142.823
N2194 X165.901 Y142.126
N2196 X165.69 Y141.637
N2198 X165.412 Y141.069
N2200 X164.927 Y140.171
N2202 X164.562 Y139.554
N2204 X163.758 Y138.404
N2206 X163.55 Y138.123
N2208 X162.769 Y137.219
N2210 X160.812 Y134.997
N2212 X160.588 Y134.732
N2214 X159.207 Y132.839
N2216 X158.898 Y132.351
N2218 X158.409 Y131.535
N2220 X158.03 Y130.884
N2222 X157.769 Y130.396
N2224 X157.525 Y129.907 Z7.519
N2226 X157.105 Y128.997 Z7.503
N2228 X156.87 Y128.441 Z7.488
N2230 X156.616 Y127.807 Z7.46
N2232 X156.316 Y126.974 Z7.414
N2234 X156.128 Y126.421 Z7.377
N2236 X155.914 Y125.721 Z7.323
N2238 X155.717 Y125.019 Z7.261
N2240 X155.604 Y124.565 Z7.217
N2242 X155.438 Y123.841 Z7.14
N2244 X155.281 Y123.064 Z7.051
N2246 X155.194 Y122.596 Z6.992
N2248 X155.037 Y121.485 Z6.843
N2250 X154.945 Y120.621 Z6.718
N2252 X154.89 Y119.904 Z6.607
N2254 X154.846 Y118.97 Z6.456
N2256 X154.828 Y118.01 Z6.293
N2258 X154.825 Y116.222 Z5.969
N2260 Y113.778 Z5.497
N2262 Y111.09 Z4.946
N2264 Y104.858 Z3.637
N2266 Y102.7 Z3.192
N2268 Y100.582 Z2.774
N2270 Y98.627 Z2.406
N2272 Y96.672 Z2.062
N2274 Y95.206 Z1.819
N2276 Y93.739 Z1.594
N2278 X154.828 Y92.106 Z1.365
N2280 X154.848 Y91.109 Z1.235
N2282 X154.887 Y90.318 Z1.139
N2284 X154.941 Y89.62 Z1.061
N2286 X155.024 Y88.852 Z0.979
N2288 X155.085 Y88.363 Z0.931
N2290 X155.156 Y87.882 Z0.884
N2292 X155.262 Y87.273 Z0.831
N2294 X155.44 Y86.408 Z0.76
N2296 X155.682 Y85.387 Z0.69
N2298 X155.954 Y84.453 Z0.636
N2300 X156.128 Y83.898 Z0.607
N2302 X156.497 Y82.867 Z0.566
N2304 X156.651 Y82.464 Z0.553
N2306 X157.049 Y81.521 Z0.532
N2308 X157.377 Y80.816 Z0.523
N2310 X157.69 Y80.184 Z0.52
N2312 X158.026 Y79.566
N2314 X158.655 Y78.504
N2316 X159.06 Y77.844
N2318 X159.548 Y77.137
N2320 X160.526 Y75.808
N2322 X161.06 Y75.167
N2324 X162.969 Y72.999
N2326 X163.457 Y72.428
N2328 X163.609 Y72.234
N2330 X163.97 Y71.746
N2332 X164.435 Y71.074
N2334 X164.923 Y70.282
N2336 X165.501 Y69.213
N2338 X165.9 Y68.324
N2340 X166.227 Y67.509
N2342 X166.389 Y67.065
N2344 X166.488 Y66.76
N2346 X166.878 Y65.362
N2348 X166.981 Y64.8
N2350 X167.162 Y63.641
N2352 X167.224 Y63.091
N2354 X167.284 Y62.054
N2356 X167.302 Y61.482
N2358 X167.287 Y60.993
N2360 X167.203 Y59.691
N2362 X167.156 Y59.249
N2364 X167.048 Y58.549
N2366 X166.963 Y58.061
N2368 X166.87 Y57.58
N2370 X166.661 Y56.812
N2372 X166.389 Y55.891
N2374 X166.294 Y55.617
N2376 X166.058 Y55.011
N2378 X165.696 Y54.151
N2380 X165.473 Y53.662
N2382 X164.753 Y52.367
N2384 X164.571 Y52.059
N2386 X163.759 Y50.916
N2388 X163.552 Y50.635
N2390 X163.23 Y50.241
N2392 X162.351 Y49.263
N2394 X162.184 Y49.087
N2396 X161.855 Y48.774
N2398 X161.014 Y48.029
N2400 X160.621 Y47.701
N2402 X160.085 Y47.308
N2404 X159.196 Y46.683
N2406 X158.593 Y46.331
N2408 X157.594 Y45.785
N2410 X156.964 Y45.494
N2412 X155.925 Y45.067
N2414 X155.572 Y44.931
N2416 X155.381 Y44.864
N2418 X154.065 Y44.484
N2420 X153.668 Y44.376
N2422 X153.196 Y44.288
N2424 X152.008 Y44.097
N2426 X151.573 Y44.043
N2428 X151.12 Y44.007
N2430 X150.192 Y43.958
N2432 X149.714 Y43.948
N2434 X149.208 Y43.965
N2436 X148.17 Y44.026
N2438 X147.622 Y44.085
N2440 X146.354 Y44.286
N2442 X145.866 Y44.373
N2444 X144.402 Y44.798
N2446 X144.186 Y44.864
N2448 X143.765 Y45.01
N2450 X142.935 Y45.348
N2452 X142.071 Y45.727
N2454 X140.96 Y46.331
N2456 X140.164 Y46.819
N2458 X139.466 Y47.308
N2460 X139.024 Y47.636
N2462 X138.818 Y47.797
N2464 X138.246 Y48.286
N2466 X137.707 Y48.774
N2468 X137.213 Y49.263
N2470 X136.759 Y49.752
N2472 X136.328 Y50.241
N2474 X136.092 Y50.523
N2476 X135.604 Y51.173
N2478 X135.115 Y51.867
N2480 X134.618 Y52.683
N2482 X134.082 Y53.662
N2484 X134.024 Y53.776
N2486 X133.649 Y54.634
N2488 X133.31 Y55.467
N2490 X133.16 Y55.905
N2492 X132.866 Y56.888
N2494 X132.672 Y57.605
N2496 X132.467 Y58.754
N2498 X132.383 Y59.327
N2500 X132.324 Y60.016
N2502 X132.264 Y60.993
N2504 X132.248 Y61.482
N2506 X132.262 Y61.971
N2508 X132.316 Y62.948
N2510 X132.363 Y63.437
N2512 X132.462 Y64.135
N2514 X132.586 Y64.903
N2516 X132.68 Y65.383
N2518 X133.09 Y66.858
N2520 X133.16 Y67.084
N2522 X133.37 Y67.626
N2524 X133.649 Y68.323
N2526 X133.86 Y68.813
N2528 X134.138 Y69.381
N2530 X134.623 Y70.279
N2532 X134.988 Y70.895
N2534 X135.792 Y72.046
N2536 X136.001 Y72.326
N2538 X137.07 Y73.558
N2540 X138.738 Y75.453
N2542 X138.962 Y75.718
N2544 X140.343 Y77.611
N2546 X140.49 Y77.838
N2548 X141.306 Y79.19
N2550 X141.524 Y79.566
N2552 X141.849 Y80.162
N2554 X142.12 Y80.707 Z0.523
N2556 X142.484 Y81.482 Z0.531
N2558 X142.934 Y82.552 Z0.556
N2560 X143.316 Y83.582 Z0.594
N2562 X143.439 Y83.948 Z0.609
N2564 X143.669 Y84.695 Z0.648
N2566 X143.769 Y85.04 Z0.668
N2568 X143.911 Y85.568 Z0.702
N2570 X144.024 Y86.032 Z0.734
N2572 X144.211 Y86.897 Z0.799
N2574 X144.309 Y87.386 Z0.84
N2576 X144.395 Y87.879 Z0.884
N2578 X144.527 Y88.852 Z0.979
N2580 X144.609 Y89.62 Z1.061
N2582 X144.664 Y90.318 Z1.139
N2584 X144.699 Y90.996 Z1.221
N2586 X144.718 Y91.784 Z1.321
N2588 X144.725 Y93.739 Z1.594
N2590 Y95.572 Z1.879
N2592 Y97.161 Z2.145
N2594 Y98.993 Z2.474
N2596 Y100.948 Z2.845
N2598 Y103.27 Z3.309
N2600 Y105.958 Z3.867
N2602 Y112.312 Z5.198
N2604 Y114.756 Z5.689
N2606 X144.724 Y116.711 Z6.06
N2608 X144.718 Y118.347 Z6.351
N2610 X144.698 Y119.154 Z6.487
N2612 X144.664 Y119.867 Z6.601
N2614 X144.606 Y120.621 Z6.718
N2616 X144.555 Y121.109 Z6.789
N2618 X144.438 Y122.049 Z6.92
N2620 X144.358 Y122.571 Z6.989
N2622 X144.238 Y123.226 Z7.069
N2624 X144.065 Y124.042 Z7.162
N2626 X143.911 Y124.703 Z7.23
N2628 X143.744 Y125.341 Z7.291
N2630 X143.554 Y125.997 Z7.345
N2632 X143.394 Y126.514 Z7.383
N2634 X143.06 Y127.463 Z7.443
N2636 X142.878 Y127.951 Z7.468
N2638 X142.681 Y128.441 Z7.486
N2640 X142.445 Y129.002 Z7.503
N2642 X142.258 Y129.418 Z7.513
N2644 X141.956 Y130.053 Z7.519
N2646 X141.783 Y130.396 Z7.52
N2648 X141.52 Y130.884
N2650 X140.898 Y131.942
N2652 X140.49 Y132.607
N2654 X140.002 Y133.313
N2656 X139.024 Y134.642
N2658 X138.489 Y135.283
N2660 X136.581 Y137.448
N2662 X136.092 Y138.019
N2664 X135.939 Y138.216
N2666 X135.523 Y138.785
N2668 X135.115 Y139.376
N2670 X134.626 Y140.167
N2672 X134.05 Y141.236
N2674 X133.65 Y142.126
N2676 X133.323 Y142.94
N2678 X133.16 Y143.386
N2680 X133.063 Y143.69
N2682 X132.672 Y145.089
N2684 X132.569 Y145.65
N2686 X132.388 Y146.808
N2688 X132.326 Y147.358
N2690 X132.266 Y148.396
N2692 X132.248 Y148.968
N2694 X132.263 Y149.457
N2696 X132.347 Y150.759
N2698 X132.396 Y151.199
N2700 X132.528 Y152.045
N2702 X132.672 Y152.834
N2704 X132.812 Y153.367
N2706 X133.16 Y154.558
N2708 X133.256 Y154.833
N2710 X133.492 Y155.439
N2712 X133.854 Y156.299
N2714 X134.077 Y156.788
N2716 X134.797 Y158.083
N2718 X134.978 Y158.391
N2720 X135.79 Y159.534
N2722 X135.998 Y159.815
N2724 X136.32 Y160.209
N2726 X137.199 Y161.187
N2728 X137.365 Y161.363
N2730 X137.695 Y161.676
N2732 X138.536 Y162.422
N2734 X138.928 Y162.749
N2736 X139.465 Y163.142
N2738 X140.354 Y163.767
N2740 X140.957 Y164.119
N2742 X141.956 Y164.665
N2744 X142.586 Y164.955
N2746 X143.624 Y165.383
N2748 X143.977 Y165.519
N2750 X144.169 Y165.586
N2752 X145.485 Y165.966
N2754 X145.881 Y166.074
N2756 X146.354 Y166.163
N2758 X147.542 Y166.353
N2760 X147.976 Y166.407
N2762 X148.429 Y166.443
N2764 X149.357 Y166.492
N2766 X149.836 Y166.502
N2768 X150.342 Y166.485
N2770 X151.38 Y166.424
N2772 X151.339 Y166.026
N2774 X151.829 Y165.975
N2776 X152.991 Y165.79
N2778 X153.587 Y165.683
N2780 X154.173 Y165.52
N2782 X154.955 Y165.292
N2784 X155.563 Y165.097
N2786 X156.755 Y164.608
N2788 X157.402 Y164.311
N2790 X158.082 Y163.942
N2792 X158.636 Y163.631
N2794 X159.388 Y163.142
N2796 X160.079 Y162.653
N2798 X160.693 Y162.164
N2800 X161.251 Y161.676
N2802 X161.771 Y161.187
N2804 X161.992 Y160.966
N2806 X162.48 Y160.444
N2808 X162.969 Y159.889
N2810 X163.486 Y159.232
N2812 X163.946 Y158.584
N2814 X164.435 Y157.83
N2816 X165.014 Y156.788
N2818 X165.115 Y156.596
N2820 X165.412 Y155.944
N2822 X165.87 Y154.833
N2824 X166.091 Y154.154
N2826 X166.389 Y153.13
N2828 X166.478 Y152.789
N2830 X166.64 Y151.901
N2832 X166.719 Y151.412
N2834 X166.785 Y150.923
N2836 X166.825 Y150.434
N2838 X166.887 Y149.459
N2840 X166.905 Y148.968
N2842 X166.888 Y148.481
N2844 X166.834 Y147.502
N2846 X166.786 Y147.013
N2848 X166.671 Y146.242
N2850 X166.532 Y145.415
N2852 X166.454 Y145.059
N2854 X166.12 Y143.862
N2856 X166.006 Y143.487
N2858 X165.873 Y143.131
N2860 X165.412 Y141.993
N2862 X165.249 Y141.637
N2864 X164.974 Y141.098
N2866 X164.435 Y140.114
N2868 X164.075 Y139.553
N2870 X163.457 Y138.67
N2872 X163.069 Y138.174
N2874 X161.73 Y136.644
N2876 X160.526 Y135.283
N2878 X160.093 Y134.738
N2880 X159.064 Y133.328
N2882 X158.669 Y132.742
N2884 X157.951 Y131.544
N2886 X157.579 Y130.899
N2888 X157.321 Y130.396
N2890 X157.057 Y129.859 Z7.518
N2892 X156.788 Y129.27 Z7.509
N2894 X156.489 Y128.568 Z7.491
N2896 X156.232 Y127.921 Z7.465
N2898 X155.953 Y127.149 Z7.424
N2900 X155.729 Y126.486 Z7.382
N2902 X155.552 Y125.91 Z7.339
N2904 X155.306 Y125.019 Z7.261
N2906 X155.15 Y124.382 Z7.198
N2908 X155.051 Y123.942 Z7.151
N2910 X154.875 Y123.064 Z7.051
N2912 X154.789 Y122.576 Z6.989
N2914 X154.647 Y121.598 Z6.859
N2916 X154.582 Y121.03 Z6.778
N2918 X154.531 Y120.49 Z6.698
N2920 X154.475 Y119.643 Z6.566
N2922 X154.444 Y118.937 Z6.451
N2924 X154.428 Y117.922 Z6.277
N2926 X154.425 Y116.222 Z5.969
N2928 Y113.778 Z5.497
N2930 Y111.082 Z4.944
N2932 Y104.669 Z3.598
N2934 Y102.359 Z3.125
N2936 Y100.215 Z2.704
N2938 Y98.627 Z2.406
N2940 Y96.672 Z2.062
N2942 Y95.206 Z1.819
N2944 Y93.739 Z1.594
N2946 X154.429 Y92.016 Z1.353
N2948 X154.451 Y91.017 Z1.224
N2950 X154.485 Y90.318 Z1.139
N2952 X154.532 Y89.7 Z1.07
N2954 X154.615 Y88.899 Z0.984
N2956 X154.68 Y88.366 Z0.931
N2958 X154.837 Y87.386 Z0.84
N2960 X154.997 Y86.561 Z0.773
N2962 X155.15 Y85.879 Z0.723
N2964 X155.297 Y85.283 Z0.684
N2966 X155.536 Y84.453 Z0.636
N2968 X155.71 Y83.894 Z0.607
N2970 X156.025 Y82.987 Z0.57
N2972 X156.209 Y82.498 Z0.554
N2974 X156.468 Y81.861 Z0.539
N2976 X156.612 Y81.521 Z0.533
N2978 X156.92 Y80.847 Z0.524
N2980 X157.23 Y80.206 Z0.52
N2982 X157.594 Y79.519
N2984 X158.221 Y78.449
N2986 X158.571 Y77.874
N2988 X159.06 Y77.13
N2990 X160.037 Y75.793
N2992 X160.565 Y75.128
N2994 X162.678 Y72.723
N2996 X163.094 Y72.234
N2998 X163.482 Y71.746
N3000 X163.946 Y71.078
N3002 X164.463 Y70.279
N3004 X165.087 Y69.138
N3006 X165.465 Y68.324
N3008 X165.901 Y67.245
N3010 X166.098 Y66.661
N3012 X166.478 Y65.304
N3014 X166.591 Y64.701
N3016 X166.773 Y63.542
N3018 X166.835 Y62.948
N3020 X166.888 Y61.973
N3022 X166.905 Y61.482
N3024 X166.888 Y60.995
N3026 X166.796 Y59.609
N3028 X166.723 Y59.038
N3030 X166.532 Y57.93
N3032 X166.455 Y57.573
N3034 X166.338 Y57.135
N3036 X166.004 Y56.003
N3038 X165.878 Y55.64
N3040 X165.597 Y54.944
N3042 X165.306 Y54.257
N3044 X165.008 Y53.642
N3046 X164.435 Y52.614
N3048 X164.176 Y52.196
N3050 X163.785 Y51.638
N3052 X163.457 Y51.179
N3054 X163.051 Y50.647
N3056 X162.475 Y49.996
N3058 X161.992 Y49.467
N3060 X161.644 Y49.122
N3062 X160.633 Y48.229
N3064 X160.068 Y47.786
N3066 X159.06 Y47.079
N3068 X158.612 Y46.801
N3070 X157.594 Y46.239
N3072 X157. Y45.946
N3074 X156.128 Y45.579
N3076 X155.563 Y45.353
N3078 X155.258 Y45.245
N3080 X153.946 Y44.864
N3082 X153.684 Y44.796
N3084 X153.341 Y44.72
N3086 X152.082 Y44.512
N3088 X151.653 Y44.452
N3090 X151.204 Y44.412
N3092 X150.281 Y44.362
N3094 X149.804 Y44.347
N3096 X149.304 Y44.36
N3098 X148.266 Y44.418
N3100 X147.721 Y44.475
N3102 X146.561 Y44.657
N3104 X145.963 Y44.766
N3106 X145.247 Y44.968
N3108 X144.4 Y45.22
N3110 X143.988 Y45.353
N3112 X142.795 Y45.842
N3114 X142.148 Y46.139
N3116 X141.468 Y46.508
N3118 X140.914 Y46.819
N3120 X140.162 Y47.308
N3122 X139.471 Y47.797
N3124 X138.857 Y48.286
N3126 X138.3 Y48.774
N3128 X137.778 Y49.263
N3130 X137.558 Y49.484
N3132 X137.07 Y50.005
N3134 X136.581 Y50.56
N3136 X136.064 Y51.218
N3138 X135.604 Y51.866
N3140 X135.115 Y52.62
N3142 X134.536 Y53.662
N3144 X134.435 Y53.853
N3146 X134.138 Y54.506
N3148 X133.68 Y55.617
N3150 X133.459 Y56.296
N3152 X133.16 Y57.32
N3154 X133.072 Y57.66
N3156 X132.908 Y58.549
N3158 X132.828 Y59.038
N3160 X132.764 Y59.527
N3162 X132.728 Y59.959
N3164 X132.662 Y60.991
N3166 X132.645 Y61.482
N3168 X132.662 Y61.969
N3170 X132.716 Y62.948
N3172 X132.764 Y63.437
N3174 X132.879 Y64.207
N3176 X133.018 Y65.034
N3178 X133.096 Y65.391
N3180 X133.43 Y66.588
N3182 X133.544 Y66.963
N3184 X133.677 Y67.319
N3186 X134.138 Y68.456
N3188 X134.301 Y68.813
N3190 X134.626 Y69.445
N3192 X135.115 Y70.335
N3194 X135.475 Y70.897
N3196 X136.092 Y71.78
N3198 X136.51 Y72.306
N3200 X137.514 Y73.456
N3202 X139.024 Y75.167
N3204 X139.457 Y75.711
N3206 X140.486 Y77.122
N3208 X140.881 Y77.709
N3210 X141.784 Y79.214
N3212 X141.974 Y79.548
N3214 X142.445 Y80.461 Z0.521
N3216 X142.773 Y81.151 Z0.527
N3218 X142.934 Y81.511 Z0.532
N3220 X143.341 Y82.498 Z0.554
N3222 X143.585 Y83.15 Z0.576
N3224 X143.75 Y83.614 Z0.595
N3226 X143.99 Y84.374 Z0.631
N3228 X144.208 Y85.133 Z0.674
N3230 X144.296 Y85.46 Z0.694
N3232 X144.407 Y85.912 Z0.726
N3234 X144.62 Y86.897 Z0.799
N3236 X144.78 Y87.766 Z0.874
N3238 X144.888 Y88.509 Z0.945
N3240 X144.984 Y89.341 Z1.03
N3242 X145.042 Y89.983 Z1.101
N3244 X145.091 Y90.807 Z1.198
N3246 X145.115 Y91.557 Z1.292
N3248 X145.124 Y92.888 Z1.473
N3250 X145.125 Y94.228 Z1.668
N3252 Y95.572 Z1.879
N3254 Y97.161 Z2.145
N3256 Y98.993 Z2.474
N3258 Y100.948 Z2.845
N3260 Y103.27 Z3.309
N3262 Y105.869 Z3.848
N3264 Y112.253 Z5.186
N3266 Y114.756 Z5.689
N3268 X145.124 Y116.711 Z6.06
N3270 X145.117 Y118.406 Z6.361
N3272 X145.099 Y119.154 Z6.487
N3274 X145.047 Y120.132 Z6.643
N3276 X145.008 Y120.621 Z6.718
N3278 X144.959 Y121.109 Z6.789
N3280 X144.827 Y122.148 Z6.933
N3282 X144.674 Y123.064 Z7.051
N3284 X144.477 Y124.042 Z7.163
N3286 X144.243 Y125.019 Z7.261
N3288 X143.998 Y125.91 Z7.338
N3290 X143.821 Y126.486 Z7.382
N3292 X143.598 Y127.15 Z7.424
N3294 X143.422 Y127.641 Z7.452
N3296 X143.061 Y128.568 Z7.49
N3298 X142.894 Y128.969 Z7.503
N3300 X142.462 Y129.924 Z7.518
N3302 X142.231 Y130.396 Z7.52
N3304 X141.956 Y130.923
N3306 X141.33 Y131.999
N3308 X140.979 Y132.578
N3310 X140.49 Y133.321
N3312 X139.513 Y134.657
N3314 X138.986 Y135.321
N3316 X136.869 Y137.727
N3318 X136.454 Y138.216
N3320 X136.068 Y138.704
N3322 X135.604 Y139.372
N3324 X135.086 Y140.171
N3326 X134.464 Y141.31
N3328 X134.085 Y142.125
N3330 X133.649 Y143.206
N3332 X133.452 Y143.789
N3334 X133.072 Y145.146
N3336 X132.959 Y145.748
N3338 X132.777 Y146.907
N3340 X132.715 Y147.502
N3342 X132.662 Y148.477
N3344 X132.645 Y148.968
N3346 X132.662 Y149.455
N3348 X132.754 Y150.84
N3350 X132.83 Y151.412
N3352 X133.018 Y152.519
N3354 X133.094 Y152.877
N3356 X133.212 Y153.315
N3358 X133.546 Y154.447
N3360 X133.672 Y154.81
N3362 X133.953 Y155.506
N3364 X134.244 Y156.193
N3366 X134.542 Y156.808
N3368 X135.115 Y157.835
N3370 X135.445 Y158.363
N3372 X136.092 Y159.272
N3374 X136.499 Y159.803
N3376 X137.074 Y160.454
N3378 X137.558 Y160.983
N3380 X137.906 Y161.328
N3382 X138.943 Y162.245
N3384 X139.482 Y162.664
N3386 X140.49 Y163.371
N3388 X140.938 Y163.649
N3390 X141.956 Y164.211
N3392 X142.549 Y164.503
N3394 X143.422 Y164.871
N3396 X143.986 Y165.097
N3398 X144.292 Y165.205
N3400 X145.81 Y165.641
N3402 X146.209 Y165.73
N3404 X147.468 Y165.938
N3406 X147.897 Y165.998
N3408 X148.345 Y166.038
N3410 X149.269 Y166.088
N3412 X149.746 Y166.103
N3414 X150.246 Y166.09
N3416 X151.339 Y166.026
N3418 X151.302 Y165.627
N3420 X151.73 Y165.587
N3422 X152.891 Y165.401
N3424 X153.489 Y165.292
N3426 X154.164 Y165.106
N3428 X154.855 Y164.904
N3430 X155.634 Y164.64
N3432 X156.616 Y164.231
N3434 X156.872 Y164.119
N3436 X157.325 Y163.899
N3438 X158.082 Y163.484
N3440 X158.416 Y163.296
N3442 X158.666 Y163.142
N3444 X159.388 Y162.653
N3446 X159.958 Y162.243
N3448 X160.648 Y161.676
N3450 X161.192 Y161.187
N3452 X161.503 Y160.889
N3454 X161.992 Y160.384
N3456 X162.48 Y159.843
N3458 X163.037 Y159.164
N3460 X163.457 Y158.582
N3462 X163.946 Y157.861
N3464 X164.099 Y157.613
N3466 X164.558 Y156.788
N3468 X164.704 Y156.519
N3470 X164.923 Y156.062
N3472 X165.264 Y155.26
N3474 X165.457 Y154.788
N3476 X165.703 Y154.053
N3478 X165.907 Y153.368
N3480 X166.087 Y152.692
N3482 X166.235 Y151.901
N3484 X166.315 Y151.412
N3486 X166.389 Y150.899
N3488 X166.456 Y149.949
N3490 X166.489 Y149.357
N3492 X166.498 Y148.859
N3494 X166.485 Y148.442
N3496 X166.434 Y147.506
N3498 X166.389 Y147.05
N3500 X166.232 Y146.036
N3502 X166.145 Y145.547
N3504 X166.01 Y144.949
N3506 X165.766 Y144.081
N3508 X165.572 Y143.464
N3510 X165.144 Y142.394
N3512 X165. Y142.049
N3514 X164.844 Y141.716
N3516 X164.335 Y140.759
N3518 X163.946 Y140.077
N3520 X163.335 Y139.193
N3522 X162.969 Y138.678
N3524 X162.33 Y137.932
N3526 X160.245 Y135.564
N3528 X160.005 Y135.283
N3530 X159.31 Y134.344
N3532 X158.572 Y133.328
N3534 X158.216 Y132.769
N3536 X157.464 Y131.502
N3538 X157.291 Y131.202
N3540 X157.113 Y130.876
N3542 X156.795 Y130.236
N3544 X156.639 Y129.908 Z7.519
N3546 X156.264 Y129.066 Z7.505
N3548 X156.006 Y128.441 Z7.487
N3550 X155.783 Y127.86 Z7.462
N3552 X155.639 Y127.465 Z7.442
N3554 X155.385 Y126.721 Z7.397
N3556 X155.165 Y126.012 Z7.347
N3558 X154.974 Y125.332 Z7.29
N3560 X154.767 Y124.499 Z7.21
N3562 X154.662 Y124.042 Z7.163
N3564 X154.468 Y123.064 Z7.051
N3566 X154.385 Y122.576 Z6.989
N3568 X154.245 Y121.6 Z6.859
N3570 X154.173 Y120.965 Z6.768
N3572 X154.137 Y120.585 Z6.712
N3574 X154.074 Y119.643 Z6.566
N3576 X154.047 Y119.028 Z6.466
N3578 X154.03 Y118.177 Z6.323
N3580 X154.025 Y116.711 Z6.06
N3582 Y114.878 Z5.712
N3584 Y113.289 Z5.398
N3586 Y110.994 Z4.926
N3588 Y104.906 Z3.647
N3590 Y102.537 Z3.16
N3592 Y100.215 Z2.704
N3594 Y98.627 Z2.406
N3596 Y96.672 Z2.062
N3598 Y95.206 Z1.819
N3600 Y93.739 Z1.594
N3602 X154.03 Y91.927 Z1.34
N3604 X154.054 Y90.926 Z1.213
N3606 X154.089 Y90.234 Z1.13
N3608 X154.123 Y89.779 Z1.078
N3610 X154.173 Y89.243 Z1.02
N3612 X154.224 Y88.801 Z0.974
N3614 X154.35 Y87.874 Z0.884
N3616 X154.487 Y87.071 Z0.814
N3618 X154.662 Y86.22 Z0.747
N3620 X154.85 Y85.431 Z0.693
N3622 X154.98 Y84.942 Z0.662
N3624 X155.125 Y84.428 Z0.635
N3626 X155.323 Y83.792 Z0.603
N3628 X155.639 Y82.878 Z0.567
N3630 X155.87 Y82.267 Z0.548
N3632 X156.214 Y81.434 Z0.531
N3634 X156.616 Y80.549 Z0.521
N3636 X156.861 Y80.054 Z0.52
N3638 X157.124 Y79.546
N3640 X157.673 Y78.588
N3642 X158.082 Y77.907
N3644 X158.6 Y77.093
N3646 X159.283 Y76.144
N3648 X159.642 Y75.656
N3650 X159.934 Y75.27
N3652 X160.526 Y74.566
N3654 X162.48 Y72.341
N3656 X163.005 Y71.709
N3658 X163.457 Y71.08
N3660 X163.994 Y70.279
N3662 X164.073 Y70.152
N3664 X164.545 Y69.302
N3666 X164.674 Y69.063
N3668 X164.923 Y68.558
N3670 X165.108 Y68.139
N3672 X165.443 Y67.316
N3674 X165.709 Y66.561
N3676 X166.038 Y65.392
N3678 X166.087 Y65.206
N3680 X166.233 Y64.414
N3682 X166.389 Y63.405
N3684 X166.435 Y62.948
N3686 X166.49 Y61.87
N3688 X166.498 Y61.373
N3690 X166.481 Y60.902
N3692 X166.389 Y59.535
N3694 X166.319 Y59.038
N3696 X166.185 Y58.265
N3698 X166.104 Y57.858
N3700 X166.012 Y57.46
N3702 X165.763 Y56.594
N3704 X165.565 Y55.953
N3706 X165.412 Y55.547
N3708 X164.923 Y54.375
N3710 X164.817 Y54.151
N3712 X164.541 Y53.624
N3714 X163.946 Y52.571
N3716 X163.615 Y52.089
N3718 X162.969 Y51.19
N3720 X162.541 Y50.668
N3722 X161.711 Y49.752
N3724 X161.503 Y49.542
N3726 X161.13 Y49.2
N3728 X160.526 Y48.664
N3730 X160.037 Y48.26
N3732 X159.06 Y47.564
N3734 X158.614 Y47.265
N3736 X157.699 Y46.752
N3738 X157.034 Y46.402
N3740 X156.698 Y46.249
N3742 X155.671 Y45.825
N3744 X155.313 Y45.688
N3746 X154.662 Y45.488
N3748 X153.798 Y45.239
N3750 X153.196 Y45.106
N3752 X152.155 Y44.928
N3754 X151.731 Y44.863
N3756 X151.286 Y44.82
N3758 X150.264 Y44.763
N3760 X149.775 Y44.752
N3762 X149.286 Y44.764
N3764 X148.363 Y44.812
N3766 X147.82 Y44.863
N3768 X146.661 Y45.046
N3770 X146.061 Y45.158
N3772 X145.386 Y45.344
N3774 X144.695 Y45.547
N3776 X143.916 Y45.811
N3778 X142.934 Y46.219
N3780 X142.678 Y46.331
N3782 X142.225 Y46.551
N3784 X141.468 Y46.966
N3786 X141.133 Y47.154
N3788 X140.884 Y47.308
N3790 X140.163 Y47.797
N3792 X139.59 Y48.209
N3794 X138.903 Y48.774
N3796 X138.358 Y49.263
N3798 X138.047 Y49.561
N3800 X137.856 Y49.752
N3802 X137.396 Y50.241
N3804 X136.965 Y50.729
N3806 X136.514 Y51.285
N3808 X136.092 Y51.868
N3810 X135.604 Y52.589
N3812 X135.451 Y52.837
N3814 X134.992 Y53.662
N3816 X134.846 Y53.931
N3818 X134.626 Y54.388
N3820 X134.286 Y55.19
N3822 X134.093 Y55.661
N3824 X133.847 Y56.396
N3826 X133.643 Y57.082
N3828 X133.463 Y57.758
N3830 X133.314 Y58.549
N3832 X133.232 Y59.038
N3834 X133.16 Y59.54
N3836 X133.094 Y60.501
N3838 X133.061 Y61.093
N3840 X133.052 Y61.59
N3842 X133.065 Y62.008
N3844 X133.116 Y62.944
N3846 X133.16 Y63.399
N3848 X133.318 Y64.414
N3850 X133.405 Y64.903
N3852 X133.54 Y65.501
N3854 X133.784 Y66.369
N3856 X133.978 Y66.986
N3858 X134.406 Y68.056
N3860 X134.55 Y68.401
N3862 X134.706 Y68.733
N3864 X135.215 Y69.691
N3866 X135.604 Y70.372
N3868 X136.215 Y71.257
N3870 X136.581 Y71.77
N3872 X137.474 Y72.807
N3874 X139.305 Y74.886
N3876 X139.545 Y75.167
N3878 X140.24 Y76.106
N3880 X140.978 Y77.122
N3882 X141.357 Y77.721
N3884 X142.088 Y78.945
N3886 X142.438 Y79.565
N3888 X142.761 Y80.198 Z0.521
N3890 X142.931 Y80.543 Z0.522
N3892 X143.238 Y81.212 Z0.528
N3894 X143.576 Y82.009 Z0.542
N3896 X143.768 Y82.498 Z0.554
N3898 X143.951 Y82.987 Z0.57
N3900 X144.228 Y83.793 Z0.603
N3902 X144.431 Y84.453 Z0.635
N3904 X144.638 Y85.193 Z0.678
N3906 X144.818 Y85.918 Z0.726
N3908 X145.029 Y86.897 Z0.799
N3910 X145.157 Y87.605 Z0.86
N3912 X145.223 Y88.028 Z0.898
N3914 X145.327 Y88.802 Z0.974
N3916 X145.387 Y89.331 Z1.029
N3918 X145.437 Y89.889 Z1.091
N3920 X145.492 Y90.807 Z1.198
N3922 X145.517 Y91.644 Z1.303
N3924 X145.525 Y93.251 Z1.524
N3926 Y95.206 Z1.818
N3928 Y97.161 Z2.145
N3930 Y98.993 Z2.474
N3932 Y100.948 Z2.845
N3934 Y103.196 Z3.293
N3936 Y105.958 Z3.867
N3938 Y112.275 Z5.191
N3940 Y114.756 Z5.689
N3942 X145.524 Y116.711 Z6.06
N3944 X145.516 Y118.526 Z6.382
N3946 X145.495 Y119.273 Z6.506
N3948 X145.444 Y120.199 Z6.654
N3950 X145.363 Y121.106 Z6.789
N3952 X145.238 Y122.087 Z6.925
N3954 X145.125 Y122.812 Z7.019
N3956 X144.986 Y123.553 Z7.107
N3958 X144.888 Y124.038 Z7.162
N3960 X144.654 Y125.019 Z7.261
N3962 X144.526 Y125.508 Z7.306
N3964 X144.39 Y125.995 Z7.345
N3966 X144.08 Y126.974 Z7.413
N3968 X143.913 Y127.463 Z7.443
N3970 X143.645 Y128.175 Z7.476
N3972 X143.344 Y128.929 Z7.502
N3974 X142.934 Y129.86 Z7.518
N3976 X142.676 Y130.396 Z7.52
N3978 X142.412 Y130.917
N3980 X141.956 Y131.723
N3982 X141.468 Y132.545
N3984 X140.951 Y133.356
N3986 X140.268 Y134.306
N3988 X139.908 Y134.794
N3990 X139.618 Y135.178
N3992 X139.024 Y135.883
N3994 X137.07 Y138.106
N3996 X136.539 Y138.747
N3998 X136.092 Y139.37
N4000 X135.555 Y140.171
N4002 X135.476 Y140.299
N4004 X135.005 Y141.148
N4006 X134.878 Y141.385
N4008 X134.626 Y141.893
N4010 X134.442 Y142.31
N4012 X134.108 Y143.133
N4014 X133.841 Y143.889
N4016 X133.512 Y145.058
N4018 X133.463 Y145.244
N4020 X133.317 Y146.036
N4022 X133.16 Y147.047
N4024 X133.115 Y147.502
N4026 X133.06 Y148.58
N4028 X133.052 Y149.076
N4030 X133.069 Y149.548
N4032 X133.16 Y150.904
N4034 X133.234 Y151.412
N4036 X133.366 Y152.184
N4038 X133.446 Y152.592
N4040 X133.537 Y152.99
N4042 X133.787 Y153.856
N4044 X133.985 Y154.496
N4046 X134.138 Y154.903
N4048 X134.626 Y156.074
N4050 X134.733 Y156.299
N4052 X135.009 Y156.825
N4054 X135.604 Y157.879
N4056 X135.955 Y158.391
N4058 X136.581 Y159.261
N4060 X137.008 Y159.782
N4062 X137.839 Y160.698
N4064 X138.047 Y160.907
N4066 X138.42 Y161.25
N4068 X139.024 Y161.786
N4070 X139.513 Y162.19
N4072 X140.642 Y162.99
N4074 X140.935 Y163.185
N4076 X141.956 Y163.755
N4078 X142.516 Y164.048
N4080 X142.852 Y164.201
N4082 X143.879 Y164.625
N4084 X144.236 Y164.761
N4086 X144.888 Y164.962
N4088 X145.752 Y165.211
N4090 X146.354 Y165.345
N4092 X147.395 Y165.522
N4094 X147.818 Y165.587
N4096 X148.264 Y165.631
N4098 X149.286 Y165.687
N4100 X149.775 Y165.698
N4102 X150.264 Y165.686
N4104 X151.187 Y165.638
N4106 X151.302 Y165.627
N4108 X151.241 Y165.229
N4110 X151.73 Y165.179
N4112 X152.206 Y165.109
N4114 X153.196 Y164.941
N4116 X153.389 Y164.903
N4118 X154.444 Y164.608
N4120 X154.753 Y164.517
N4122 X155.496 Y164.262
N4124 X156.326 Y163.921
N4126 X156.968 Y163.631
N4128 X157.249 Y163.486
N4130 X158.082 Y163.023
N4132 X158.365 Y162.859
N4134 X158.682 Y162.653
N4136 X159.382 Y162.164
N4138 X160.083 Y161.63
N4140 X160.597 Y161.187
N4142 X161.126 Y160.698
N4144 X161.607 Y160.209
N4146 X162.054 Y159.721
N4148 X162.472 Y159.232
N4150 X162.969 Y158.575
N4152 X163.531 Y157.766
N4154 X163.662 Y157.561
N4156 X164.102 Y156.788
N4158 X164.366 Y156.299
N4160 X164.435 Y156.162
N4162 X164.721 Y155.524
N4164 X165.062 Y154.694
N4166 X165.345 Y153.856
N4168 X165.522 Y153.257
N4170 X165.699 Y152.591
N4172 X165.829 Y151.901
N4174 X165.912 Y151.414
N4176 X165.983 Y150.924
N4178 X166.032 Y150.303
N4180 X166.091 Y149.267
N4182 X166.094 Y148.775
N4184 X166.06 Y147.991
N4186 X166.021 Y147.39
N4188 X165.98 Y147.014
N4190 X165.827 Y146.036
N4192 X165.736 Y145.547
N4194 X165.621 Y145.058
N4196 X165.35 Y144.081
N4198 X165.188 Y143.592
N4200 X164.923 Y142.913
N4202 X164.565 Y142.058
N4204 X164.353 Y141.637
N4206 X163.867 Y140.739
N4208 X163.52 Y140.158
N4210 X162.845 Y139.193
N4212 X162.475 Y138.71
N4214 X161.202 Y137.255
N4216 X159.894 Y135.772
N4218 X159.742 Y135.593
N4220 X159.521 Y135.31
N4222 X158.432 Y133.817
N4224 X158.089 Y133.321
N4226 X157.533 Y132.411
N4228 X156.993 Y131.485
N4230 X156.616 Y130.78
N4232 X156.198 Y129.907 Z7.519
N4234 X155.87 Y129.16 Z7.507
N4236 X155.575 Y128.441 Z7.487
N4238 X155.326 Y127.776 Z7.458
N4240 X155.048 Y126.974 Z7.414
N4242 X154.744 Y125.997 Z7.346
N4244 X154.587 Y125.434 Z7.299
N4246 X154.365 Y124.531 Z7.213
N4248 X154.173 Y123.652 Z7.119
N4250 X154.036 Y122.928 Z7.034
N4252 X153.909 Y122.087 Z6.925
N4254 X153.787 Y121.109 Z6.789
N4256 X153.739 Y120.621 Z6.718
N4258 X153.684 Y119.861 Z6.6
N4260 X153.649 Y119.119 Z6.481
N4262 X153.635 Y118.616 Z6.397
N4264 X153.625 Y117.258 Z6.16
N4266 Y115.304 Z5.796
N4268 Y113.304 Z5.401
N4270 Y110.905 Z4.907
N4272 Y104.522 Z3.567
N4274 Y102.185 Z3.09
N4276 Y100.23 Z2.707
N4278 Y98.26 Z2.341
N4280 Y96.672 Z2.062
N4282 Y94.776 Z1.752
N4284 Y93.251 Z1.524
N4286 X153.626 Y92.273 Z1.387
N4288 X153.641 Y91.296 Z1.258
N4290 X153.656 Y90.835 Z1.202
N4292 X153.684 Y90.282 Z1.135
N4294 X153.754 Y89.411 Z1.038
N4296 X153.833 Y88.703 Z0.964
N4298 X153.947 Y87.874 Z0.884
N4300 X154.025 Y87.386 Z0.84
N4302 X154.113 Y86.897 Z0.799
N4304 X154.21 Y86.413 Z0.761
N4306 X154.365 Y85.727 Z0.713
N4308 X154.562 Y84.942 Z0.662
N4310 X154.803 Y84.116 Z0.618
N4312 X155.007 Y83.476 Z0.589
N4314 X155.165 Y83.013 Z0.571
N4316 X155.479 Y82.169 Z0.546
N4318 X155.744 Y81.521 Z0.533
N4320 X156.128 Y80.649 Z0.522
N4322 X156.416 Y80.054 Z0.52
N4324 X156.714 Y79.467
N4326 X157.209 Y78.588
N4328 X157.594 Y77.942
N4330 X158.14 Y77.064
N4332 X158.571 Y76.445
N4334 X159.385 Y75.33
N4336 X159.548 Y75.118
N4338 X160.037 Y74.524
N4340 X161.259 Y73.129
N4342 X162.043 Y72.234
N4344 X162.48 Y71.718
N4346 X162.969 Y71.076
N4348 X163.518 Y70.279
N4350 X163.631 Y70.106
N4352 X163.946 Y69.562
N4354 X164.352 Y68.813
N4356 X164.435 Y68.65
N4358 X164.713 Y68.047
N4360 X165.049 Y67.221
N4362 X165.323 Y66.458
N4364 X165.623 Y65.392
N4366 X165.699 Y65.105
N4368 X165.828 Y64.414
N4370 X165.981 Y63.438
N4372 X166.04 Y62.809
N4374 X166.084 Y61.971
N4376 X166.095 Y61.482
N4378 X166.082 Y60.993
N4380 X166.015 Y59.903
N4382 X165.985 Y59.527
N4384 X165.915 Y59.04
N4386 X165.765 Y58.197
N4388 X165.678 Y57.795
N4390 X165.579 Y57.405
N4392 X165.346 Y56.594
N4394 X165.189 Y56.106
N4396 X165.009 Y55.617
N4398 X164.551 Y54.524
N4400 X164.37 Y54.151
N4402 X163.83 Y53.173
N4404 X163.509 Y52.633
N4406 X162.85 Y51.707
N4408 X162.48 Y51.213
N4410 X161.824 Y50.469
N4412 X161.503 Y50.115
N4414 X161.077 Y49.689
N4416 X160.282 Y48.986
N4418 X160.038 Y48.774
N4420 X159.482 Y48.352
N4422 X158.621 Y47.746
N4424 X158.009 Y47.381
N4426 X156.977 Y46.819
N4428 X156.734 Y46.702
N4430 X155.639 Y46.245
N4432 X155.15 Y46.061
N4434 X154.613 Y45.89
N4436 X153.684 Y45.628
N4438 X153.196 Y45.514
N4440 X152.707 Y45.424
N4442 X151.815 Y45.281
N4444 X151.241 Y45.221
N4446 X150.444 Y45.173
N4448 X149.972 Y45.156
N4450 X149.481 Y45.158
N4452 X148.798 Y45.189
N4454 X148.309 Y45.221
N4456 X147.82 Y45.271
N4458 X147.345 Y45.34
N4460 X146.761 Y45.435
N4462 X146.162 Y45.546
N4464 X145.106 Y45.842
N4466 X144.797 Y45.933
N4468 X144.053 Y46.189
N4470 X143.223 Y46.529
N4472 X142.582 Y46.819
N4474 X142.301 Y46.964
N4476 X141.468 Y47.427
N4478 X141.183 Y47.593
N4480 X140.869 Y47.797
N4482 X140.168 Y48.286
N4484 X139.465 Y48.823
N4486 X138.953 Y49.263
N4488 X138.424 Y49.752
N4490 X137.942 Y50.241
N4492 X137.495 Y50.729
N4494 X137.078 Y51.218
N4496 X136.581 Y51.875
N4498 X136.019 Y52.684
N4500 X135.888 Y52.889
N4502 X135.448 Y53.662
N4504 X135.185 Y54.151
N4506 X135.115 Y54.289
N4508 X134.829 Y54.925
N4510 X134.488 Y55.755
N4512 X134.205 Y56.594
N4514 X134.028 Y57.193
N4516 X133.851 Y57.858
N4518 X133.735 Y58.463
N4520 X133.636 Y59.035
N4522 X133.566 Y59.527
N4524 X133.485 Y60.668
N4526 X133.459 Y61.183
N4528 X133.456 Y61.675
N4530 X133.49 Y62.459
N4532 X133.529 Y63.059
N4534 X133.57 Y63.436
N4536 X133.723 Y64.414
N4538 X133.814 Y64.903
N4540 X133.929 Y65.392
N4542 X134.2 Y66.369
N4544 X134.362 Y66.858
N4546 X134.626 Y67.536
N4548 X134.984 Y68.391
N4550 X135.197 Y68.813
N4552 X135.683 Y69.711
N4554 X136.03 Y70.291
N4556 X136.706 Y71.257
N4558 X137.077 Y71.738
N4560 X137.934 Y72.723
N4562 X139.657 Y74.678
N4564 X139.808 Y74.856
N4566 X140.028 Y75.14
N4568 X141.118 Y76.633
N4570 X141.461 Y77.129
N4572 X142.18 Y78.314
N4574 X142.559 Y78.962
N4576 X142.934 Y79.65
N4578 X143.422 Y80.649 Z0.523
N4580 X143.806 Y81.521 Z0.532
N4582 X144.071 Y82.17 Z0.546
N4584 X144.4 Y83.049 Z0.573
N4586 X144.615 Y83.691 Z0.598
N4588 X144.888 Y84.589 Z0.643
N4590 X145.111 Y85.431 Z0.693
N4592 X145.333 Y86.392 Z0.76
N4594 X145.451 Y86.971 Z0.805
N4596 X145.557 Y87.565 Z0.856
N4598 X145.673 Y88.363 Z0.931
N4600 X145.746 Y88.946 Z0.989
N4602 X145.789 Y89.339 Z1.03
N4604 X145.833 Y89.826 Z1.083
N4606 X145.866 Y90.282 Z1.135
N4608 X145.893 Y90.78 Z1.195
N4610 X145.911 Y91.296 Z1.258
N4612 X145.923 Y92.216 Z1.38
N4614 X145.925 Y93.739 Z1.594
N4616 Y95.572 Z1.879
N4618 Y97.161 Z2.145
N4620 Y98.979 Z2.471
N4622 Y100.934 Z2.842
N4624 Y103.24 Z3.302
N4626 Y106.471 Z3.974
N4628 Y112.297 Z5.195
N4630 Y114.756 Z5.689
N4632 X145.924 Y116.711 Z6.06
N4634 X145.92 Y118.177 Z6.323
N4636 X145.901 Y119.154 Z6.487
N4638 X145.851 Y120.129 Z6.643
N4640 X145.807 Y120.68 Z6.727
N4642 X145.75 Y121.225 Z6.806
N4644 X145.641 Y122.087 Z6.925
N4646 X145.542 Y122.741 Z7.01
N4648 X145.377 Y123.653 Z7.119
N4650 X145.184 Y124.531 Z7.213
N4652 X144.942 Y125.508 Z7.306
N4654 X144.771 Y126.114 Z7.354
N4656 X144.477 Y127.052 Z7.418
N4658 X144.301 Y127.561 Z7.448
N4660 X143.973 Y128.441 Z7.487
N4662 X143.681 Y129.16 Z7.507
N4664 X143.35 Y129.907 Z7.518
N4666 X142.934 Y130.776 Z7.52
N4668 X142.821 Y130.997
N4670 X142.338 Y131.862
N4672 X141.956 Y132.509
N4674 X141.412 Y133.384
N4676 X140.979 Y134.005
N4678 X140.167 Y135.118
N4680 X140.002 Y135.332
N4682 X139.513 Y135.926
N4684 X138.291 Y137.32
N4686 X137.505 Y138.216
N4688 X137.07 Y138.729
N4690 X136.581 Y139.374
N4692 X136.032 Y140.171
N4694 X135.918 Y140.344
N4696 X135.604 Y140.888
N4698 X135.199 Y141.637
N4700 X135.115 Y141.801
N4702 X134.838 Y142.403
N4704 X134.501 Y143.228
N4706 X134.227 Y143.991
N4708 X133.927 Y145.058
N4710 X133.851 Y145.344
N4712 X133.722 Y146.036
N4714 X133.569 Y147.012
N4716 X133.51 Y147.641
N4718 X133.465 Y148.479
N4720 X133.455 Y148.968
N4722 X133.468 Y149.457
N4724 X133.535 Y150.544
N4726 X133.567 Y150.923
N4728 X133.639 Y151.41
N4730 X133.786 Y152.253
N4732 X133.872 Y152.655
N4734 X133.97 Y153.045
N4736 X134.204 Y153.856
N4738 X134.361 Y154.344
N4740 X134.541 Y154.833
N4742 X134.999 Y155.926
N4744 X135.18 Y156.299
N4746 X135.72 Y157.277
N4748 X136.041 Y157.817
N4750 X136.699 Y158.743
N4752 X137.07 Y159.237
N4754 X137.726 Y159.981
N4756 X138.047 Y160.334
N4758 X138.473 Y160.761
N4760 X139.51 Y161.676
N4762 X140.068 Y162.098
N4764 X140.928 Y162.703
N4766 X141.54 Y163.069
N4768 X142.573 Y163.631
N4770 X142.816 Y163.748
N4772 X143.911 Y164.205
N4774 X144.4 Y164.389
N4776 X144.937 Y164.559
N4778 X145.866 Y164.822
N4780 X146.354 Y164.937
N4782 X146.843 Y165.026
N4784 X147.734 Y165.17
N4786 X148.309 Y165.229
N4788 X149.106 Y165.277
N4790 X149.577 Y165.294
N4792 X150.068 Y165.292
N4794 X150.752 Y165.261
N4796 X151.241 Y165.229
N4798 X151.208 Y164.828
N4800 X151.54 Y164.798
N4802 X152.218 Y164.701
N4804 X153.196 Y164.536
N4806 X153.285 Y164.518
N4808 X154.305 Y164.231
N4810 X154.685 Y164.119
N4812 X155.401 Y163.868
N4814 X156.233 Y163.525
N4816 X157.105 Y163.109
N4818 X157.924 Y162.653
N4820 X158.326 Y162.409
N4822 X158.688 Y162.164
N4824 X159.368 Y161.676
N4826 X160.037 Y161.142
N4828 X160.355 Y160.869
N4830 X160.77 Y160.48
N4832 X161.051 Y160.209
N4834 X161.65 Y159.573
N4836 X161.992 Y159.178
N4838 X162.48 Y158.561
N4840 X163.049 Y157.766
N4842 X163.214 Y157.52
N4844 X163.457 Y157.118
N4846 X163.946 Y156.238
N4848 X164.372 Y155.322
N4850 X164.669 Y154.599
N4852 X164.928 Y153.857
N4854 X165.134 Y153.156
N4856 X165.313 Y152.488
N4858 X165.424 Y151.903
N4860 X165.522 Y151.302
N4862 X165.595 Y150.74
N4864 X165.654 Y149.946
N4866 X165.693 Y149.176
N4868 X165.691 Y148.689
N4870 X165.659 Y147.991
N4872 X165.606 Y147.308
N4874 X165.553 Y146.873
N4876 X165.412 Y145.977
N4878 X165.329 Y145.547
N4880 X165.208 Y145.058
N4882 X164.934 Y144.082
N4884 X164.761 Y143.592
N4886 X164.369 Y142.614
N4888 X164.084 Y141.987
N4890 X163.595 Y141.072
N4892 X163.359 Y140.659
N4894 X163.033 Y140.157
N4896 X162.405 Y139.268
N4898 X162.193 Y138.997
N4900 X161.085 Y137.727
N4902 X159.548 Y135.982
N4904 X159.247 Y135.609
N4906 X157.999 Y133.9
N4908 X157.611 Y133.311
N4910 X157.06 Y132.396
N4912 X156.616 Y131.632
N4914 X156.356 Y131.144
N4916 X156.128 Y130.692
N4918 X155.762 Y129.907 Z7.519
N4920 X155.475 Y129.254 Z7.509
N4922 X155.15 Y128.451 Z7.488
N4924 X154.793 Y127.463 Z7.442
N4926 X154.609 Y126.922 Z7.41
N4928 X154.306 Y125.919 Z7.339
N4930 X154.173 Y125.429 Z7.299
N4932 X154.037 Y124.884 Z7.247
N4934 X153.848 Y124.042 Z7.163
N4936 X153.684 Y123.231 Z7.07
N4938 X153.576 Y122.576 Z6.989
N4940 X153.441 Y121.598 Z6.859
N4942 X153.352 Y120.777 Z6.741
N4944 X153.296 Y120.076 Z6.634
N4946 X153.25 Y119.158 Z6.488
N4948 X153.236 Y118.709 Z6.413
N4950 X153.227 Y117.692 Z6.237
N4952 X153.225 Y115.737 Z5.879
N4954 Y113.323 Z5.405
N4956 Y110.85 Z4.895
N4958 Y104.51 Z3.564
N4960 Y102.196 Z3.092
N4962 Y100.241 Z2.709
N4964 Y98.286 Z2.345
N4966 Y96.705 Z2.067
N4968 Y95.21 Z1.819
N4970 Y93.284 Z1.529
N4972 X153.231 Y91.784 Z1.321
N4974 X153.256 Y90.811 Z1.199
N4976 X153.288 Y90.226 Z1.129
N4978 X153.361 Y89.341 Z1.03
N4980 X153.442 Y88.61 Z0.955
N4982 X153.541 Y87.874 Z0.884
N4984 X153.705 Y86.897 Z0.799
N4986 X153.911 Y85.919 Z0.725
N4988 X154.054 Y85.312 Z0.686
N4990 X154.173 Y84.845 Z0.657
N4992 X154.433 Y83.964 Z0.61
N4994 X154.585 Y83.476 Z0.589
N4996 X154.751 Y82.987 Z0.57
N4998 X155.088 Y82.072 Z0.543
N5000 X155.31 Y81.521 Z0.533
N5002 X155.639 Y80.758 Z0.523
N5004 X155.971 Y80.054 Z0.52
N5006 X156.304 Y79.389
N5008 X156.748 Y78.588
N5010 X157.105 Y77.979
N5012 X157.689 Y77.026
N5014 X158.082 Y76.445
N5016 X158.862 Y75.365
N5018 X159.06 Y75.1
N5020 X159.548 Y74.486
N5022 X160.221 Y73.701
N5024 X161.58 Y72.158
N5026 X161.992 Y71.677
N5028 X162.48 Y71.061
N5030 X163.036 Y70.279
N5032 X163.176 Y70.072
N5034 X163.457 Y69.611
N5036 X163.946 Y68.725
N5038 X164.317 Y67.954
N5040 X164.656 Y67.125
N5042 X164.937 Y66.356
N5044 X165.208 Y65.392
N5046 X165.313 Y65.002
N5048 X165.423 Y64.417
N5050 X165.572 Y63.437
N5052 X165.597 Y63.252
N5054 X165.644 Y62.716
N5056 X165.684 Y61.971
N5058 X165.693 Y61.689
N5060 X165.69 Y61.204
N5062 X165.639 Y60.278
N5064 X165.604 Y59.823
N5066 X165.557 Y59.382
N5068 X165.506 Y59.023
N5070 X165.412 Y58.481
N5072 X165.329 Y58.061
N5074 X165.21 Y57.572
N5076 X164.923 Y56.577
N5078 X164.764 Y56.106
N5080 X164.555 Y55.565
N5082 X164.161 Y54.639
N5084 X164.093 Y54.492
N5086 X163.927 Y54.17
N5088 X163.369 Y53.173
N5090 X163.043 Y52.665
N5092 X162.408 Y51.779
N5094 X161.959 Y51.218
N5096 X161.073 Y50.241
N5098 X160.548 Y49.752
N5100 X159.995 Y49.263
N5102 X159.478 Y48.845
N5104 X158.645 Y48.25
N5106 X158.028 Y47.851
N5108 X157.105 Y47.339
N5110 X156.764 Y47.16
N5112 X156.086 Y46.861
N5114 X155.391 Y46.579
N5116 X155.036 Y46.445
N5118 X154.695 Y46.331
N5120 X153.684 Y46.042
N5122 X153.131 Y45.907
N5124 X152.782 Y45.842
N5126 X151.874 Y45.697
N5128 X151.44 Y45.643
N5130 X150.752 Y45.59
N5132 X150.058 Y45.558
N5134 X149.572 Y45.556
N5136 X148.798 Y45.59
N5138 X148.309 Y45.625
N5140 X148.01 Y45.652
N5142 X147.332 Y45.748
N5144 X146.752 Y45.842
N5146 X146.265 Y45.931
N5148 X145.244 Y46.219
N5150 X144.865 Y46.331
N5152 X144.148 Y46.582
N5154 X143.317 Y46.925
N5156 X142.445 Y47.341
N5158 X141.626 Y47.797
N5160 X141.222 Y48.042
N5162 X140.862 Y48.286
N5164 X140.183 Y48.774
N5166 X139.513 Y49.308
N5168 X139.184 Y49.592
N5170 X138.536 Y50.203
N5172 X138.047 Y50.715
N5174 X137.886 Y50.89
N5176 X137.558 Y51.271
N5178 X137.07 Y51.889
N5180 X136.5 Y52.684
N5182 X136.336 Y52.929
N5184 X136.092 Y53.333
N5186 X135.604 Y54.212
N5188 X135.178 Y55.128
N5190 X134.881 Y55.851
N5192 X134.622 Y56.593
N5194 X134.415 Y57.294
N5196 X134.237 Y57.961
N5198 X134.126 Y58.547
N5200 X134.025 Y59.151
N5202 X133.954 Y59.71
N5204 X133.88 Y60.762
N5206 X133.857 Y61.274
N5208 X133.859 Y61.761
N5210 X133.891 Y62.459
N5212 X133.944 Y63.142
N5214 X133.997 Y63.577
N5216 X134.138 Y64.471
N5218 X134.221 Y64.903
N5220 X134.342 Y65.392
N5222 X134.616 Y66.368
N5224 X134.789 Y66.858
N5226 X135.181 Y67.836
N5228 X135.466 Y68.462
N5230 X135.955 Y69.378
N5232 X136.191 Y69.791
N5234 X136.517 Y70.293
N5236 X137.145 Y71.182
N5238 X137.358 Y71.45
N5240 X138.283 Y72.514
N5242 X140.002 Y74.467
N5244 X140.303 Y74.841
N5246 X141.55 Y76.55
N5248 X141.939 Y77.14
N5250 X142.672 Y78.36
N5252 X143.029 Y78.982
N5254 X143.422 Y79.731
N5256 X143.814 Y80.543 Z0.523
N5258 X144.142 Y81.29 Z0.529
N5260 X144.4 Y81.911 Z0.54
N5262 X144.802 Y82.987 Z0.57
N5264 X144.965 Y83.476 Z0.589
N5266 X145.178 Y84.163 Z0.62
N5268 X145.377 Y84.856 Z0.658
N5270 X145.523 Y85.431 Z0.693
N5272 X145.754 Y86.451 Z0.764
N5274 X145.866 Y87.012 Z0.809
N5276 X145.991 Y87.749 Z0.873
N5278 X146.108 Y88.61 Z0.955
N5280 X146.203 Y89.492 Z1.047
N5282 X146.268 Y90.312 Z1.138
N5284 X146.294 Y90.803 Z1.198
N5286 X146.312 Y91.291 Z1.258
N5288 X146.323 Y92.269 Z1.387
N5290 X146.325 Y93.706 Z1.589
N5292 Y95.568 Z1.878
N5294 Y97.127 Z2.139
N5296 Y98.967 Z2.469
N5298 Y100.922 Z2.84
N5300 Y103.251 Z3.305
N5302 Y106.438 Z3.967
N5304 Y112.311 Z5.198
N5306 Y114.722 Z5.683
N5308 X146.324 Y116.677 Z6.054
N5310 X146.321 Y118.173 Z6.322
N5312 X146.315 Y118.661 Z6.405
N5314 X146.302 Y119.15 Z6.487
N5316 X146.275 Y119.722 Z6.578
N5318 X146.212 Y120.621 Z6.718
N5320 X146.141 Y121.323 Z6.82
N5322 X146.044 Y122.087 Z6.925
N5324 X145.96 Y122.67 Z7.002
N5326 X145.866 Y123.224 Z7.069
N5328 X145.788 Y123.63 Z7.116
N5330 X145.594 Y124.531 Z7.212
N5332 X145.459 Y125.101 Z7.269
N5334 X145.349 Y125.536 Z7.308
N5336 X145.157 Y126.217 Z7.362
N5338 X144.888 Y127.084 Z7.42
N5340 X144.69 Y127.661 Z7.453
N5342 X144.402 Y128.441 Z7.487
N5344 X144.005 Y129.418 Z7.513
N5346 X143.674 Y130.158 Z7.519
N5348 X143.326 Y130.884 Z7.52
N5350 X143.07 Y131.373
N5352 X142.799 Y131.862
N5354 X142.445 Y132.47
N5356 X141.863 Y133.421
N5358 X141.468 Y134.006
N5360 X140.69 Y135.084
N5362 X140.49 Y135.351
N5364 X140.002 Y135.964
N5366 X139.328 Y136.749
N5368 X137.959 Y138.304
N5370 X137.558 Y138.77
N5372 X137.07 Y139.387
N5374 X136.514 Y140.171
N5376 X136.374 Y140.377
N5378 X136.092 Y140.838
N5380 X135.604 Y141.727
N5382 X135.234 Y142.495
N5384 X134.894 Y143.324
N5386 X134.613 Y144.094
N5388 X134.342 Y145.058
N5390 X134.237 Y145.448
N5392 X134.127 Y146.033
N5394 X133.978 Y147.013
N5396 X133.953 Y147.197
N5398 X133.906 Y147.734
N5400 X133.866 Y148.479
N5402 X133.856 Y148.761
N5404 X133.86 Y149.246
N5406 X133.911 Y150.172
N5408 X133.946 Y150.626
N5410 X133.995 Y151.066
N5412 X134.045 Y151.412
N5414 X134.138 Y151.963
N5416 X134.221 Y152.389
N5418 X134.34 Y152.878
N5420 X134.626 Y153.872
N5422 X134.786 Y154.344
N5424 X134.995 Y154.884
N5426 X135.389 Y155.811
N5428 X135.457 Y155.958
N5430 X135.623 Y156.28
N5432 X136.181 Y157.277
N5434 X136.529 Y157.817
N5436 X137.142 Y158.671
N5438 X137.59 Y159.232
N5440 X138.477 Y160.209
N5442 X139.003 Y160.698
N5444 X139.554 Y161.187
N5446 X140.072 Y161.605
N5448 X140.979 Y162.25
N5450 X141.522 Y162.599
N5452 X142.503 Y163.142
N5454 X142.786 Y163.289
N5456 X143.464 Y163.589
N5458 X144.159 Y163.871
N5460 X144.514 Y164.005
N5462 X144.856 Y164.119
N5464 X145.866 Y164.408
N5466 X146.419 Y164.543
N5468 X146.764 Y164.608
N5470 X147.675 Y164.753
N5472 X148.11 Y164.807
N5474 X148.798 Y164.86
N5476 X149.491 Y164.892
N5478 X149.977 Y164.894
N5480 X150.752 Y164.86
N5482 X151.208 Y164.828
N5484 X151.177 Y164.429
N5486 X151.444 Y164.405
N5488 X152.218 Y164.295
N5490 X153.18 Y164.135
N5492 X154.173 Y163.852
N5494 X154.662 Y163.704
N5496 X155.15 Y163.534
N5498 X155.304 Y163.477
N5500 X156.14 Y163.13
N5502 X157.103 Y162.654
N5504 X157.959 Y162.164
N5506 X158.302 Y161.944
N5508 X158.688 Y161.676
N5510 X159.343 Y161.187
N5512 X159.937 Y160.698
N5514 X160.526 Y160.159
N5516 X161.014 Y159.667
N5518 X161.503 Y159.129
N5520 X161.992 Y158.536
N5522 X162.48 Y157.882
N5524 X162.751 Y157.495
N5526 X162.969 Y157.154
N5528 X163.457 Y156.3
N5530 X163.946 Y155.301
N5532 X164.277 Y154.502
N5534 X164.435 Y154.067
N5536 X164.54 Y153.75
N5538 X164.796 Y152.878
N5540 X164.93 Y152.383
N5542 X165.098 Y151.412
N5544 X165.168 Y150.923
N5546 X165.201 Y150.646
N5548 X165.275 Y149.594
N5550 X165.296 Y149.084
N5552 X165.284 Y148.479
N5554 X165.238 Y147.676
N5556 X165.194 Y147.231
N5558 X165.095 Y146.524
N5560 X165.014 Y146.025
N5562 X164.923 Y145.56
N5564 X164.716 Y144.777
N5566 X164.512 Y144.081
N5568 X164.435 Y143.853
N5570 X164.096 Y143.001
N5572 X163.939 Y142.622
N5574 X163.631 Y141.983
N5576 X163.103 Y141.013
N5578 X162.888 Y140.659
N5580 X162.212 Y139.682
N5582 X161.992 Y139.387
N5584 X161.692 Y139.026
N5586 X159.915 Y137.007
N5588 X159.168 Y136.152
N5590 X158.87 Y135.772
N5592 X157.736 Y134.221
N5594 X157.46 Y133.817
N5596 X157.134 Y133.299
N5598 X156.57 Y132.351
N5600 X156.254 Y131.803
N5602 X156.023 Y131.373
N5604 X155.639 Y130.599
N5606 X155.269 Y129.788 Z7.517
N5608 X155.081 Y129.349 Z7.511
N5610 X154.84 Y128.755 Z7.497
N5612 X154.662 Y128.284 Z7.481
N5614 X154.371 Y127.463 Z7.442
N5616 X154.173 Y126.867 Z7.406
N5618 X153.915 Y125.997 Z7.346
N5620 X153.781 Y125.508 Z7.306
N5622 X153.65 Y124.985 Z7.257
N5624 X153.439 Y124.042 Z7.163
N5626 X153.323 Y123.469 Z7.098
N5628 X153.248 Y123.067 Z7.051
N5630 X153.165 Y122.545 Z6.985
N5632 X153.017 Y121.419 Z6.834
N5634 X152.938 Y120.621 Z6.718
N5636 X152.882 Y119.818 Z6.594
N5638 X152.836 Y118.666 Z6.405
N5640 X152.827 Y117.688 Z6.236
N5642 X152.825 Y115.733 Z5.878
N5644 Y113.201 Z5.38
N5646 Y110.846 Z4.895
N5648 Y104.551 Z3.573
N5650 Y102.17 Z3.087
N5652 Y100.215 Z2.704
N5654 Y98.26 Z2.341
N5656 Y96.672 Z2.062
N5658 Y95.206 Z1.819
N5660 Y93.369 Z1.541
N5662 X152.832 Y91.784 Z1.321
N5664 X152.859 Y90.807 Z1.198
N5666 X152.902 Y90.025 Z1.106
N5668 X152.96 Y89.341 Z1.03
N5670 X153.051 Y88.507 Z0.945
N5672 X153.196 Y87.492 Z0.85
N5674 X153.324 Y86.769 Z0.789
N5676 X153.502 Y85.919 Z0.725
N5678 X153.684 Y85.138 Z0.675
N5680 X153.75 Y84.876 Z0.659
N5682 X154.015 Y83.964 Z0.61
N5684 X154.164 Y83.476 Z0.589
N5686 X154.415 Y82.74 Z0.562
N5688 X154.697 Y81.974 Z0.541
N5690 X155.082 Y81.032 Z0.526
N5692 X155.298 Y80.543 Z0.521
N5694 X155.639 Y79.819 Z0.52
N5696 X155.895 Y79.309
N5698 X156.128 Y78.875
N5700 X156.616 Y78.018
N5702 X157.244 Y76.982
N5704 X157.594 Y76.451
N5706 X158.154 Y75.656
N5708 X158.571 Y75.087
N5710 X159.06 Y74.454
N5712 X159.69 Y73.701
N5714 X161.503 Y71.632
N5716 X161.992 Y71.037
N5718 X162.48 Y70.38
N5720 X162.709 Y70.051
N5722 X162.969 Y69.646
N5724 X163.457 Y68.79
N5726 X163.946 Y67.804
N5728 X164.264 Y67.029
N5730 X164.507 Y66.369
N5732 X164.545 Y66.259
N5734 X164.794 Y65.392
N5736 X164.929 Y64.904
N5738 X165.036 Y64.302
N5740 X165.167 Y63.437
N5742 X165.204 Y63.156
N5744 X165.259 Y62.459
N5746 X165.297 Y61.597
N5748 X165.282 Y60.993
N5750 X165.218 Y60.016
N5752 X165.17 Y59.527
N5754 X165.075 Y58.886
N5756 X165.015 Y58.537
N5758 X164.923 Y58.07
N5760 X164.796 Y57.572
N5762 X164.509 Y56.594
N5764 X164.435 Y56.362
N5766 X164.227 Y55.825
N5768 X163.941 Y55.133
N5770 X163.716 Y54.639
N5772 X163.637 Y54.479
N5774 X163.126 Y53.553
N5776 X162.901 Y53.173
N5778 X162.552 Y52.666
N5780 X162.122 Y52.065
N5782 X161.845 Y51.707
N5784 X161.697 Y51.527
N5786 X160.982 Y50.729
N5788 X160.511 Y50.255
N5790 X159.741 Y49.573
N5792 X159.365 Y49.263
N5794 X159.06 Y49.034
N5796 X158.333 Y48.524
N5798 X157.975 Y48.286
N5800 X157.594 Y48.065
N5802 X156.796 Y47.628
N5804 X156.46 Y47.464
N5806 X156.128 Y47.312
N5808 X155.083 Y46.886
N5810 X154.907 Y46.819
N5812 X154.345 Y46.647
N5814 X153.586 Y46.429
N5816 X153.203 Y46.331
N5818 X152.788 Y46.249
N5820 X151.947 Y46.113
N5822 X151.517 Y46.055
N5824 X151.071 Y46.012
N5826 X150.145 Y45.961
N5828 X149.664 Y45.953
N5830 X149.157 Y45.971
N5832 X148.639 Y46.
N5834 X148.106 Y46.045
N5836 X147.332 Y46.153
N5838 X146.371 Y46.314
N5840 X145.377 Y46.598
N5842 X144.888 Y46.746
N5844 X144.4 Y46.917
N5846 X144.245 Y46.974
N5848 X143.41 Y47.32
N5850 X142.446 Y47.796
N5852 X141.591 Y48.286
N5854 X141.246 Y48.507
N5856 X140.862 Y48.774
N5858 X140.207 Y49.263
N5860 X139.614 Y49.752
N5862 X139.024 Y50.291
N5864 X138.536 Y50.782
N5866 X138.047 Y51.319
N5868 X137.558 Y51.913
N5870 X137.07 Y52.568
N5872 X136.8 Y52.954
N5874 X136.581 Y53.296
N5876 X136.092 Y54.15
N5878 X135.604 Y55.149
N5880 X135.273 Y55.948
N5882 X135.115 Y56.384
N5884 X135.01 Y56.699
N5886 X134.754 Y57.572
N5888 X134.622 Y58.06
N5890 X134.45 Y59.038
N5892 X134.416 Y59.248
N5894 X134.348 Y59.805
N5896 X134.275 Y60.855
N5898 X134.253 Y61.366
N5900 X134.266 Y61.971
N5902 X134.312 Y62.774
N5904 X134.356 Y63.219
N5906 X134.455 Y63.926
N5908 X134.536 Y64.425
N5910 X134.626 Y64.889
N5912 X134.834 Y65.673
N5914 X135.038 Y66.369
N5916 X135.115 Y66.596
N5918 X135.454 Y67.448
N5920 X135.611 Y67.828
N5922 X135.919 Y68.467
N5924 X136.446 Y69.436
N5926 X136.662 Y69.791
N5928 X137.026 Y70.323
N5930 X137.431 Y70.896
N5932 X137.72 Y71.257
N5934 X138.536 Y72.196
N5936 X140.291 Y74.189
N5938 X140.598 Y74.571
N5940 X141.22 Y75.414
N5942 X141.956 Y76.433
N5944 X142.227 Y76.851
N5946 X142.691 Y77.611
N5948 X143.145 Y78.377
N5950 X143.422 Y78.867
N5952 X143.804 Y79.602
N5954 X144.144 Y80.31 Z0.522
N5956 X144.467 Y81.032 Z0.525
N5958 X144.865 Y82.005 Z0.542
N5960 X145.14 Y82.75 Z0.562
N5962 X145.377 Y83.447 Z0.588
N5964 X145.611 Y84.219 Z0.623
N5966 X145.812 Y84.94 Z0.663
N5968 X145.935 Y85.431 Z0.693
N5970 X146.152 Y86.408 Z0.761
N5972 X146.255 Y86.92 Z0.801
N5974 X146.354 Y87.483 Z0.849
N5976 X146.466 Y88.251 Z0.92
N5978 X146.569 Y89.126 Z1.008
N5980 X146.633 Y89.829 Z1.084
N5982 X146.677 Y90.484 Z1.159
N5984 X146.71 Y91.296 Z1.258
N5986 X146.723 Y92.273 Z1.387
N5988 X146.725 Y93.739 Z1.594
N5990 Y95.572 Z1.879
N5992 Y97.161 Z2.145
N5994 Y98.993 Z2.474
N5996 Y100.948 Z2.845
N5998 Y103.27 Z3.308
N6000 Y106.695 Z4.021
N6002 Y112.194 Z5.175
N6004 Y114.756 Z5.69
N6006 X146.724 Y116.711 Z6.06
N6008 X146.719 Y118.301 Z6.344
N6010 X146.699 Y119.154 Z6.487
N6012 X146.67 Y119.816 Z6.593
N6014 X146.612 Y120.621 Z6.718
N6016 X146.532 Y121.42 Z6.834
N6018 X146.448 Y122.087 Z6.925
N6020 X146.354 Y122.744 Z7.011
N6022 X146.209 Y123.553 Z7.107
N6024 X146.068 Y124.244 Z7.183
N6026 X145.866 Y125.123 Z7.271
N6028 X145.734 Y125.639 Z7.316
N6030 X145.492 Y126.486 Z7.382
N6032 X145.344 Y126.97 Z7.413
N6034 X145.182 Y127.463 Z7.443
N6036 X144.888 Y128.285 Z7.481
N6038 X144.637 Y128.929 Z7.502
N6040 X144.4 Y129.513 Z7.514
N6042 X144.005 Y130.396 Z7.52
N6044 X143.635 Y131.16
N6046 X143.422 Y131.564
N6048 X142.934 Y132.429
N6050 X142.308 Y133.465
N6052 X141.956 Y134.
N6054 X141.396 Y134.794
N6056 X140.979 Y135.363
N6058 X140.49 Y135.996
N6060 X139.859 Y136.749
N6062 X138.047 Y138.816
N6064 X137.558 Y139.411
N6066 X137.07 Y140.07
N6068 X136.842 Y140.398
N6070 X136.581 Y140.804
N6072 X136.092 Y141.662
N6074 X135.604 Y142.647
N6076 X135.286 Y143.42
N6078 X135.043 Y144.081
N6080 X135.005 Y144.19
N6082 X134.716 Y145.203
N6084 X134.621 Y145.546
N6086 X134.514 Y146.147
N6088 X134.383 Y147.013
N6090 X134.346 Y147.293
N6092 X134.291 Y147.991
N6094 X134.253 Y148.853
N6096 X134.268 Y149.457
N6098 X134.332 Y150.434
N6100 X134.382 Y150.923
N6102 X134.476 Y151.562
N6104 X134.535 Y151.912
N6106 X134.626 Y152.378
N6108 X134.754 Y152.878
N6110 X135.041 Y153.856
N6112 X135.115 Y154.087
N6114 X135.323 Y154.625
N6116 X135.609 Y155.317
N6118 X135.834 Y155.811
N6120 X135.913 Y155.97
N6122 X136.423 Y156.896
N6124 X136.648 Y157.277
N6126 X137.019 Y157.816
N6128 X137.427 Y158.385
N6130 X137.704 Y158.743
N6132 X137.853 Y158.923
N6134 X138.568 Y159.721
N6136 X139.039 Y160.195
N6138 X139.808 Y160.877
N6140 X140.183 Y161.187
N6142 X140.49 Y161.415
N6144 X141.217 Y161.926
N6146 X141.574 Y162.164
N6148 X141.956 Y162.385
N6150 X142.753 Y162.822
N6152 X143.09 Y162.986
N6154 X143.422 Y163.138
N6156 X144.466 Y163.564
N6158 X144.643 Y163.631
N6160 X145.377 Y163.853
N6162 X145.964 Y164.02
N6164 X146.346 Y164.119
N6166 X146.761 Y164.201
N6168 X147.602 Y164.337
N6170 X148.033 Y164.395
N6172 X148.479 Y164.438
N6174 X149.405 Y164.489
N6176 X149.886 Y164.497
N6178 X150.393 Y164.479
N6180 X150.91 Y164.45
N6182 X151.177 Y164.429
N6184 X151.147 Y164.03
N6186 X151.346 Y164.014
N6188 X151.91 Y163.939
N6190 X152.707 Y163.808
N6192 X153.086 Y163.74
N6194 X153.503 Y163.631
N6196 X154.452 Y163.351
N6198 X155.062 Y163.142
N6200 X155.639 Y162.904
N6202 X156.126 Y162.695
N6204 X157.034 Y162.235
N6206 X157.594 Y161.908
N6208 X157.98 Y161.676
N6210 X158.292 Y161.466
N6212 X158.681 Y161.187
N6214 X159.311 Y160.698
N6216 X159.88 Y160.209
N6218 X160.396 Y159.721
N6220 X160.868 Y159.232
N6222 X161.302 Y158.743
N6224 X161.503 Y158.504
N6226 X161.992 Y157.875
N6228 X162.271 Y157.486
N6230 X162.48 Y157.175
N6232 X163.039 Y156.229
N6234 X163.497 Y155.323
N6236 X163.91 Y154.344
N6238 X164.151 Y153.651
N6240 X164.361 Y152.952
N6242 X164.537 Y152.287
N6244 X164.647 Y151.688
N6246 X164.741 Y151.105
N6248 X164.818 Y150.434
N6250 X164.88 Y149.5
N6252 X164.902 Y148.968
N6254 X164.887 Y148.516
N6256 X164.831 Y147.594
N6258 X164.763 Y147.013
N6260 X164.654 Y146.306
N6262 X164.582 Y145.893
N6264 X164.508 Y145.547
N6266 X164.392 Y145.101
N6268 X164.171 Y144.344
N6270 X164.052 Y143.975
N6272 X163.635 Y142.934
N6274 X163.457 Y142.529
N6276 X163.157 Y141.945
N6278 X162.808 Y141.309
N6280 X162.629 Y140.999
N6282 X162.407 Y140.659
N6284 X161.831 Y139.842
N6286 X161.621 Y139.564
N6288 X160.954 Y138.79
N6290 X159.06 Y136.642
N6292 X158.666 Y136.165
N6294 X157.947 Y135.189
N6296 X157.224 Y134.186
N6298 X156.985 Y133.817
N6300 X156.476 Y132.979
N6302 X156.114 Y132.364
N6304 X155.762 Y131.738
N6306 X155.433 Y131.09
N6308 X155.118 Y130.428
N6310 X154.828 Y129.773 Z7.517
N6312 X154.662 Y129.38 Z7.512
N6314 X154.295 Y128.441 Z7.487
N6316 X154.085 Y127.864 Z7.463
N6318 X153.788 Y126.974 Z7.413
N6320 X153.54 Y126.142 Z7.356
N6322 X153.37 Y125.508 Z7.306
N6324 X153.196 Y124.798 Z7.239
N6326 X153.031 Y124.042 Z7.163
N6328 X152.873 Y123.23 Z7.07
N6330 X152.769 Y122.597 Z6.992
N6332 X152.634 Y121.598 Z6.859
N6334 X152.567 Y120.97 Z6.769
N6336 X152.501 Y120.132 Z6.643
N6338 X152.461 Y119.4 Z6.527
N6340 X152.437 Y118.666 Z6.405
N6342 X152.427 Y117.688 Z6.236
N6344 X152.425 Y115.733 Z5.878
N6346 Y113.571 Z5.455
N6348 Y111.128 Z4.954
N6350 Y104.492 Z3.56
N6352 Y102.255 Z3.103
N6354 Y100.215 Z2.704
N6356 Y98.42 Z2.369
N6358 Y96.672 Z2.062
N6360 Y95.206 Z1.819
N6362 Y93.739 Z1.594
N6364 X152.429 Y92.062 Z1.359
N6366 X152.449 Y91.065 Z1.23
N6368 X152.483 Y90.318 Z1.139
N6370 X152.53 Y89.653 Z1.064
N6372 X152.618 Y88.763 Z0.97
N6374 X152.736 Y87.845 Z0.881
N6376 X152.894 Y86.897 Z0.799
N6378 X153.024 Y86.237 Z0.748
N6380 X153.201 Y85.432 Z0.694
N6382 X153.365 Y84.772 Z0.653
N6384 X153.684 Y83.674 Z0.598
N6386 X153.906 Y82.987 Z0.57
N6388 X154.226 Y82.089 Z0.544
N6390 X154.509 Y81.368 Z0.53
N6392 X154.792 Y80.695 Z0.523
N6394 X155.15 Y79.911 Z0.52
N6396 X155.566 Y79.077
N6398 X156.128 Y78.061
N6400 X156.804 Y76.934
N6402 X157.105 Y76.464
N6404 X157.661 Y75.656
N6406 X158.082 Y75.076
N6408 X158.571 Y74.429
N6410 X159.164 Y73.701
N6412 X160.222 Y72.489
N6414 X161.014 Y71.585
N6416 X161.503 Y71.006
N6418 X161.992 Y70.375
N6420 X162.231 Y70.04
N6422 X162.48 Y69.667
N6424 X163.012 Y68.77
N6426 X163.489 Y67.837
N6428 X163.873 Y66.932
N6430 X164.081 Y66.369
N6432 X164.154 Y66.161
N6434 X164.435 Y65.192
N6436 X164.537 Y64.801
N6438 X164.646 Y64.203
N6440 X164.764 Y63.437
N6442 X164.823 Y62.948
N6444 X164.859 Y62.459
N6446 X164.883 Y62.011
N6448 X164.902 Y61.482
N6450 X164.883 Y60.993
N6452 X164.818 Y60.016
N6454 X164.767 Y59.527
N6456 X164.694 Y59.038
N6458 X164.582 Y58.405
N6460 X164.509 Y58.061
N6462 X164.393 Y57.614
N6464 X164.07 Y56.535
N6466 X163.92 Y56.132
N6468 X163.504 Y55.129
N6470 X163.331 Y54.766
N6472 X163.002 Y54.151
N6474 X162.636 Y53.506
N6476 X162.42 Y53.173
N6478 X161.834 Y52.353
N6480 X161.626 Y52.073
N6482 X161.321 Y51.707
N6484 X160.721 Y51.037
N6486 X160.428 Y50.729
N6488 X160.233 Y50.544
N6490 X159.449 Y49.851
N6492 X159.183 Y49.629
N6494 X158.644 Y49.229
N6496 X157.994 Y48.774
N6498 X157.75 Y48.617
N6500 X157.139 Y48.27
N6502 X156.49 Y47.923
N6504 X156.177 Y47.77
N6506 X155.639 Y47.542
N6508 X155.065 Y47.308
N6510 X154.773 Y47.197
N6512 X153.684 Y46.871
N6514 X153.258 Y46.757
N6516 X152.707 Y46.645
N6518 X152.02 Y46.529
N6520 X151.593 Y46.467
N6522 X151.153 Y46.418
N6524 X150.231 Y46.363
N6526 X149.758 Y46.348
N6528 X149.251 Y46.366
N6530 X148.733 Y46.395
N6532 X148.204 Y46.436
N6534 X147.641 Y46.51
N6536 X146.843 Y46.64
N6538 X146.465 Y46.709
N6540 X145.792 Y46.893
N6542 X145.097 Y47.099
N6544 X144.489 Y47.308
N6546 X143.911 Y47.547
N6548 X143.424 Y47.755
N6550 X142.515 Y48.215
N6552 X141.956 Y48.542
N6554 X141.571 Y48.774
N6556 X141.257 Y48.985
N6558 X140.869 Y49.263
N6560 X140.24 Y49.752
N6562 X139.671 Y50.241
N6564 X139.154 Y50.729
N6566 X138.681 Y51.218
N6568 X138.536 Y51.376
N6570 X138.047 Y51.945
N6572 X137.558 Y52.575
N6574 X137.279 Y52.964
N6576 X137.07 Y53.275
N6578 X136.511 Y54.22
N6580 X136.054 Y55.127
N6582 X135.64 Y56.106
N6584 X135.399 Y56.799
N6586 X135.189 Y57.498
N6588 X135.013 Y58.162
N6590 X134.856 Y59.038
N6592 X134.806 Y59.347
N6594 X134.732 Y60.016
N6596 X134.67 Y60.95
N6598 X134.648 Y61.482
N6600 X134.663 Y61.934
N6602 X134.719 Y62.856
N6604 X134.787 Y63.437
N6606 X134.896 Y64.144
N6608 X134.968 Y64.557
N6610 X135.042 Y64.903
N6612 X135.158 Y65.349
N6614 X135.379 Y66.106
N6616 X135.498 Y66.475
N6618 X135.915 Y67.515
N6620 X136.092 Y67.92
N6622 X136.392 Y68.504
N6624 X136.742 Y69.141
N6626 X136.921 Y69.451
N6628 X137.143 Y69.791
N6630 X137.558 Y70.385
N6632 X137.93 Y70.885
N6634 X138.672 Y71.746
N6636 X140.49 Y73.808
N6638 X140.884 Y74.285
N6640 X141.603 Y75.26
N6642 X142.325 Y76.264
N6644 X142.564 Y76.633
N6646 X143.245 Y77.757
N6648 X143.616 Y78.395
N6650 X143.911 Y78.932
N6652 X144.266 Y79.634
N6654 X144.528 Y80.182 Z0.521
N6656 X144.888 Y81. Z0.525
N6658 X145.243 Y81.875 Z0.539
N6660 X145.53 Y82.651 Z0.559
N6662 X145.804 Y83.472 Z0.589
N6664 X145.991 Y84.09 Z0.616
N6666 X146.252 Y85.044 Z0.67
N6668 X146.438 Y85.835 Z0.721
N6670 X146.607 Y86.644 Z0.779
N6672 X146.747 Y87.405 Z0.842
N6674 X146.843 Y88.047 Z0.9
N6676 X146.94 Y88.852 Z0.979
N6678 X147.008 Y89.506 Z1.048
N6680 X147.067 Y90.318 Z1.139
N6682 X147.102 Y91.037 Z1.226
N6684 X147.121 Y91.995 Z1.35
N6686 X147.125 Y93.739 Z1.594
N6688 Y95.572 Z1.879
N6690 Y97.161 Z2.145
N6692 Y98.993 Z2.474
N6694 Y100.948 Z2.845
N6696 Y103.27 Z3.308
N6698 Y106.602 Z4.001
N6700 Y112.03 Z5.141
N6702 Y114.756 Z5.69
N6704 X147.124 Y116.711 Z6.06
N6706 X147.118 Y118.391 Z6.359
N6708 X147.1 Y119.154 Z6.487
N6710 X147.065 Y119.91 Z6.608
N6712 X147.013 Y120.621 Z6.718
N6714 X146.968 Y121.109 Z6.789
N6716 X146.914 Y121.598 Z6.859
N6718 X146.785 Y122.572 Z6.989
N6720 X146.675 Y123.232 Z7.07
N6722 X146.52 Y124.042 Z7.163
N6724 X146.354 Y124.798 Z7.239
N6726 X146.12 Y125.742 Z7.325
N6728 X145.866 Y126.639 Z7.392
N6730 X145.602 Y127.463 Z7.443
N6732 X145.377 Y128.114 Z7.474
N6734 X145.067 Y128.929 Z7.502
N6736 X144.862 Y129.445 Z7.513
N6738 X144.446 Y130.396 Z7.52
N6740 X143.975 Y131.373
N6742 X143.422 Y132.384
N6744 X142.749 Y133.513
N6746 X142.445 Y133.986
N6748 X141.889 Y134.794
N6750 X141.468 Y135.374
N6752 X140.979 Y136.022
N6754 X140.386 Y136.749
N6756 X139.317 Y137.971
N6758 X138.536 Y138.863
N6760 X138.047 Y139.442
N6762 X137.558 Y140.075
N6764 X137.32 Y140.409
N6766 X137.07 Y140.783
N6768 X136.539 Y141.679
N6770 X136.061 Y142.612
N6772 X135.678 Y143.518
N6774 X135.469 Y144.081
N6776 X135.396 Y144.288
N6778 X135.115 Y145.259
N6780 X135.013 Y145.648
N6782 X134.904 Y146.246
N6784 X134.786 Y147.013
N6786 X134.727 Y147.502
N6788 X134.691 Y147.991
N6790 X134.667 Y148.439
N6792 X134.648 Y148.968
N6794 X134.667 Y149.457
N6796 X134.733 Y150.434
N6798 X134.785 Y150.923
N6800 X134.895 Y151.632
N6802 X134.968 Y152.044
N6804 X135.041 Y152.389
N6806 X135.157 Y152.836
N6808 X135.48 Y153.915
N6810 X135.63 Y154.318
N6812 X136.046 Y155.321
N6814 X136.219 Y155.684
N6816 X136.548 Y156.299
N6818 X136.914 Y156.944
N6820 X137.129 Y157.277
N6822 X137.715 Y158.098
N6824 X137.924 Y158.377
N6826 X138.229 Y158.743
N6828 X138.829 Y159.413
N6830 X139.122 Y159.721
N6832 X139.316 Y159.906
N6834 X140.216 Y160.698
N6836 X140.49 Y160.917
N6838 X140.906 Y161.221
N6840 X141.556 Y161.676
N6842 X141.799 Y161.833
N6844 X142.411 Y162.18
N6846 X143.06 Y162.527
N6848 X143.372 Y162.68
N6850 X143.911 Y162.908
N6852 X144.485 Y163.142
N6854 X144.777 Y163.253
N6856 X145.866 Y163.578
N6858 X146.292 Y163.693
N6860 X146.843 Y163.806
N6862 X147.529 Y163.921
N6864 X147.956 Y163.983
N6866 X148.396 Y164.032
N6868 X149.318 Y164.087
N6870 X149.792 Y164.102
N6872 X150.299 Y164.084
N6874 X150.816 Y164.055
N6876 X151.147 Y164.03
N6878 X151.121 Y163.634
N6880 X151.241 Y163.625
N6882 X151.81 Y163.55
N6884 X152.707 Y163.401
N6886 X152.989 Y163.348
N6888 X153.754 Y163.142
N6890 X154.352 Y162.963
N6892 X155.146 Y162.678
N6894 X155.964 Y162.328
N6896 X156.302 Y162.164
N6898 X156.964 Y161.816
N6900 X157.209 Y161.676
N6902 X157.988 Y161.187
N6904 X158.295 Y160.974
N6906 X158.666 Y160.698
N6908 X159.271 Y160.209
N6910 X159.817 Y159.721
N6912 X160.313 Y159.232
N6914 X160.526 Y159.01
N6916 X161.014 Y158.464
N6918 X161.503 Y157.859
N6920 X161.776 Y157.492
N6922 X161.992 Y157.183
N6924 X162.48 Y156.402
N6926 X162.62 Y156.16
N6928 X162.969 Y155.494
N6930 X163.129 Y155.161
N6932 X163.492 Y154.309
N6934 X163.762 Y153.551
N6936 X163.975 Y152.85
N6938 X164.146 Y152.189
N6940 X164.288 Y151.412
N6942 X164.363 Y150.923
N6944 X164.417 Y150.452
N6946 X164.482 Y149.461
N6948 X164.503 Y148.968
N6950 X164.485 Y148.483
N6952 X164.435 Y147.622
N6954 X164.361 Y147.013
N6956 X164.235 Y146.236
N6958 X164.155 Y145.827
N6960 X164.065 Y145.428
N6962 X163.851 Y144.664
N6964 X163.661 Y144.081
N6966 X163.472 Y143.593
N6968 X163.178 Y142.894
N6970 X163.047 Y142.6
N6972 X162.799 Y142.126
N6974 X162.48 Y141.538
N6976 X162.148 Y140.991
N6978 X161.503 Y140.068
N6980 X161.141 Y139.614
N6982 X159.703 Y137.976
N6984 X158.571 Y136.685
N6986 X158.197 Y136.209
N6988 X157.105 Y134.712
N6990 X156.742 Y134.18
N6992 X156.218 Y133.328
N6994 X155.645 Y132.351
N6996 X155.313 Y131.742
N6998 X155.134 Y131.389
N7000 X154.828 Y130.753
N7002 X154.515 Y130.054 Z7.519
N7004 X154.173 Y129.239 Z7.509
N7006 X153.951 Y128.662 Z7.494
N7008 X153.696 Y127.963 Z7.468
N7010 X153.449 Y127.228 Z7.428
N7012 X153.196 Y126.397 Z7.375
N7014 X153.006 Y125.698 Z7.321
N7016 X152.824 Y124.966 Z7.256
N7018 X152.725 Y124.531 Z7.213
N7020 X152.599 Y123.934 Z7.15
N7022 X152.44 Y123.064 Z7.051
N7024 X152.363 Y122.576 Z6.989
N7026 X152.231 Y121.6 Z6.86
N7028 X152.174 Y121.065 Z6.783
N7030 X152.127 Y120.529 Z6.704
N7032 X152.072 Y119.643 Z6.566
N7034 X152.037 Y118.666 Z6.405
N7036 X152.027 Y117.539 Z6.209
N7038 X152.025 Y115.733 Z5.878
N7040 Y113.483 Z5.437
N7042 Y110.868 Z4.899
N7044 Y104.492 Z3.56
N7046 Y102.048 Z3.062
N7048 Y100.287 Z2.717
N7050 Y98.627 Z2.406
N7052 Y96.672 Z2.062
N7054 Y95.206 Z1.819
N7056 Y93.739 Z1.594
N7058 X152.03 Y91.973 Z1.347
N7060 X152.051 Y90.974 Z1.219
N7062 X152.089 Y90.189 Z1.125
N7064 X152.122 Y89.733 Z1.073
N7066 X152.218 Y88.736 Z0.967
N7068 X152.269 Y88.312 Z0.926
N7070 X152.405 Y87.386 Z0.84
N7072 X152.549 Y86.566 Z0.773
N7074 X152.707 Y85.804 Z0.718
N7076 X152.91 Y84.942 Z0.662
N7078 X153.039 Y84.453 Z0.637
N7080 X153.196 Y83.908 Z0.608
N7082 X153.485 Y82.987 Z0.57
N7084 X153.684 Y82.406 Z0.552
N7086 X154.017 Y81.521 Z0.532
N7088 X154.196 Y81.073 Z0.527
N7090 X154.496 Y80.378 Z0.521
N7092 X154.662 Y80.011 Z0.52
N7094 X155.15 Y79.01
N7096 X155.645 Y78.1
N7098 X156.221 Y77.122
N7100 X156.616 Y76.484
N7102 X157.171 Y75.656
N7104 X157.594 Y75.067
N7106 X158.082 Y74.409
N7108 X158.642 Y73.701
N7110 X159.029 Y73.242
N7112 X160.768 Y71.257
N7114 X161.178 Y70.768
N7116 X161.564 Y70.279
N7118 X161.739 Y70.043
N7120 X161.992 Y69.678
N7122 X162.528 Y68.813
N7124 X162.969 Y67.987
N7126 X163.115 Y67.689
N7128 X163.48 Y66.836
N7130 X163.765 Y66.062
N7132 X163.964 Y65.392
N7134 X164.146 Y64.703
N7136 X164.286 Y63.926
N7138 X164.361 Y63.437
N7140 X164.424 Y62.959
N7142 X164.459 Y62.463
N7144 X164.485 Y61.975
N7146 X164.503 Y61.485
N7148 X164.483 Y60.997
N7150 X164.42 Y60.031
N7152 X164.366 Y59.527
N7154 X164.289 Y59.038
N7156 X164.156 Y58.339
N7158 X164.066 Y57.94
N7160 X163.849 Y57.18
N7162 X163.663 Y56.594
N7164 X163.61 Y56.442
N7166 X163.329 Y55.745
N7168 X163.034 Y55.063
N7170 X162.813 Y54.639
N7172 X162.48 Y54.037
N7174 X162.156 Y53.497
N7176 X161.582 Y52.684
N7178 X161.148 Y52.12
N7180 X160.526 Y51.418
N7182 X160.194 Y51.06
N7184 X159.84 Y50.729
N7186 X159.166 Y50.134
N7188 X158.62 Y49.703
N7190 X157.759 Y49.098
N7192 X157.223 Y48.774
N7194 X156.325 Y48.286
N7196 X156.128 Y48.19
N7198 X155.512 Y47.923
N7200 X154.825 Y47.645
N7202 X154.173 Y47.431
N7204 X153.319 Y47.185
N7206 X152.707 Y47.053
N7208 X152.092 Y46.945
N7210 X151.669 Y46.879
N7212 X151.179 Y46.819
N7214 X150.322 Y46.768
N7216 X149.845 Y46.749
N7218 X149.346 Y46.762
N7220 X148.372 Y46.819
N7222 X147.741 Y46.899
N7224 X146.843 Y47.047
N7226 X146.562 Y47.1
N7228 X145.796 Y47.308
N7230 X145.198 Y47.487
N7232 X144.404 Y47.772
N7234 X143.585 Y48.122
N7236 X143.248 Y48.286
N7238 X142.585 Y48.634
N7240 X142.342 Y48.774
N7242 X141.562 Y49.263
N7244 X141.253 Y49.477
N7246 X140.884 Y49.752
N7248 X140.279 Y50.241
N7250 X139.734 Y50.729
N7252 X139.236 Y51.218
N7254 X139.024 Y51.439
N7256 X138.536 Y51.985
N7258 X138.047 Y52.591
N7260 X137.774 Y52.957
N7262 X137.558 Y53.267
N7264 X137.07 Y54.048
N7266 X136.931 Y54.29
N7268 X136.581 Y54.956
N7270 X136.421 Y55.288
N7272 X136.058 Y56.14
N7274 X135.788 Y56.899
N7276 X135.575 Y57.6
N7278 X135.404 Y58.26
N7280 X135.261 Y59.038
N7282 X135.185 Y59.527
N7284 X135.132 Y59.998
N7286 X135.068 Y60.989
N7288 X135.047 Y61.482
N7290 X135.065 Y61.967
N7292 X135.115 Y62.826
N7294 X135.189 Y63.437
N7296 X135.315 Y64.214
N7298 X135.395 Y64.623
N7300 X135.485 Y65.021
N7302 X135.699 Y65.785
N7304 X135.89 Y66.369
N7306 X136.078 Y66.857
N7308 X136.372 Y67.556
N7310 X136.503 Y67.849
N7312 X136.75 Y68.324
N7314 X137.07 Y68.912
N7316 X137.402 Y69.458
N7318 X138.047 Y70.381
N7320 X138.411 Y70.834
N7322 X139.513 Y72.094
N7324 X140.926 Y73.701
N7326 X141.352 Y74.241
N7328 X142.445 Y75.737
N7330 X142.808 Y76.27
N7332 X143.33 Y77.122
N7334 X143.91 Y78.099
N7336 X144.24 Y78.7
N7338 X144.585 Y79.38
N7340 X144.926 Y80.092
N7342 X145.377 Y81.13 Z0.527
N7344 X145.721 Y82.009 Z0.542
N7346 X145.891 Y82.473 Z0.553
N7348 X146.136 Y83.205 Z0.579
N7350 X146.368 Y83.951 Z0.609
N7352 X146.579 Y84.717 Z0.65
N7354 X146.756 Y85.431 Z0.693
N7356 X146.874 Y85.95 Z0.728
N7358 X147.062 Y86.897 Z0.799
N7360 X147.172 Y87.546 Z0.854
N7362 X147.281 Y88.313 Z0.926
N7364 X147.389 Y89.283 Z1.024
N7366 X147.445 Y89.942 Z1.097
N7368 X147.5 Y90.975 Z1.219
N7370 X147.519 Y91.784 Z1.321
N7372 X147.525 Y93.739 Z1.594
N7374 Y95.572 Z1.879
N7376 Y97.161 Z2.145
N7378 Y98.945 Z2.465
N7380 Y101.218 Z2.898
N7382 Y103.637 Z3.383
N7384 Y107.816 Z4.257
N7386 Y112.118 Z5.159
N7388 Y114.756 Z5.69
N7390 X147.524 Y116.711 Z6.06
N7392 X147.518 Y118.363 Z6.354
N7394 X147.494 Y119.317 Z6.513
N7396 X147.444 Y120.244 Z6.66
N7398 X147.376 Y121.065 Z6.783
N7400 X147.318 Y121.595 Z6.859
N7402 X147.244 Y122.175 Z6.937
N7404 X147.109 Y123.064 Z7.051
N7406 X146.928 Y124.042 Z7.163
N7408 X146.74 Y124.902 Z7.25
N7410 X146.507 Y125.844 Z7.333
N7412 X146.329 Y126.482 Z7.382
N7414 X146.104 Y127.213 Z7.427
N7416 X145.86 Y127.951 Z7.468
N7418 X145.574 Y128.732 Z7.496
N7420 X145.302 Y129.418 Z7.513
N7422 X145.035 Y130.054 Z7.519
N7424 X144.888 Y130.391 Z7.52
N7426 X144.4 Y131.42
N7428 X143.888 Y132.374
N7430 X143.328 Y133.328
N7432 X142.934 Y133.967
N7434 X142.379 Y134.794
N7436 X141.956 Y135.383
N7438 X141.468 Y136.041
N7440 X140.908 Y136.749
N7442 X140.519 Y137.209
N7444 X138.78 Y139.193
N7446 X138.37 Y139.682
N7448 X137.985 Y140.171
N7450 X137.81 Y140.408
N7452 X137.558 Y140.773
N7454 X137.022 Y141.637
N7456 X136.581 Y142.464
N7458 X136.436 Y142.759
N7460 X136.07 Y143.614
N7462 X135.785 Y144.388
N7464 X135.587 Y145.055
N7466 X135.404 Y145.746
N7468 X135.264 Y146.524
N7470 X135.189 Y147.013
N7472 X135.126 Y147.49
N7474 X135.091 Y147.987
N7476 X135.065 Y148.475
N7478 X135.047 Y148.965
N7480 X135.067 Y149.453
N7482 X135.131 Y150.418
N7484 X135.186 Y150.923
N7486 X135.314 Y151.702
N7488 X135.455 Y152.389
N7490 X135.585 Y152.876
N7492 X135.817 Y153.642
N7494 X135.94 Y154.008
N7496 X136.221 Y154.705
N7498 X136.516 Y155.387
N7500 X136.737 Y155.811
N7502 X137.07 Y156.412
N7504 X137.394 Y156.953
N7506 X137.779 Y157.504
N7508 X138.047 Y157.876
N7510 X138.428 Y158.362
N7512 X139.024 Y159.032
N7514 X139.355 Y159.389
N7516 X139.71 Y159.721
N7518 X140.384 Y160.316
N7520 X140.864 Y160.698
N7522 X141.791 Y161.352
N7524 X142.327 Y161.676
N7526 X143.224 Y162.164
N7528 X143.422 Y162.26
N7530 X144.037 Y162.527
N7532 X144.724 Y162.805
N7534 X145.377 Y163.019
N7536 X146.231 Y163.265
N7538 X146.843 Y163.397
N7540 X147.457 Y163.505
N7542 X147.88 Y163.571
N7544 X148.369 Y163.631
N7546 X149.227 Y163.682
N7548 X149.705 Y163.7
N7550 X150.204 Y163.688
N7552 X151.121 Y163.634
N7554 X151.094 Y163.234
N7556 X151.231 Y163.223
N7558 X151.709 Y163.162
N7560 X152.707 Y162.995
N7562 X152.888 Y162.96
N7564 X153.555 Y162.783
N7566 X154.25 Y162.576
N7568 X155.019 Y162.296
N7570 X155.639 Y162.032
N7572 X155.877 Y161.926
N7574 X156.378 Y161.676
N7576 X156.899 Y161.393
N7578 X157.245 Y161.187
N7580 X157.989 Y160.698
N7582 X158.321 Y160.459
N7584 X158.642 Y160.209
N7586 X159.223 Y159.721
N7588 X159.748 Y159.232
N7590 X160.037 Y158.942
N7592 X160.526 Y158.416
N7594 X161.069 Y157.766
N7596 X161.259 Y157.521
N7598 X161.503 Y157.183
N7600 X161.992 Y156.439
N7602 X162.196 Y156.094
N7604 X162.48 Y155.571
N7606 X162.728 Y155.074
N7608 X163.044 Y154.344
N7610 X163.097 Y154.216
N7612 X163.401 Y153.367
N7614 X163.586 Y152.75
N7616 X163.758 Y152.089
N7618 X163.87 Y151.488
N7620 X163.962 Y150.923
N7622 X164.023 Y150.358
N7624 X164.086 Y149.317
N7626 X164.094 Y148.821
N7628 X164.076 Y148.349
N7630 X164.052 Y147.91
N7632 X164.02 Y147.503
N7634 X163.957 Y147.015
N7636 X163.879 Y146.524
N7638 X163.789 Y146.036
N7640 X163.678 Y145.547
N7642 X163.549 Y145.058
N7644 X163.404 Y144.569
N7646 X163.232 Y144.081
N7648 X162.969 Y143.417
N7650 X162.834 Y143.103
N7652 X162.563 Y142.532
N7654 X162.067 Y141.621
N7656 X161.857 Y141.283
N7658 X161.677 Y141.011
N7660 X161.08 Y140.171
N7662 X160.63 Y139.636
N7664 X158.518 Y137.238
N7666 X158.082 Y136.717
N7668 X157.704 Y136.214
N7670 X156.616 Y134.714
N7672 X156.283 Y134.203
N7674 X155.639 Y133.134
N7676 X155.15 Y132.286
N7678 X154.842 Y131.699
N7680 X154.517 Y131.029
N7682 X154.173 Y130.273
N7684 X153.797 Y129.377 Z7.512
N7686 X153.623 Y128.929 Z7.502
N7688 X153.308 Y128.065 Z7.472
N7690 X153.061 Y127.328 Z7.434
N7692 X152.805 Y126.486 Z7.382
N7694 X152.677 Y126.027 Z7.348
N7696 X152.491 Y125.292 Z7.286
N7698 X152.316 Y124.531 Z7.213
N7700 X152.213 Y124.047 Z7.163
N7702 X152.096 Y123.431 Z7.093
N7704 X151.959 Y122.576 Z6.989
N7706 X151.873 Y121.943 Z6.906
N7708 X151.781 Y121.161 Z6.797
N7710 X151.73 Y120.587 Z6.713
N7712 X151.668 Y119.581 Z6.556
N7714 X151.648 Y119.072 Z6.473
N7716 X151.63 Y118.177 Z6.323
N7718 X151.625 Y116.169 Z5.96
N7720 Y113.778 Z5.497
N7722 Y110.802 Z4.886
N7724 Y104.082 Z3.475
N7726 Y101.612 Z2.976
N7728 Y99.709 Z2.608
N7730 Y98.19 Z2.328
N7732 Y96.672 Z2.061
N7734 Y94.822 Z1.759
N7736 Y93.251 Z1.524
N7738 X151.632 Y91.784 Z1.321
N7740 X151.657 Y90.807 Z1.198
N7742 X151.683 Y90.271 Z1.134
N7744 X151.73 Y89.612 Z1.06
N7746 X151.812 Y88.769 Z0.971
N7748 X151.927 Y87.874 Z0.884
N7750 X152.031 Y87.198 Z0.825
N7752 X152.171 Y86.408 Z0.761
N7754 X152.288 Y85.85 Z0.721
N7756 X152.499 Y84.942 Z0.663
N7758 X152.623 Y84.453 Z0.637
N7760 X152.786 Y83.886 Z0.607
N7762 X153.096 Y82.887 Z0.567
N7764 X153.245 Y82.449 Z0.553
N7766 X153.589 Y81.521 Z0.532
N7768 X153.753 Y81.101 Z0.527
N7770 X154.043 Y80.414 Z0.521
N7772 X154.227 Y80. Z0.52
N7774 X154.675 Y79.064
N7776 X155.234 Y78.015
N7778 X155.755 Y77.122
N7780 X156.128 Y76.51
N7782 X156.685 Y75.656
N7784 X157.105 Y75.06
N7786 X157.749 Y74.189
N7788 X158.126 Y73.701
N7790 X158.308 Y73.475
N7792 X159.06 Y72.601
N7794 X160.526 Y70.925
N7796 X161.059 Y70.279
N7798 X161.218 Y70.075
N7800 X161.503 Y69.68
N7802 X161.992 Y68.933
N7804 X162.168 Y68.636
N7806 X162.48 Y68.062
N7808 X162.711 Y67.604
N7810 X163.037 Y66.858
N7812 X163.378 Y65.96
N7814 X163.457 Y65.705
N7816 X163.68 Y64.903
N7818 X163.758 Y64.603
N7820 X163.881 Y63.926
N7822 X163.958 Y63.439
N7824 X164.029 Y62.865
N7826 X164.064 Y62.342
N7828 X164.088 Y61.829
N7830 X164.093 Y61.335
N7832 X164.073 Y60.866
N7834 X164.017 Y60.018
N7836 X163.963 Y59.529
N7838 X163.884 Y59.038
N7840 X163.791 Y58.549
N7842 X163.679 Y58.061
N7844 X163.548 Y57.572
N7846 X163.402 Y57.083
N7848 X163.236 Y56.594
N7850 X162.969 Y55.918
N7852 X162.729 Y55.368
N7854 X162.573 Y55.036
N7856 X162.074 Y54.131
N7858 X161.864 Y53.789
N7860 X161.669 Y53.496
N7862 X161.014 Y52.591
N7864 X160.61 Y52.111
N7866 X160.037 Y51.478
N7868 X159.687 Y51.13
N7870 X159.06 Y50.573
N7872 X158.634 Y50.215
N7874 X157.773 Y49.594
N7876 X157.268 Y49.263
N7878 X156.393 Y48.774
N7880 X156.128 Y48.637
N7882 X155.551 Y48.373
N7884 X154.857 Y48.09
N7886 X154.501 Y47.958
N7888 X154.005 Y47.797
N7890 X153.196 Y47.572
N7892 X152.707 Y47.461
N7894 X152.164 Y47.362
N7896 X151.748 Y47.295
N7898 X151.311 Y47.237
N7900 X150.862 Y47.199
N7902 X150.264 Y47.168
N7904 X149.775 Y47.156
N7906 X149.286 Y47.167
N7908 X148.397 Y47.22
N7910 X147.82 Y47.29
N7912 X146.843 Y47.454
N7914 X146.663 Y47.488
N7916 X145.995 Y47.667
N7918 X145.3 Y47.874
N7920 X144.531 Y48.154
N7922 X143.911 Y48.418
N7924 X143.672 Y48.524
N7926 X143.172 Y48.774
N7928 X142.65 Y49.058
N7930 X142.305 Y49.263
N7932 X141.561 Y49.752
N7934 X141.227 Y49.993
N7936 X140.909 Y50.241
N7938 X140.327 Y50.729
N7940 X139.802 Y51.218
N7942 X139.513 Y51.507
N7944 X139.024 Y52.033
N7946 X138.48 Y52.684
N7948 X138.291 Y52.929
N7950 X138.047 Y53.267
N7952 X137.558 Y54.011
N7954 X137.354 Y54.355
N7956 X137.07 Y54.88
N7958 X136.823 Y55.375
N7960 X136.506 Y56.106
N7962 X136.453 Y56.233
N7964 X136.149 Y57.083
N7966 X135.964 Y57.7
N7968 X135.792 Y58.361
N7970 X135.679 Y58.963
N7972 X135.583 Y59.547
N7974 X135.527 Y60.092
N7976 X135.464 Y61.133
N7978 X135.456 Y61.629
N7980 X135.474 Y62.101
N7982 X135.498 Y62.539
N7984 X135.53 Y62.946
N7986 X135.593 Y63.435
N7988 X135.671 Y63.926
N7990 X135.761 Y64.414
N7992 X135.872 Y64.903
N7994 X136.001 Y65.392
N7996 X136.146 Y65.881
N7998 X136.318 Y66.369
N8000 X136.581 Y67.032
N8002 X136.716 Y67.347
N8004 X136.987 Y67.918
N8006 X137.483 Y68.829
N8008 X137.693 Y69.167
N8010 X138.047 Y69.689
N8012 X138.48 Y70.291
N8014 X139.024 Y70.932
N8016 X141.032 Y73.212
N8018 X141.468 Y73.733
N8020 X141.846 Y74.236
N8022 X142.934 Y75.736
N8024 X143.266 Y76.248
N8036 X145.769 Y81.032 Z0.526
N8038 X146.07 Y81.805 Z0.538
N8040 X146.354 Y82.586 Z0.557
N8042 X146.684 Y83.615 Z0.595
N8044 X146.906 Y84.39 Z0.632
N8046 X147.104 Y85.169 Z0.678
N8048 X147.276 Y85.917 Z0.726
N8050 X147.469 Y86.897 Z0.799
N8052 X147.592 Y87.646 Z0.863
N8054 X147.688 Y88.363 Z0.931
N8056 X147.745 Y88.834 Z0.977
N8058 X147.82 Y89.607 Z1.059
N8060 X147.87 Y90.318 Z1.139
N8062 X147.911 Y91.296 Z1.258
N8064 X147.924 Y92.658 Z1.441
N8066 X147.925 Y94.228 Z1.668
N8068 Y95.572 Z1.879
N8070 Y97.161 Z2.145
N8072 Y99.116 Z2.496
N8074 Y101.071 Z2.869
N8076 Y103.558 Z3.367
N8078 Y107.32 Z4.152
N8080 Y112.207 Z5.177
N8082 Y114.756 Z5.69
N8084 X147.924 Y116.711 Z6.06
N8086 X147.92 Y118.177 Z6.323
N8088 X147.902 Y119.154 Z6.487
N8090 X147.854 Y120.132 Z6.643
N8092 X147.818 Y120.618 Z6.718
N8094 X147.774 Y121.109 Z6.789
N8096 X147.658 Y122.087 Z6.925
N8098 X147.557 Y122.801 Z7.018
N8100 X147.414 Y123.636 Z7.117
N8102 X147.337 Y124.042 Z7.163
N8104 X147.161 Y124.849 Z7.244
N8106 X147.004 Y125.508 Z7.306
N8108 X146.843 Y126.134 Z7.356
N8110 X146.597 Y126.974 Z7.413
N8112 X146.354 Y127.738 Z7.457
N8114 X146.107 Y128.441 Z7.487
N8116 X145.866 Y129.088 Z7.506
N8118 X145.487 Y130.017 Z7.519
N8120 X145.28 Y130.492 Z7.52
N8122 X144.849 Y131.412
N8124 X144.305 Y132.445
N8126 X143.794 Y133.328
N8128 X143.422 Y133.941
N8130 X142.865 Y134.794
N8132 X142.445 Y135.39
N8134 X141.801 Y136.261
N8136 X141.424 Y136.749
N8138 X141.243 Y136.974
N8140 X140.49 Y137.849
N8142 X139.024 Y139.523
N8144 X138.489 Y140.171
N8146 X138.328 Y140.378
N8148 X138.047 Y140.769
N8150 X137.558 Y141.517
N8152 X137.382 Y141.813
N8154 X137.07 Y142.389
N8156 X136.84 Y142.844
N8158 X136.513 Y143.592
N8160 X136.172 Y144.49
N8162 X136.092 Y144.745
N8164 X135.87 Y145.547
N8166 X135.792 Y145.847
N8168 X135.669 Y146.524
N8170 X135.592 Y147.011
N8172 X135.521 Y147.584
N8174 X135.486 Y148.108
N8176 X135.462 Y148.621
N8178 X135.457 Y149.115
N8180 X135.477 Y149.583
N8182 X135.534 Y150.432
N8184 X135.604 Y151.015
N8186 X135.733 Y151.771
N8188 X135.87 Y152.389
N8190 X136.002 Y152.878
N8192 X136.148 Y153.367
N8194 X136.314 Y153.856
N8196 X136.581 Y154.531
N8198 X136.821 Y155.082
N8200 X136.977 Y155.414
N8202 X137.476 Y156.318
N8204 X137.685 Y156.661
N8206 X137.868 Y156.937
N8208 X138.474 Y157.78
N8210 X138.865 Y158.254
N8212 X139.513 Y158.972
N8214 X139.863 Y159.32
N8216 X140.49 Y159.877
N8218 X140.915 Y160.235
N8220 X141.777 Y160.856
N8222 X142.281 Y161.187
N8224 X143.158 Y161.676
N8226 X143.422 Y161.813
N8228 X143.999 Y162.076
N8230 X144.693 Y162.36
N8232 X145.049 Y162.492
N8234 X145.546 Y162.653
N8236 X146.354 Y162.878
N8238 X146.843 Y162.99
N8240 X147.385 Y163.088
N8242 X147.801 Y163.155
N8244 X148.238 Y163.213
N8246 X148.687 Y163.251
N8248 X149.286 Y163.282
N8250 X149.775 Y163.294
N8252 X150.264 Y163.283
N8254 X151.094 Y163.234
N8256 X151.061 Y162.832
N8258 X151.73 Y162.752
N8260 X152.707 Y162.59
N8262 X152.785 Y162.575
N8264 X153.454 Y162.395
N8266 X154.218 Y162.164
N8268 X154.924 Y161.902
N8270 X155.459 Y161.676
N8272 X155.791 Y161.524
N8274 X156.443 Y161.187
N8276 X156.837 Y160.966
N8278 X157.269 Y160.698
N8280 X157.982 Y160.209
N8282 X158.396 Y159.895
N8284 X158.608 Y159.721
N8286 X159.167 Y159.232
N8288 X159.672 Y158.743
N8290 X160.132 Y158.254
N8292 X160.556 Y157.766
N8294 X160.694 Y157.597
N8296 X161.014 Y157.175
N8298 X161.503 Y156.463
N8300 X161.769 Y156.033
N8302 X161.992 Y155.636
N8304 X162.326 Y154.988
N8306 X162.48 Y154.649
N8308 X162.703 Y154.122
N8310 X162.988 Y153.348
N8312 X163.198 Y152.649
N8314 X163.372 Y151.986
N8316 X163.478 Y151.415
N8318 X163.57 Y150.811
N8320 X163.626 Y150.266
N8322 X163.678 Y149.457
N8324 X163.688 Y149.226
N8326 X163.69 Y148.736
N8328 X163.653 Y147.991
N8330 X163.597 Y147.363
N8332 X163.55 Y147.
N8334 X163.457 Y146.426
N8336 X163.382 Y146.036
N8338 X163.265 Y145.547
N8340 X163.096 Y144.931
N8342 X162.969 Y144.522
N8344 X162.711 Y143.849
N8346 X162.48 Y143.288
N8348 X162.262 Y142.832
N8350 X161.992 Y142.312
N8352 X161.594 Y141.61
N8354 X161.189 Y141.01
N8356 X160.941 Y140.659
N8358 X160.547 Y140.149
N8360 X158.991 Y138.378
N8362 X158.033 Y137.287
N8364 X157.603 Y136.749
N8376 X154.237 Y131.373
N8378 X153.79 Y130.396
N8380 X153.47 Y129.632 Z7.515
N8382 X153.196 Y128.93 Z7.502
N8384 X152.92 Y128.165 Z7.476
N8386 X152.672 Y127.429 Z7.44
N8388 X152.361 Y126.384 Z7.374
N8390 X152.218 Y125.851 Z7.334
N8392 X152.104 Y125.394 Z7.295
N8394 X151.877 Y124.391 Z7.198
N8396 X151.73 Y123.651 Z7.118
N8398 X151.609 Y122.944 Z7.036
N8400 X151.489 Y122.087 Z6.926
N8402 X151.391 Y121.259 Z6.811
N8404 X151.332 Y120.621 Z6.718
N8406 X151.297 Y120.132 Z6.643
N8408 X151.249 Y119.164 Z6.489
N8410 X151.235 Y118.666 Z6.405
N8412 X151.225 Y117.215 Z6.152
N8414 Y115.26 Z5.787
N8416 Y113.305 Z5.401
N8418 Y110.862 Z4.898
N8420 Y104.019 Z3.462
N8422 Y101.575 Z2.968
N8424 Y99.62 Z2.591
N8426 Y98.146 Z2.32
N8428 Y96.672 Z2.061
N8430 Y95.206 Z1.819
N8432 Y93.739 Z1.594
N8434 X151.231 Y91.794 Z1.322
N8436 X151.255 Y90.809 Z1.198
N8438 X151.279 Y90.323 Z1.14
N8440 X151.343 Y89.446 Z1.042
N8442 X151.422 Y88.671 Z0.961
N8444 X151.523 Y87.874 Z0.884
N8446 X151.613 Y87.269 Z0.831
N8448 X151.763 Y86.413 Z0.761
N8450 X151.901 Y85.748 Z0.714
N8452 X152.088 Y84.942 Z0.663
N8454 X152.218 Y84.412 Z0.634
N8456 X152.492 Y83.476 Z0.589
N8458 X152.707 Y82.786 Z0.564
N8460 X152.979 Y82.009 Z0.542
N8462 X153.196 Y81.425 Z0.531
N8464 X153.592 Y80.451 Z0.521
N8466 X153.829 Y79.909 Z0.52
N8468 X154.272 Y78.978
N8470 X154.731 Y78.099
N8472 X155.15 Y77.36
N8474 X155.639 Y76.541
N8476 X156.204 Y75.656
N8478 X156.616 Y75.056
N8480 X157.249 Y74.189
N8482 X157.703 Y73.591
N8484 X158.082 Y73.124
N8486 X158.849 Y72.234
N8488 X160.132 Y70.768
N8490 X160.633 Y70.172
N8492 X161.014 Y69.673
N8494 X161.503 Y68.958
N8496 X161.74 Y68.576
N8498 X161.992 Y68.127
N8500 X162.307 Y67.52
N8502 X162.48 Y67.146
N8504 X162.691 Y66.647
N8506 X162.99 Y65.859
N8508 X163.195 Y65.165
N8510 X163.373 Y64.499
N8512 X163.476 Y63.929
N8514 X163.567 Y63.327
N8516 X163.632 Y62.774
N8518 X163.668 Y62.249
N8520 X163.69 Y61.738
N8522 X163.689 Y61.251
N8524 X163.648 Y60.504
N8526 X163.597 Y59.876
N8528 X163.544 Y59.44
N8530 X163.457 Y58.923
N8532 X163.384 Y58.549
N8534 X163.266 Y58.061
N8536 X163.105 Y57.485
N8538 X162.969 Y57.037
N8540 X162.808 Y56.594
N8542 X162.48 Y55.789
N8544 X162.27 Y55.338
N8546 X162.106 Y55.013
N8548 X161.601 Y54.118
N8550 X161.38 Y53.784
N8552 X160.947 Y53.173
N8554 X160.526 Y52.622
N8556 X159.863 Y51.88
N8558 X159.628 Y51.627
N8560 X159.119 Y51.158
N8562 X158.571 Y50.68
N8564 X157.995 Y50.241
N8566 X157.294 Y49.752
N8568 X157.105 Y49.634
N8570 X156.453 Y49.263
N8572 X156.128 Y49.089
N8574 X155.588 Y48.825
N8576 X154.899 Y48.537
N8578 X154.548 Y48.4
N8580 X154.195 Y48.273
N8582 X153.432 Y48.049
N8584 X153.046 Y47.947
N8586 X152.648 Y47.855
N8588 X152.242 Y47.78
N8590 X151.73 Y47.699
N8592 X151.241 Y47.638
N8604 X147.82 Y47.698
N8606 X147.192 Y47.797
N8608 X146.767 Y47.873
N8610 X146.096 Y48.055
N8612 X145.332 Y48.286
N8614 X144.625 Y48.549
N8616 X144.091 Y48.774
N8618 X143.759 Y48.926
N8620 X143.107 Y49.263
N8622 X142.712 Y49.485
N8624 X142.281 Y49.752
N8626 X141.569 Y50.241
N8628 X141.151 Y50.557
N8630 X140.942 Y50.729
N8632 X140.383 Y51.218
N8634 X139.878 Y51.707
N8636 X139.416 Y52.196
N8638 X138.994 Y52.684
N8640 X138.855 Y52.854
N8642 X138.536 Y53.275
N8644 X138.047 Y53.987
N8646 X137.781 Y54.417
N8648 X137.558 Y54.814
N8650 X137.225 Y55.462
N8652 X137.07 Y55.802
N8654 X136.848 Y56.328
N8656 X136.562 Y57.102
N8658 X136.352 Y57.801
N8660 X136.178 Y58.464
N8662 X136.071 Y59.038
N8664 X135.978 Y59.641
N8666 X135.924 Y60.184
N8668 X135.872 Y60.993
N8670 X135.862 Y61.224
N8672 X135.86 Y61.714
N8674 X135.896 Y62.459
N8676 X135.953 Y63.087
N8678 X136. Y63.45
N8680 X136.092 Y64.022
N8682 X136.168 Y64.414
N8684 X136.285 Y64.903
N8686 X136.454 Y65.519
N8688 X136.581 Y65.927
N8690 X136.839 Y66.6
N8692 X137.07 Y67.161
N8694 X137.288 Y67.617
N8696 X137.558 Y68.138
N8698 X137.956 Y68.84
N8700 X138.361 Y69.44
N8702 X138.609 Y69.791
N8704 X139.005 Y70.298
N8706 X139.975 Y71.407
N8708 X141.517 Y73.162
N8710 X141.947 Y73.701
N8712 X143.019 Y75.167
N8714 X143.422 Y75.748
N8716 X143.911 Y76.536
N8718 X144.549 Y77.611
N8720 X144.888 Y78.216
N8722 X145.329 Y79.077
N8724 X145.657 Y79.774
N8726 X145.996 Y80.543 Z0.523
N8728 X146.225 Y81.095 Z0.527
N8730 X146.413 Y81.58 Z0.533
N8732 X146.745 Y82.498 Z0.554
N8734 X146.908 Y82.987 Z0.57
N8736 X147.216 Y84.01 Z0.612
N8738 X147.332 Y84.431 Z0.634
N8740 X147.502 Y85.112 Z0.674
N8742 X147.682 Y85.919 Z0.726
N8744 X147.82 Y86.594 Z0.775
N8746 X147.888 Y86.964 Z0.805
N8748 X147.981 Y87.547 Z0.855
N8750 X148.092 Y88.363 Z0.931
N8752 X148.203 Y89.398 Z1.036
N8754 X148.239 Y89.827 Z1.084
N8756 X148.271 Y90.314 Z1.139
N8758 X148.309 Y91.192 Z1.245
N8760 X148.32 Y91.773 Z1.319
N8762 X148.325 Y93.739 Z1.594
N8764 Y95.206 Z1.818
N8766 Y97.161 Z2.145
N8768 Y99.099 Z2.494
N8770 Y101.062 Z2.867
N8772 Y103.506 Z3.357
N8774 Y107.408 Z4.171
N8776 Y112.296 Z5.195
N8778 Y114.739 Z5.686
N8780 X148.324 Y116.711 Z6.06
N8782 X148.321 Y118.165 Z6.32
N8784 X148.302 Y119.153 Z6.487
N8786 X148.255 Y120.128 Z6.642
N8788 X148.21 Y120.719 Z6.732
N8790 X148.121 Y121.598 Z6.859
N8792 X147.995 Y122.576 Z6.99
N8794 X147.906 Y123.15 Z7.061
N8796 X147.759 Y123.965 Z7.154
N8798 X147.586 Y124.785 Z7.238
N8800 X147.415 Y125.508 Z7.306
N8802 X147.282 Y126.046 Z7.349
N8804 X147.015 Y126.974 Z7.412
N8806 X146.843 Y127.532 Z7.446
N8808 X146.531 Y128.441 Z7.487
N8810 X146.355 Y128.928 Z7.502
N8812 X145.967 Y129.907 Z7.518
N8822 X143.911 Y133.91
N8824 X143.347 Y134.794
N8826 X142.934 Y135.394
N8828 X142.301 Y136.261
N8830 X141.848 Y136.857
N8832 X141.468 Y137.326
N8834 X140.7 Y138.216
N8836 X139.416 Y139.682
N8838 X138.908 Y140.287
N8840 X138.536 Y140.776
N8842 X138.047 Y141.492
N8844 X137.81 Y141.873
N8846 X137.558 Y142.323
N8848 X137.244 Y142.929
N8850 X137.07 Y143.305
N8852 X136.859 Y143.802
N8854 X136.56 Y144.59
N8856 X136.355 Y145.284
N8858 X136.178 Y145.95
N8860 X136.074 Y146.521
N8862 X135.983 Y147.123
N8864 X135.918 Y147.676
N8866 X135.882 Y148.201
N8868 X135.86 Y148.711
N8870 X135.861 Y149.199
N8872 X135.902 Y149.946
N8874 X135.954 Y150.572
N8876 X136.008 Y151.007
N8878 X136.092 Y151.519
N8880 X136.167 Y151.901
N8882 X136.283 Y152.389
N8884 X136.444 Y152.964
N8886 X136.581 Y153.412
N8888 X136.742 Y153.856
N8890 X137.07 Y154.66
N8892 X137.28 Y155.112
N8894 X137.444 Y155.437
N8896 X137.948 Y156.332
N8898 X138.169 Y156.666
N8900 X138.601 Y157.277
N8902 X139.024 Y157.828
N8904 X139.686 Y158.57
N8906 X139.922 Y158.823
N8908 X140.431 Y159.291
N8910 X140.979 Y159.77
N8912 X141.555 Y160.209
N8914 X142.256 Y160.698
N8916 X142.445 Y160.816
N8918 X143.097 Y161.187
N8920 X143.422 Y161.361
N8922 X143.962 Y161.625
N8924 X144.651 Y161.913
N8926 X145.002 Y162.05
N8928 X145.355 Y162.177
N8930 X146.118 Y162.4
N8932 X146.504 Y162.503
N8934 X146.901 Y162.595
N8936 X147.307 Y162.67
N8938 X147.82 Y162.751
N8940 X148.309 Y162.813
N8942 X148.798 Y162.854
N8944 X149.538 Y162.89
N8946 X150.026
N8948 X150.752 Y162.855
N8950 X151.061 Y162.832
N8952 X151.02 Y162.433
N8954 X151.517 Y162.377
N8956 X152.093 Y162.289
N8958 X152.688 Y162.189
N8960 X153.352 Y162.008
N8962 X154.051 Y161.797
N8964 X154.394 Y161.676
N8966 X154.829 Y161.508
N8968 X155.639 Y161.152
N8970 X156.498 Y160.698
N8972 X156.782 Y160.532
N8974 X157.281 Y160.209
N8976 X157.963 Y159.721
N8978 X158.607 Y159.196
N8980 X159.102 Y158.743
N8982 X159.588 Y158.254
N8984 X160.03 Y157.766
N8986 X160.526 Y157.156
N8988 X161.014 Y156.475
N8990 X161.336 Y155.978
N8992 X161.503 Y155.691
N8994 X161.956 Y154.833
N8996 X162.309 Y154.026
N8998 X162.556 Y153.367
N9000 X162.711 Y152.878
N9002 X162.854 Y152.389
N9004 X162.988 Y151.882
N9006 X163.092 Y151.289
N9008 X163.177 Y150.715
N9010 X163.231 Y150.172
N9012 X163.277 Y149.457
N9014 X163.291 Y149.134
N9016 X163.287 Y148.65
N9018 X163.252 Y147.991
N9026 X162.969 Y146.013
N9028 X162.852 Y145.547
N9030 X162.659 Y144.879
N9032 X162.558 Y144.562
N9034 X162.404 Y144.157
N9036 X162.119 Y143.464
N9038 X161.953 Y143.103
N9040 X161.651 Y142.523
N9042 X161.431 Y142.126
N9044 X161.112 Y141.603
N9046 X160.526 Y140.767
N9048 X160.443 Y140.659
N9050 X160.037 Y140.173
N9052 X157.767 Y137.592
N9054 X157.478 Y137.238
N9056 X157.105 Y136.749
N9058 X156.04 Y135.283
N9060 X155.639 Y134.681
N9062 X155.127 Y133.84
N9064 X154.545 Y132.839
N9066 X154.173 Y132.147
N9068 X153.781 Y131.347
N9070 X153.355 Y130.396
N9072 X153.163 Y129.939 Z7.518
N9074 X152.806 Y129.029 Z7.504
N9076 X152.532 Y128.266 Z7.48
N9078 X152.267 Y127.47 Z7.443
N9080 X152.073 Y126.829 Z7.403
N9082 X151.835 Y125.965 Z7.343
N9084 X151.721 Y125.516 Z7.306
N9086 X151.5 Y124.531 Z7.212
N9088 X151.308 Y123.566 Z7.109
N9090 X151.223 Y123.064 Z7.051
N9092 X151.085 Y122.087 Z6.926
N9094 X150.999 Y121.356 Z6.825
N9096 X150.932 Y120.621 Z6.718
N9098 X150.889 Y119.995 Z6.621
N9100 X150.85 Y119.154 Z6.487
N9102 X150.83 Y118.255 Z6.336
N9104 X150.825 Y116.297 Z5.984
N9106 Y114.269 Z5.594
N9108 Y111.337 Z4.997
N9110 Y104.006 Z3.459
N9112 Y101.562 Z2.965
N9114 Y99.607 Z2.588
N9116 Y98.139 Z2.319
N9118 Y96.747 Z2.074
N9120 Y95.206 Z1.819
N9122 Y93.326 Z1.535
N9124 X150.831 Y91.786 Z1.321
N9126 X150.84 Y91.296 Z1.258
N9128 X150.861 Y90.698 Z1.185
N9130 X150.912 Y89.829 Z1.084
N9132 X150.973 Y89.12 Z1.007
N9134 X151.076 Y88.198 Z0.915
N9136 X151.196 Y87.341 Z0.837
N9138 X151.275 Y86.862 Z0.797
N9140 X151.457 Y85.919 Z0.725
N9142 X151.593 Y85.295 Z0.685
N9144 X151.817 Y84.365 Z0.632
N9146 X152.107 Y83.365 Z0.585
N9148 X152.336 Y82.634 Z0.558
N9150 X152.554 Y82.009 Z0.542
N9152 X152.722 Y81.547 Z0.532
N9154 X153. Y80.836 Z0.525
N9156 X153.287 Y80.145 Z0.52
N9158 X153.549 Y79.566
N9160 X153.869 Y78.892
N9162 X154.278 Y78.099
N9164 X154.662 Y77.407
N9166 X155.15 Y76.575
N9168 X155.726 Y75.656
N9170 X156.128 Y75.057
N9172 X156.752 Y74.189
N9174 X157.147 Y73.658
N9176 X157.594 Y73.091
N9178 X158.319 Y72.234
N9180 X159.949 Y70.367
N9182 X160.526 Y69.654
N9184 X161.014 Y68.971
N9186 X161.304 Y68.523
N9188 X161.503 Y68.183
N9190 X161.946 Y67.347
N9192 X162.297 Y66.552
N9194 X162.555 Y65.881
N9196 X162.597 Y65.764
N9198 X162.852 Y64.903
N9200 X162.988 Y64.395
N9202 X163.09 Y63.805
N9204 X163.176 Y63.23
N9206 X163.237 Y62.68
N9208 X163.28 Y61.971
N9210 X163.292 Y61.647
N9212 X163.285 Y61.165
N9214 X163.247 Y60.504
N9216 X163.207 Y60.016
N9218 X163.148 Y59.527
N9220 X163.055 Y58.952
N9222 X162.969 Y58.519
N9232 X162.139 Y56.01
N9234 X161.965 Y55.617
N9236 X161.657 Y55.026
N9238 X161.44 Y54.639
N9240 X161.093 Y54.071
N9242 X160.483 Y53.216
N9244 X160.05 Y52.684
N9246 X159.548 Y52.127
N9248 X159.094 Y51.672
N9250 X158.583 Y51.218
N9252 X158.041 Y50.77
N9254 X157.594 Y50.446
N9256 X157.105 Y50.109
N9258 X156.51 Y49.752
N9260 X155.944 Y49.446
N9262 X155.586 Y49.263
N9264 X155.15 Y49.073
N9266 X154.416 Y48.774
N9268 X154.173 Y48.69
N9270 X153.488 Y48.482
N9272 X153.106 Y48.375
N9274 X152.719 Y48.278
N9276 X152.306 Y48.198
N9278 X151.73 Y48.105
N9280 X151.241 Y48.041
N9282 X150.752 Y47.997
N9284 X150.098 Y47.962
N9286 X149.615 Y47.957
N9288 X149.106 Y47.977
N9290 X148.582 Y48.012
N9292 X148.034 Y48.072
N9294 X147.458 Y48.159
N9296 X146.862 Y48.259
N9298 X146.198 Y48.442
N9300 X145.498 Y48.653
N9302 X145.157 Y48.774
N9304 X144.721 Y48.942
N9306 X143.911 Y49.298
N9308 X143.053 Y49.752
N9310 X142.767 Y49.919
N9312 X142.269 Y50.241
N9314 X141.587 Y50.729
N9316 X140.937 Y51.26
N9318 X140.448 Y51.707
N9320 X139.961 Y52.196
N9322 X139.519 Y52.684
N9324 X139.024 Y53.294
N9326 X138.536 Y53.975
N9328 X138.214 Y54.472
N9330 X138.047 Y54.759
N9332 X137.594 Y55.617
N9334 X137.241 Y56.423
N9336 X136.994 Y57.083
N9338 X136.839 Y57.572
N9340 X136.696 Y58.061
N9342 X136.562 Y58.568
N9344 X136.457 Y59.162
N9346 X136.371 Y59.737
N9348 X136.318 Y60.278
N9350 X136.273 Y60.993
N9352 X136.258 Y61.316
N9354 X136.263 Y61.8
N9356 X136.298 Y62.459
N9358 X136.342 Y62.948
N9360 X136.429 Y63.589
N9362 X136.497 Y64.009
N9364 X136.581 Y64.436
N9366 X136.698 Y64.903
N9368 X136.891 Y65.57
N9370 X136.992 Y65.888
N9372 X137.146 Y66.293
N9374 X137.431 Y66.986
N9376 X137.597 Y67.347
N9378 X137.899 Y67.927
N9380 X138.119 Y68.324
N9382 X138.438 Y68.847
N9384 X138.85 Y69.44
N9386 X139.108 Y69.791
N9388 X139.513 Y70.275
N9390 X141.783 Y72.858
N9392 X142.072 Y73.212
N9394 X142.445 Y73.701
N9396 X143.51 Y75.167
N9398 X143.911 Y75.77
N9400 X144.599 Y76.907
N9402 X145.01 Y77.611
N9404 X145.377 Y78.285
N9406 X145.866 Y79.269
N9408 X146.22 Y80.054
N9410 X146.486 Y80.675 Z0.523
N9412 X146.818 Y81.519 Z0.532
N9414 X147.195 Y82.579 Z0.556
N9416 X147.443 Y83.364 Z0.585
N9418 X147.661 Y84.117 Z0.618
N9420 X147.863 Y84.899 Z0.662
N9422 X148.044 Y85.696 Z0.711
N9432 X148.598 Y89.341 Z1.03
N9434 X148.649 Y89.978 Z1.101
N9436 X148.693 Y90.807 Z1.198
N9438 X148.712 Y91.277 Z1.256
N9440 X148.723 Y92.196 Z1.377
N9442 X148.725 Y93.739 Z1.594
N9444 Y95.619 Z1.887
N9446 Y97.161 Z2.145
N9448 Y99.113 Z2.496
N9450 Y101.069 Z2.869
N9452 Y103.512 Z3.357
N9454 Y108.052 Z4.307
N9456 Y112.309 Z5.198
N9458 Y114.753 Z5.689
N9460 X148.724 Y116.711 Z6.06
N9462 X148.721 Y118.175 Z6.322
N9464 X148.713 Y118.75 Z6.42
N9466 X148.675 Y119.766 Z6.585
N9468 X148.618 Y120.621 Z6.718
N9470 X148.55 Y121.351 Z6.824
N9472 X148.464 Y122.087 Z6.925
N9474 X148.388 Y122.655 Z6.999
N9476 X148.309 Y123.173 Z7.063
N9478 X148.228 Y123.634 Z7.117
N9480 X148.05 Y124.531 Z7.212
N9482 X147.92 Y125.119 Z7.271
N9484 X147.82 Y125.543 Z7.309
N9486 X147.667 Y126.15 Z7.357
N9488 X147.41 Y127.053 Z7.417
N9490 X147.262 Y127.533 Z7.446
N9492 X146.957 Y128.441 Z7.487
N9494 X146.744 Y129.028 Z7.504
N9496 X146.399 Y129.907 Z7.518
N9498 X146.073 Y130.677 Z7.52
N9500 X145.652 Y131.586
N9502 X145.264 Y132.351
N9504 X144.999 Y132.839
N9506 X144.4 Y133.875
N9508 X143.825 Y134.794
N9510 X143.422 Y135.394
N9512 X142.799 Y136.261
N9514 X142.404 Y136.79
N9516 X141.956 Y137.359
N9518 X141.23 Y138.216
N9520 X139.589 Y140.094
N9522 X139.024 Y140.794
N9524 X138.536 Y141.478
N9526 X138.246 Y141.926
N9528 X138.047 Y142.268
N9530 X137.604 Y143.103
N9532 X137.253 Y143.897
N9534 X136.995 Y144.569
N9536 X136.953 Y144.686
N9538 X136.698 Y145.547
N9540 X136.562 Y146.054
N9542 X136.461 Y146.645
N9544 X136.374 Y147.22
N9546 X136.313 Y147.77
N9548 X136.269 Y148.479
N9550 X136.258 Y148.803
N9552 X136.265 Y149.284
N9554 X136.303 Y149.946
N9556 X136.344 Y150.434
N9558 X136.404 Y150.923
N9560 X136.496 Y151.497
N9562 X136.581 Y151.929
N9564 X136.697 Y152.389
N9566 X136.892 Y153.056
N9568 X136.988 Y153.367
N9570 X137.07 Y153.6
N9572 X137.411 Y154.44
N9574 X137.585 Y154.833
N9576 X137.893 Y155.424
N9578 X138.109 Y155.811
N9580 X138.456 Y156.379
N9582 X139.024 Y157.178
N9584 X139.285 Y157.505
N9586 X139.5 Y157.766
N9588 X140.002 Y158.322
N9590 X140.455 Y158.778
N9592 X140.967 Y159.232
N9594 X141.508 Y159.68
N9596 X142.249 Y160.209
N9598 X142.445 Y160.34
N9600 X143.04 Y160.698
N9602 X143.606 Y161.003
N9604 X143.964 Y161.187
N9606 X144.4 Y161.377
N9608 X145.133 Y161.676
N9618 X147.243 Y162.253
N9620 X147.82 Y162.345
N9622 X148.309 Y162.409
N9624 X148.798 Y162.453
N9626 X149.452 Y162.488
N9628 X149.935 Y162.493
N9630 X150.444 Y162.473
N9632 X151.02 Y162.433
N9634 X150.979 Y162.034
N9636 X151.419 Y161.986
N9638 X152.218 Y161.861
N9640 X152.586 Y161.796
N9642 X153.06 Y161.676
N9644 X153.953 Y161.407
N9646 X154.662 Y161.145
N9648 X155.638 Y160.705
N9650 X156.616 Y160.163
N9652 X157.105 Y159.843
N9654 X157.283 Y159.721
N9656 X157.932 Y159.232
N9658 X158.571 Y158.686
N9660 X159.06 Y158.22
N9662 X159.548 Y157.701
N9664 X160.037 Y157.125
N9666 X160.526 Y156.477
N9668 X160.893 Y155.932
N9670 X161.014 Y155.734
N9672 X161.514 Y154.822
N9674 X161.947 Y153.856
N9676 X162.206 Y153.152
N9678 X162.426 Y152.444
N9680 X162.595 Y151.786
N9682 X162.702 Y151.19
N9684 X162.785 Y150.618
N9686 X162.847 Y149.946
N9688 X162.877 Y149.457
N9690 X162.896 Y148.968
N9692 X162.881 Y148.479
N9694 X162.851 Y147.991
N9696 X162.806 Y147.502
N9698 X162.739 Y147.013
N9700 X162.63 Y146.374
N9702 X162.562 Y146.036
N9704 X162.447 Y145.58
N9706 X162.295 Y145.058
N9708 X162.096 Y144.465
N9710 X161.813 Y143.771
N9712 X161.665 Y143.43
N9714 X161.505 Y143.103
N9716 X161.178 Y142.493
N9718 X160.969 Y142.126
N9720 X160.625 Y141.601
N9722 X160.193 Y140.992
N9724 X159.928 Y140.659
N9726 X158.38 Y138.895
N9728 X157.467 Y137.854
N9730 X157.244 Y137.587
N9732 X156.972 Y137.238
N9734 X155.994 Y135.905
N9736 X155.555 Y135.283
N9738 X155.15 Y134.652
N9740 X154.473 Y133.517
N9742 X154.088 Y132.839
N9744 X153.803 Y132.301
N9746 X153.46 Y131.598
N9748 X153.152 Y130.928
N9750 X152.868 Y130.271 Z7.519
N9752 X152.577 Y129.548 Z7.514
N9754 X152.343 Y128.929 Z7.502
N9756 X152.143 Y128.365 Z7.484
N9758 X151.847 Y127.463 Z7.443
N9760 X151.685 Y126.93 Z7.41
N9762 X151.431 Y125.997 Z7.346
N9764 X151.241 Y125.217 Z7.279
N9766 X151.033 Y124.249 Z7.184
N9768 X150.883 Y123.453 Z7.096
N9770 X150.819 Y123.067 Z7.051
N9772 X150.689 Y122.15 Z6.934
N9774 X150.607 Y121.453 Z6.839
N9776 X150.531 Y120.621 Z6.718
N9778 X150.484 Y119.911 Z6.608
N9780 X150.451 Y119.154 Z6.487
N9786 Y114.267 Z5.594
N9788 Y111.173 Z4.963
N9790 Y104.249 Z3.51
N9792 Y101.559 Z2.965
N9794 Y99.604 Z2.588
N9796 Y97.977 Z2.29
N9798 Y96.672 Z2.061
N9800 Y95.206 Z1.819
N9802 Y93.251 Z1.524
N9804 X150.433 Y91.784 Z1.321
N9806 X150.446 Y91.113 Z1.236
N9808 X150.481 Y90.318 Z1.139
N9810 X150.528 Y89.605 Z1.059
N9812 X150.613 Y88.712 Z0.965
N9814 X150.716 Y87.874 Z0.884
N9816 X150.779 Y87.422 Z0.843
N9818 X150.887 Y86.762 Z0.789
N9820 X151.049 Y85.919 Z0.725
N9822 X151.264 Y84.942 Z0.663
N9824 X151.432 Y84.262 Z0.626
N9826 X151.73 Y83.231 Z0.58
N9828 X151.964 Y82.498 Z0.554
N9830 X152.128 Y82.009 Z0.542
N9832 X152.416 Y81.23 Z0.529
N9834 X152.692 Y80.528 Z0.521
N9836 X153.035 Y79.726 Z0.52
N9838 X153.466 Y78.807
N9840 X153.826 Y78.099
N9842 X154.173 Y77.459
N9844 X154.65 Y76.633
N9846 X155.251 Y75.656
N9848 X155.639 Y75.063
N9850 X156.256 Y74.189
N9852 X156.613 Y73.704
N9854 X157.105 Y73.064
N9856 X157.594 Y72.466
N9858 X158.449 Y71.477
N9860 X159.548 Y70.218
N9862 X160.037 Y69.626
N9864 X160.526 Y68.975
N9866 X160.859 Y68.48
N9868 X161.014 Y68.226
N9870 X161.503 Y67.337
N9872 X161.94 Y66.369
N9874 X162.206 Y65.666
N9876 X162.422 Y64.961
N9878 X162.595 Y64.3
N9880 X162.7 Y63.706
N9882 X162.785 Y63.132
N9884 X162.853 Y62.459
N9886 X162.881 Y61.971
N9888 X162.896 Y61.482
N9890 X162.878 Y60.993
N9892 X162.82 Y60.165
N9894 X162.771 Y59.725
N9896 X162.707 Y59.3
N9898 X162.633 Y58.886
N9900 X162.564 Y58.549
N9902 X162.448 Y58.093
N9904 X162.221 Y57.342
N9906 X162.099 Y56.976
N9908 X161.817 Y56.28
N9910 X161.677 Y55.951
N9912 X161.503 Y55.585
N9914 X161.014 Y54.698
N9916 X160.632 Y54.108
N9918 X160.212 Y53.523
N9920 X159.94 Y53.173
N9922 X159.512 Y52.684
N9924 X159.064 Y52.192
N9926 X158.552 Y51.725
N9928 X157.963 Y51.218
N9930 X157.77 Y51.067
N9932 X157.105 Y50.593
N9934 X156.56 Y50.241
N9936 X155.968 Y49.912
N9938 X155.656 Y49.744
N9948 X153.059 Y48.774
N9950 X152.707 Y48.689
N9952 X152.218 Y48.592
N9954 X151.534 Y48.481
N9956 X151.099 Y48.427
N9958 X150.648 Y48.39
N9960 X150.184 Y48.365
N9962 X149.708 Y48.353
N9964 X149.199 Y48.372
N9966 X148.678 Y48.405
N9968 X148.132 Y48.463
N9970 X147.332 Y48.587
N9972 X146.965 Y48.652
N9974 X146.3 Y48.828
N9976 X145.596 Y49.044
N9978 X144.888 Y49.306
N9980 X143.912 Y49.745
N9982 X142.934 Y50.287
N9984 X142.445 Y50.607
N9986 X142.267 Y50.729
N9988 X141.619 Y51.218
N9990 X140.979 Y51.765
N9992 X140.49 Y52.23
N9994 X140.002 Y52.748
N9996 X139.513 Y53.325
N9998 X139.024 Y53.973
N10000 X138.658 Y54.517
N10002 X138.536 Y54.716
N10004 X138.036 Y55.627
N10006 X137.603 Y56.594
N10008 X137.344 Y57.298
N10010 X137.124 Y58.006
N10012 X136.955 Y58.664
N10014 X136.847 Y59.261
N10016 X136.763 Y59.834
N10018 X136.703 Y60.504
N10020 X136.672 Y60.993
N10022 X136.654 Y61.482
N10024 X136.669 Y61.971
N10026 X136.698 Y62.459
N10028 X136.744 Y62.948
N10030 X136.811 Y63.437
N10032 X136.92 Y64.075
N10034 X136.987 Y64.414
N10036 X137.102 Y64.87
N10038 X137.255 Y65.392
N10040 X137.454 Y65.984
N10042 X137.737 Y66.679
N10044 X137.885 Y67.02
N10046 X138.044 Y67.347
N10048 X138.372 Y67.957
N10050 X138.581 Y68.324
N10052 X138.925 Y68.849
N10054 X139.357 Y69.457
N10056 X139.625 Y69.791
N10058 X140.477 Y70.767
N10060 X141.956 Y72.447
N10062 X142.306 Y72.862
N10064 X142.731 Y73.415
N10066 X143.743 Y74.803
N10068 X143.995 Y75.167
N10070 X144.4 Y75.8
N10072 X145.079 Y76.931
N10074 X145.468 Y77.611
N10076 X145.753 Y78.142
N10078 X146.238 Y79.122
N10080 X146.564 Y79.844
N10082 X146.879 Y80.579 Z0.523
N10084 X147.243 Y81.521 Z0.532
N10086 X147.422 Y82.009 Z0.542
N10088 X147.645 Y82.673 Z0.56
N10090 X147.894 Y83.476 Z0.589
N10092 X148.163 Y84.453 Z0.635
N10094 X148.38 Y85.36 Z0.689
N10096 X148.55 Y86.16 Z0.743
N10108 X149.056 Y90.088 Z1.113
N10110 X149.093 Y90.807 Z1.198
N10112 X149.114 Y91.467 Z1.28
N10114 X149.124 Y92.843 Z1.467
N10116 X149.125 Y94.228 Z1.668
N10118 Y95.533 Z1.873
N10120 Y97.161 Z2.145
N10122 Y99.035 Z2.482
N10124 Y101.071 Z2.869
N10126 Y103.514 Z3.358
N10128 Y108.156 Z4.329
N10130 Y112.312 Z5.199
N10132 Y114.756 Z5.689
N10134 X149.124 Y116.711 Z6.061
N10136 X149.118 Y118.345 Z6.351
N10138 X149.1 Y119.154 Z6.487
N10140 X149.07 Y119.859 Z6.6
N10142 X149.019 Y120.621 Z6.718
N10144 X148.961 Y121.272 Z6.813
N10146 X148.868 Y122.087 Z6.925
N10148 X148.798 Y122.621 Z6.995
N10150 X148.718 Y123.144 Z7.06
N10152 X148.557 Y124.042 Z7.163
N10154 X148.433 Y124.654 Z7.224
N10156 X148.24 Y125.508 Z7.306
N10158 X148.054 Y126.252 Z7.365
N10160 X147.82 Y127.077 Z7.419
N10162 X147.649 Y127.634 Z7.452
N10164 X147.332 Y128.584 Z7.491
N10166 X147.022 Y129.418 Z7.513
N10168 X146.697 Y130.235 Z7.519
N10170 X146.354 Y131.027 Z7.52
N10172 X145.962 Y131.862
N10174 X145.551 Y132.666
N10176 X145.18 Y133.328
N10178 X144.899 Y133.817
N10180 X144.3 Y134.794
N10182 X143.911 Y135.388
N10184 X143.294 Y136.261
N10186 X142.938 Y136.744
N10188 X142.445 Y137.386
N10190 X141.956 Y137.984
N10192 X141.096 Y138.977
N10194 X140.002 Y140.23
N10196 X139.513 Y140.823
N10198 X139.024 Y141.475
N10200 X138.691 Y141.97
N10202 X138.536 Y142.224
N10204 X138.047 Y143.114
N10206 X137.61 Y144.081
N10208 X137.344 Y144.783
N10210 X137.128 Y145.488
N10212 X136.956 Y146.15
N10214 X136.85 Y146.743
N10216 X136.765 Y147.318
N10218 X136.697 Y147.991
N10220 X136.669 Y148.479
N10222 X136.654 Y148.968
N10224 X136.672 Y149.457
N10226 X136.731 Y150.284
N10228 X136.781 Y150.723
N10230 X136.844 Y151.148
N10232 X136.918 Y151.563
N10234 X136.986 Y151.901
N10236 X137.102 Y152.357
N10238 X137.329 Y153.108
N10240 X137.451 Y153.474
N10242 X137.733 Y154.17
N10244 X137.873 Y154.498
N10246 X138.047 Y154.864
N10248 X138.536 Y155.751
N10250 X138.917 Y156.342
N10252 X139.338 Y156.928
N10264 X141.794 Y159.394
N10266 X142.445 Y159.856
N10268 X142.989 Y160.209
N10270 X143.582 Y160.538
N10272 X143.894 Y160.705
N10274 X144.224 Y160.865
N10276 X144.987 Y161.187
N10278 X145.266 Y161.298
N10280 X146.006 Y161.535
N10282 X146.492 Y161.676
N10284 X146.843 Y161.761
N10286 X147.332 Y161.858
N10288 X148.016 Y161.969
N10290 X148.451 Y162.023
N10292 X148.902 Y162.06
N10294 X149.365 Y162.085
N10296 X149.842 Y162.097
N10298 X150.35 Y162.078
N10300 X150.979 Y162.034
N10302 X150.939 Y161.636
N10304 X151.319 Y161.597
N10306 X151.895 Y161.51
N10308 X152.489 Y161.405
N10310 X153.185 Y161.224
N10312 X153.854 Y161.017
N10314 X154.691 Y160.698
N10316 X155.549 Y160.299
N10318 X155.718 Y160.209
N10320 X156.616 Y159.689
N10322 X157.275 Y159.232
N10324 X157.891 Y158.743
N10326 X158.441 Y158.254
N10328 X158.936 Y157.766
N10330 X159.382 Y157.277
N10332 X159.548 Y157.084
N10334 X160.037 Y156.468
N10336 X160.494 Y155.811
N10338 X161.014 Y154.911
N10340 X161.101 Y154.746
N10342 X161.522 Y153.837
N10344 X161.817 Y153.052
N10346 X162.038 Y152.343
N10348 X162.204 Y151.688
N10350 X162.313 Y151.091
N10352 X162.404 Y150.434
N10354 X162.444 Y149.982
N10356 X162.48 Y149.429
N10358 X162.501 Y148.968
N10360 X162.482 Y148.48
N10362 X162.452 Y147.991
N10364 X162.404 Y147.502
N10366 X162.335 Y147.013
N10368 X162.25 Y146.524
N10370 X162.119 Y145.908
N10372 X161.992 Y145.435
N10374 X161.875 Y145.058
N10376 X161.649 Y144.423
N10378 X161.508 Y144.075
N10380 X161.294 Y143.592
N10392 X159.013 Y140.217
N10394 X157.209 Y138.17
N10396 X156.768 Y137.629
N10398 X156.121 Y136.758
N10406 X154.173 Y133.797
N10408 X153.841 Y133.221
N10410 X153.65 Y132.873
N10420 X151.999 Y129.148 Z7.507
N10422 X151.73 Y128.392 Z7.485
N10424 X151.429 Y127.463 Z7.443
N10426 X151.241 Y126.829 Z7.403
N10428 X151.02 Y125.997 Z7.346
N10430 X150.79 Y125.035 Z7.263
N10432 X150.584 Y124.042 Z7.163
N10442 X150.119 Y120.476 Z6.696
N10444 X150.061 Y119.441 Z6.533
N10446 X150.033 Y118.435 Z6.366
N10454 Y103.881 Z3.434
N10456 Y101.559 Z2.965
N10460 Y98.138 Z2.318
N10462 Y96.672 Z2.061
N10464 Y95.206 Z1.819
N10466 Y93.251 Z1.524
N10476 X150.202 Y88.79 Z0.973
N10482 X150.579 Y86.235 Z0.748
N10484 X150.752 Y85.386 Z0.691
N10486 X150.972 Y84.453 Z0.636
N10488 X151.1 Y83.964 Z0.61
N10490 X151.238 Y83.478 Z0.589
N10492 X151.452 Y82.775 Z0.563
N10494 X151.73 Y81.937 Z0.54
N10496 X152.063 Y81.032 Z0.527
N10498 X152.244 Y80.569 Z0.522
N10500 X152.458 Y80.054 Z0.52
N10502 X152.707 Y79.481
N10504 X153.128 Y78.588
N10506 X153.632 Y77.611
N10508 X154.205 Y76.601
N10510 X154.779 Y75.656
N10512 X155.15 Y75.075
N10514 X155.764 Y74.189
N10516 X156.118 Y73.701
N10518 X156.616 Y73.042
N10520 X157.105 Y72.428
N10522 X157.684 Y71.746
N10524 X159.06 Y70.171
N10526 X159.548 Y69.591
N10528 X160.037 Y68.967
N10530 X160.401 Y68.449
N10532 X160.526 Y68.256
N10534 X161.045 Y67.347
N10536 X161.506 Y66.37
N10538 X161.816 Y65.567
N10540 X162.035 Y64.86
N10542 X162.204 Y64.202
N10544 X162.336 Y63.437
N10546 X162.405 Y62.948
N10548 X162.454 Y62.459
N10550 X162.482 Y61.971
N10552 X162.501 Y61.482
N10554 X162.48 Y61.019
N10556 X162.412 Y60.084
N10558 X162.339 Y59.527
N10560 X162.253 Y59.038
N10562 X162.12 Y58.421
N10564 X161.992 Y57.953
N10566 X161.875 Y57.572
N10568 X161.653 Y56.933
N10570 X161.503 Y56.563
N10572 X161.303 Y56.106
N10574 X161.067 Y55.617
N10576 X160.707 Y54.968
N10578 X160.515 Y54.649
N10580 X160.037 Y53.963
N10582 X159.699 Y53.511
N10584 X159.412 Y53.173
N10586 X158.972 Y52.684
N10588 X158.527 Y52.239
N10590 X157.924 Y51.707
N10592 X157.744 Y51.556
N10594 X157.212 Y51.157
N10596 X156.592 Y50.729
N10598 X156.31 Y50.559
N10600 X155.639 Y50.189
N10602 X155.014 Y49.888
N10604 X154.701 Y49.752
N10606 X154.335 Y49.603
N10608 X153.684 Y49.376
N10610 X153.233 Y49.24
N10612 X152.848 Y49.134
N10614 X152.218 Y49.
N10616 X151.608 Y48.896
N10618 X151.179 Y48.837
N10620 X150.731 Y48.795
N10622 X150.272 Y48.768
N10624 X149.8 Y48.749
N10626 X149.295 Y48.767
N10628 X148.774 Y48.798
N10630 X148.231 Y48.852
N10632 X147.657 Y48.938
N10634 X147.063 Y49.043
N10636 X146.402 Y49.215
N10638 X145.696 Y49.433
N10640 X144.859 Y49.752
N10642 X144. Y50.152
N10644 X143.832 Y50.241
N10646 X142.934 Y50.761
N10648 X142.275 Y51.218
N10650 X141.659 Y51.707
N10652 X141.109 Y52.196
N10654 X140.614 Y52.684
N10656 X140.167 Y53.173
N10658 X140.002 Y53.365
N10660 X139.513 Y53.982
N10662 X139.056 Y54.639
N10664 X138.536 Y55.539
N10666 X138.449 Y55.703
N10668 X138.029 Y56.613
N10670 X137.733 Y57.397
N10672 X137.512 Y58.107
N10674 X137.346 Y58.762
N10676 X137.236 Y59.36
N10678 X137.145 Y60.016
N10680 X137.106 Y60.468
N10682 X137.07 Y61.023
N10684 X137.049 Y61.482
N10686 X137.068 Y61.97
N10688 X137.098 Y62.459
N10690 X137.145 Y62.948
N10692 X137.215 Y63.437
N10694 X137.3 Y63.926
N10696 X137.431 Y64.542
N10698 X137.558 Y65.014
N10700 X137.675 Y65.392
N10702 X137.901 Y66.026
N10704 X138.042 Y66.374
N10706 X138.256 Y66.858
N10708 X138.536 Y67.42
N10710 X138.857 Y68.003
N10712 X139.053 Y68.324
N10714 X139.513 Y68.99
N10716 X139.858 Y69.445
N10718 X140.309 Y69.972
N10720 X142.341 Y72.28
N10722 X142.782 Y72.82
N10724 X143.429 Y73.692
N10726 X144.231 Y74.803
N10728 X144.474 Y75.167
N10730 X144.821 Y75.723
N10732 X145.377 Y76.648
N10734 X145.711 Y77.225
N10736 X145.903 Y77.573
N10738 X146.218 Y78.173
N10740 X146.56 Y78.871
N10742 X146.868 Y79.54
N10744 X147.294 Y80.539 Z0.522
N10746 X147.693 Y81.582 Z0.533
N10748 X147.86 Y82.049 Z0.543
N10750 X148.162 Y82.987 Z0.57
N10752 X148.309 Y83.468 Z0.589
N10754 X148.52 Y84.242 Z0.624
N10756 X148.694 Y84.942 Z0.664
N10758 X148.89 Y85.827 Z0.72
N10760 X149.047 Y86.647 Z0.78
N10762 X149.177 Y87.433 Z0.844
N10764 X149.286 Y88.241 Z0.919
N10766 X149.402 Y89.341 Z1.03
N10768 X149.451 Y89.994 Z1.103
N10770 X149.494 Y90.807 Z1.198
N10772 X149.516 Y91.555 Z1.291
N10774 X149.524 Y92.888 Z1.473
N10776 X149.525 Y94.228 Z1.668
N10778 Y95.444 Z1.858
N10780 Y97.41 Z2.189
N10782 Y99.235 Z2.519
N10784 Y101.071 Z2.869
N10786 Y103.514 Z3.358
N10788 Y108.223 Z4.343
N10790 Y112.312 Z5.199
N10792 Y114.517 Z5.643
N10794 X149.524 Y116.711 Z6.061
N10796 X149.517 Y118.435 Z6.366
N10798 X149.493 Y119.362 Z6.521
N10800 X149.445 Y120.29 Z6.667
N10802 X149.371 Y121.194 Z6.802
N10804 X149.272 Y122.084 Z6.925
N10806 X149.155 Y122.932 Z7.034
N10808 X149.014 Y123.77 Z7.132
N10810 X148.856 Y124.589 Z7.217
N10812 X148.753 Y125.064 Z7.266
N10814 X148.531 Y125.997 Z7.345
N10816 X148.405 Y126.486 Z7.382
N10818 X148.121 Y127.463 Z7.443
N10820 X147.93 Y128.062 Z7.472
N10822 X147.804 Y128.441 Z7.487
N10824 X147.451 Y129.418 Z7.513
N10826 X147.14 Y130.204 Z7.519
N10828 X146.843 Y130.913 Z7.52
N10830 X146.354 Y131.97
N10832 X145.866 Y132.923
N10834 X145.34 Y133.853
N10836 X144.772 Y134.794
N10838 X144.4 Y135.376
N10840 X143.787 Y136.261
N10842 X143.432 Y136.749
N10844 X142.934 Y137.408
N10846 X142.445 Y138.022
N10848 X141.866 Y138.704
N10850 X140.49 Y140.277
N10852 X140.002 Y140.857
N10854 X139.513 Y141.482
N10856 X139.149 Y142.001
N10858 X139.024 Y142.195
N10860 X138.505 Y143.102
N10862 X138.044 Y144.08
N10864 X137.734 Y144.882
N10866 X137.515 Y145.59
N10868 X137.346 Y146.248
N10870 X137.214 Y147.013
N10872 X137.145 Y147.502
N10874 X137.096 Y147.991
N10876 X137.068 Y148.479
N10878 X137.049 Y148.968
N10880 X137.07 Y149.428
N10882 X137.101 Y149.914
N10884 X137.147 Y150.434
N10886 X137.213 Y150.923
N10888 X137.298 Y151.412
N10890 X137.43 Y152.029
N10892 X137.558 Y152.497
N10894 X137.675 Y152.878
N10896 X137.897 Y153.517
N10898 X138.038 Y153.864
N10900 X138.247 Y154.344
N10902 X138.484 Y154.833
N10904 X138.843 Y155.481
N10906 X139.034 Y155.801
N10908 X139.513 Y156.488
N10910 X139.851 Y156.939
N10912 X140.137 Y157.277
N10914 X140.577 Y157.766
N10916 X141.023 Y158.21
N10918 X141.626 Y158.743
N10920 X141.805 Y158.894
N10922 X142.338 Y159.293
N10924 X142.958 Y159.721
N10926 X143.24 Y159.891
N10928 X143.911 Y160.261
N10930 X144.536 Y160.562
N10932 X144.849 Y160.698
N10934 X145.215 Y160.847
N10936 X145.584 Y160.98
N10938 X145.951 Y161.101
N10940 X146.317 Y161.21
N10942 X146.702 Y161.316
N10944 X147.332 Y161.45
N10946 X147.941 Y161.554
N10948 X148.371 Y161.613
N10950 X148.818 Y161.655
N10952 X149.278 Y161.682
N10954 X149.75 Y161.7
N10956 X150.255 Y161.683
N10958 X150.775 Y161.652
N10960 X150.939 Y161.636
N10962 X150.902 Y161.238
N10964 X151.218 Y161.209
N10966 X151.794 Y161.122
N10968 X152.388 Y161.017
N10970 X153.047 Y160.846
N10972 X153.684 Y160.653
N10974 X154.548 Y160.323
N10976 X154.803 Y160.209
N10978 X155.473 Y159.886
N10980 X155.776 Y159.721
N10982 X156.616 Y159.208
N10984 X157.256 Y158.743
N10986 X157.594 Y158.467
N10988 X157.843 Y158.254
N10990 X158.082 Y158.038
N10992 X158.369 Y157.766
N10994 X158.571 Y157.563
N10996 X158.842 Y157.277
N10998 X159.06 Y157.037
N11000 X159.271 Y156.788
N11002 X159.548 Y156.449
N11004 X160.013 Y155.811
N11006 X160.526 Y154.969
N11008 X160.689 Y154.669
N11010 X161.076 Y153.856
N11012 X161.124 Y153.746
N11014 X161.454 Y152.878
N11016 X161.649 Y152.243
N11018 X161.816 Y151.587
N11020 X161.935 Y150.923
N11022 X162.004 Y150.437
N11024 X162.046 Y149.95
N11026 X162.081 Y149.367
N11028 X162.093 Y148.866
N11030 X162.081 Y148.479
N11032 X162.051 Y147.994
N11034 X161.992 Y147.421
N11036 X161.93 Y147.013
N11038 X161.843 Y146.524
N11040 X161.734 Y146.036
N11042 X161.601 Y145.524
N11044 X161.455 Y145.058
N11046 X161.2 Y144.384
N11048 X161.014 Y143.935
N11050 X160.851 Y143.592
N11052 X160.526 Y142.967
N11054 X160.224 Y142.444
N11056 X160.024 Y142.139
N11058 X159.62 Y141.565
N11060 X159.291 Y141.148
N11062 X158.324 Y140.04
N11064 X157.105 Y138.659
N11066 X156.616 Y138.082
N11068 X156.273 Y137.639
N11070 X155.15 Y136.102
N11072 X154.832 Y135.641
N11074 X154.601 Y135.283
N11076 X154.07 Y134.408
N11078 X153.684 Y133.753
N11080 X153.368 Y133.19
N11082 X153.185 Y132.849
N11084 X152.872 Y132.223
N11086 X152.548 Y131.532
N11088 X152.218 Y130.789
N11090 X151.841 Y129.867 Z7.517
N11092 X151.637 Y129.326 Z7.511
N11094 X151.326 Y128.441 Z7.487
N11096 X151.125 Y127.836 Z7.462
N11098 X150.869 Y126.974 Z7.412
N11100 X150.732 Y126.486 Z7.382
N11102 X150.54 Y125.721 Z7.323
N11104 X150.37 Y124.985 Z7.258
N11106 X150.177 Y124.042 Z7.163
N11108 X150.055 Y123.344 Z7.083
N11110 X149.92 Y122.43 Z6.97
N11112 X149.816 Y121.598 Z6.859
N11114 X149.775 Y121.474 Z6.842
N11116 X149.737 Y121.56 Z6.854
N11118 X149.608 Y122.576 Z6.99
N11120 X149.494 Y123.345 Z7.083
N11122 X149.358 Y124.113 Z7.17
N11124 X149.172 Y125.019 Z7.261
N11126 X148.942 Y125.997 Z7.345
N11128 X148.821 Y126.486 Z7.382
N11130 X148.537 Y127.463 Z7.443
N11132 X148.309 Y128.193 Z7.477
N11134 X148.054 Y128.929 Z7.502
N11136 X147.82 Y129.573 Z7.515
N11138 X147.493 Y130.396 Z7.52
N11140 X147.259 Y130.957
N11142 X146.849 Y131.862
N11144 X146.354 Y132.856
N11146 X145.765 Y133.917
N11148 X145.241 Y134.794
N11150 X144.888 Y135.359
N11152 X144.277 Y136.261
N11154 X143.927 Y136.749
N11156 X143.422 Y137.426
N11158 X142.802 Y138.216
N11160 X142.394 Y138.704
N11162 X140.691 Y140.659
N11164 X140.283 Y141.148
N11166 X140.002 Y141.499
N11168 X139.623 Y142.016
N11170 X139.513 Y142.179
N11172 X139.024 Y142.989
N11174 X138.885 Y143.242
N11176 X138.482 Y144.081
N11178 X138.284 Y144.569
N11180 X138.096 Y145.058
N11182 X137.904 Y145.69
N11184 X137.734 Y146.348
N11186 X137.617 Y147.013
N11188 X137.545 Y147.502
N11190 X137.493 Y148.056
N11192 X137.466 Y148.572
N11194 X137.454 Y149.067
N11196 X137.472 Y149.456
N11198 X137.505 Y149.942
N11200 X137.558 Y150.516
N11202 X137.617 Y150.923
N11204 X137.705 Y151.412
N11206 X137.815 Y151.901
N11208 X137.95 Y152.411
N11210 X138.094 Y152.878
N11212 X138.271 Y153.367
N11214 X138.536 Y154.015
N11216 X138.689 Y154.344
N11218 X138.939 Y154.833
N11220 X139.322 Y155.503
N11222 X139.519 Y155.805
N11224 X140.002 Y156.478
N11226 X140.357 Y156.921
N11228 X140.979 Y157.61
N11230 X141.133 Y157.766
N11232 X141.306 Y157.927
N11234 X141.956 Y158.497
N11236 X142.34 Y158.801
N11238 X142.934 Y159.222
N11240 X143.23 Y159.418
N11242 X143.833 Y159.764
N11244 X144.501 Y160.107
N11246 X144.838 Y160.259
N11248 X145.537 Y160.538
N11250 X145.997 Y160.698
N11252 X146.656 Y160.885
N11254 X147.048 Y160.982
N11256 X147.452 Y161.067
N11258 X147.868 Y161.139
N11260 X148.289 Y161.201
N11262 X148.738 Y161.246
N11264 X149.286 Y161.28
N11266 X149.775 Y161.293
N11268 X150.264 Y161.28
N11270 X150.7 Y161.256
N11272 X150.902 Y161.238
N11274 X150.866 Y160.837
N11276 X151.241 Y160.798
N11278 X151.907 Y160.698
N11280 X152.285 Y160.632
N11282 X152.947 Y160.458
N11284 X153.678 Y160.232
N11286 X154.457 Y159.925
N11288 X154.904 Y159.721
N11290 X155.399 Y159.472
N11292 X155.82 Y159.232
N11294 X156.616 Y158.72
N11296 X157.225 Y158.254
N11298 X157.594 Y157.939
N11300 X157.788 Y157.766
N11302 X158.082 Y157.485
N11304 X158.29 Y157.277
N11306 X158.571 Y156.981
N11308 X158.744 Y156.788
N11310 X159.06 Y156.418
N11312 X159.524 Y155.811
N11314 X160.037 Y155.013
N11316 X160.275 Y154.595
N11318 X160.526 Y154.094
N11320 X160.726 Y153.655
N11322 X161.041 Y152.852
N11324 X161.261 Y152.143
N11326 X161.431 Y151.484
N11328 X161.536 Y150.89
N11330 X161.61 Y150.327
N11332 X161.654 Y149.795
N11334 X161.683 Y149.276
N11336 X161.689 Y148.782
N11338 X161.668 Y148.314
N11340 X161.634 Y147.859
N11342 X161.586 Y147.418
N11344 X161.503 Y146.877
N11346 X161.436 Y146.524
N11348 X161.322 Y146.036
N11350 X161.149 Y145.412
N11352 X161.014 Y145.008
N11354 X160.751 Y144.344
N11356 X160.605 Y144.001
N11358 X160.403 Y143.592
N11360 X160.037 Y142.914
N11362 X159.74 Y142.435
N11364 X159.536 Y142.138
N11366 X159.124 Y141.573
N11368 X158.674 Y141.045
N11370 X156.616 Y138.707
N11372 X156.128 Y138.109
N11374 X155.639 Y137.454
N11376 X154.751 Y136.232
N11378 X154.348 Y135.631
N11380 X153.834 Y134.794
N11382 X153.196 Y133.704
N11384 X152.894 Y133.152
N11386 X152.561 Y132.496
N11388 X152.218 Y131.776
N11390 X151.825 Y130.884
N11392 X151.514 Y130.122 Z7.519
N11394 X151.245 Y129.418 Z7.513
N11396 X150.905 Y128.441 Z7.487
N11398 X150.742 Y127.952 Z7.467
N11400 X150.52 Y127.207 Z7.427
N11402 X150.321 Y126.495 Z7.382
N11404 X150.114 Y125.658 Z7.318
N11406 X149.935 Y124.859 Z7.245
N11408 X149.846 Y124.459 Z7.204
N11410 X149.775 Y124.225 Z7.181
N11412 X149.7 Y124.455 Z7.204
N11414 X149.527 Y125.26 Z7.283
N11416 X149.355 Y125.997 Z7.345
N11418 X149.235 Y126.482 Z7.382
N11420 X149.03 Y127.207 Z7.427
N11422 X148.807 Y127.952 Z7.467
N11424 X148.571 Y128.667 Z7.494
N11426 X148.309 Y129.408 Z7.513
N11428 X148.035 Y130.121 Z7.519
N11430 X147.724 Y130.884 Z7.52
N11432 X147.254 Y131.94
N11434 X146.779 Y132.903
N11436 X146.283 Y133.817
N11438 X145.866 Y134.534
N11440 X145.377 Y135.336
N11442 X144.888 Y136.079
N11444 X144.42 Y136.749
N11446 X143.695 Y137.727
N11448 X143.315 Y138.216
N11450 X142.835 Y138.802
N11452 X140.979 Y140.938
N11454 X140.403 Y141.637
N11456 X140.121 Y142.006
N11458 X140.002 Y142.176
N11460 X139.513 Y142.943
N11462 X139.301 Y143.315
N11464 X139.024 Y143.863
N11466 X138.838 Y144.266
N11468 X138.512 Y145.082
N11470 X138.292 Y145.79
N11472 X138.12 Y146.452
N11474 X138.021 Y147.013
N11476 X137.938 Y147.61
N11478 X137.89 Y148.147
N11480 X137.864 Y148.662
N11482 X137.863 Y149.152
N11484 X137.885 Y149.618
N11486 X137.952 Y150.434
N11488 X138.047 Y151.072
N11490 X138.112 Y151.412
N11492 X138.227 Y151.901
N11494 X138.402 Y152.523
N11496 X138.536 Y152.937
N11498 X138.795 Y153.596
N11500 X138.94 Y153.94
N11502 X139.097 Y154.271
N11504 X139.414 Y154.865
N11506 X139.684 Y155.322
N11508 X139.805 Y155.512
N11510 X140.002 Y155.796
N11512 X140.421 Y156.369
N11514 X140.844 Y156.867
N11516 X141.337 Y157.407
N11518 X141.821 Y157.85
N11520 X142.375 Y158.324
N11522 X142.934 Y158.734
N11524 X143.226 Y158.936
N11526 X143.701 Y159.232
N11528 X144.4 Y159.611
N11530 X144.802 Y159.807
N11532 X145.493 Y160.093
N11534 X145.838 Y160.224
N11536 X146.354 Y160.386
N11538 X146.984 Y160.556
N11540 X147.383 Y160.647
N11542 X147.788 Y160.721
N11544 X148.309 Y160.797
N11546 X148.798 Y160.846
N11548 X149.286 Y160.877
N11550 X149.584 Y160.889
N11552 X150.075 Y160.886
N11554 X150.752 Y160.847
N11556 X150.866 Y160.837
N11558 X150.829 Y160.437
N11560 X151.031 Y160.419
N11562 X151.73 Y160.321
N11564 X152.196 Y160.243
N11566 X152.845 Y160.072
N11568 X153.557 Y159.848
N11570 X153.895 Y159.721
N11572 X154.366 Y159.528
N11574 X154.991 Y159.232
N11576 X155.328 Y159.054
N11578 X155.85 Y158.743
N11580 X156.616 Y158.222
N11582 X156.743 Y158.128
N11584 X157.185 Y157.766
N11586 X157.722 Y157.277
N11588 X158.082 Y156.916
N11590 X158.571 Y156.378
N11592 X158.928 Y155.942
N11594 X159.06 Y155.765
N11596 X159.548 Y155.043
N11598 X159.857 Y154.524
N11600 X160.037 Y154.182
N11602 X160.329 Y153.564
N11604 X160.526 Y153.081
N11606 X160.648 Y152.756
N11608 X160.874 Y152.04
N11610 X161.045 Y151.381
N11612 X161.144 Y150.793
N11614 X161.215 Y150.233
N11616 X161.273 Y149.457
N11618 X161.286 Y149.185
N11620 X161.285 Y148.697
N11622 X161.261 Y148.232
N11624 X161.223 Y147.782
N11626 X161.169 Y147.347
N11628 X161.104 Y146.923
N11630 X161.014 Y146.461
N11632 X160.909 Y146.036
N11634 X160.767 Y145.547
N11636 X160.605 Y145.058
N11638 X160.411 Y144.569
N11640 X160.147 Y143.97
N11642 X159.952 Y143.592
N11644 X159.634 Y143.017
N11646 X159.376 Y142.614
N11648 X159.038 Y142.126
N11650 X158.64 Y141.616
N11652 X157.246 Y140.029
N11654 X156.332 Y138.99
N11656 X156.092 Y138.704
N11658 X155.639 Y138.128
N11660 X154.63 Y136.749
N11662 X154.173 Y136.093
N11664 X153.866 Y135.616
N11666 X153.196 Y134.501
N11668 X152.707 Y133.648
N11670 X152.284 Y132.839
N11672 X151.818 Y131.862
N11674 X151.391 Y130.884
N11676 X151.158 Y130.312
N11678 X150.82 Y129.418 Z7.513
N11680 X150.483 Y128.441 Z7.487
N11682 X150.264 Y127.756 Z7.458
N11684 X150.038 Y126.974 Z7.412
N11686 X149.892 Y126.435 Z7.378
N11688 X149.779 Y125.993 Z7.345
N11690 X149.768 Y125.996
N11692 X149.568 Y126.768 Z7.399
N11694 X149.372 Y127.463 Z7.443
N11696 X149.123 Y128.274 Z7.48
N11698 X148.903 Y128.929 Z7.502
N11700 X148.73 Y129.418 Z7.513
N11702 X148.481 Y130.079 Z7.519
N11704 X148.309 Y130.516 Z7.52
N11706 X147.948 Y131.373
N11708 X147.652 Y132.03
N11710 X147.187 Y132.984
N11712 X146.74 Y133.817
N11714 X146.354 Y134.493
N11716 X145.866 Y135.307
N11718 X145.377 Y136.068
N11720 X144.888 Y136.781
N11722 X144.196 Y137.727
N11724 X143.824 Y138.216
N11726 X143.435 Y138.704
N11728 X142.934 Y139.301
N11730 X141.326 Y141.148
N11732 X140.916 Y141.637
N11734 X140.659 Y141.956
N11736 X140.49 Y142.184
N11738 X140.002 Y142.911
N11740 X139.72 Y143.385
N11742 X139.513 Y143.776
N11744 X139.236 Y144.357
N11746 X138.95 Y145.058
N11748 X138.906 Y145.177
N11750 X138.679 Y145.892
N11752 X138.505 Y146.554
N11754 X138.408 Y147.14
N11756 X138.332 Y147.705
N11758 X138.286 Y148.24
N11760 X138.262 Y148.753
N11762 X138.267 Y149.237
N11764 X138.311 Y149.946
N11766 X138.38 Y150.59
N11768 X138.444 Y151.014
N11770 X138.536 Y151.482
N11772 X138.64 Y151.901
N11774 X138.841 Y152.573
N11776 X138.944 Y152.888
N11778 X139.101 Y153.29
N11780 X139.396 Y153.972
N11782 X139.586 Y154.344
N11784 X139.91 Y154.925
N11786 X140.162 Y155.322
N11788 X140.498 Y155.803
N11790 X140.925 Y156.353
N11792 X141.468 Y156.959
N11794 X141.844 Y157.335
N11796 X142.445 Y157.862
N11798 X142.934 Y158.243
N11800 X143.422 Y158.584
N11802 X143.817 Y158.836
N11804 X144.535 Y159.232
N11806 X144.77 Y159.35
N11808 X145.451 Y159.647
N11810 X145.866 Y159.807
N11812 X146.541 Y160.022
N11814 X146.923 Y160.129
N11816 X147.31 Y160.223
N11818 X147.82 Y160.319
N11820 X148.309 Y160.391
N11822 X148.798 Y160.443
N11824 X149.286 Y160.476
N11826 X149.775 Y160.49
N11828 X149.984 Y160.489
N11830 X150.497 Y160.464
N11832 X150.829 Y160.437
N11834 X150.793 Y160.039
N11836 X151.241 Y159.987
N11838 X151.73 Y159.914
N11840 X152.087 Y159.852
N11842 X152.741 Y159.686
N11844 X153.46 Y159.456
N11846 X154.04 Y159.232
N11848 X154.274 Y159.13
N11850 X155.061 Y158.743
N11852 X155.262 Y158.632
N11854 X155.866 Y158.254
N11856 X156.551 Y157.766
N11858 X156.869 Y157.512
N11860 X157.135 Y157.277
N11862 X157.648 Y156.788
N11864 X158.109 Y156.299
N11866 X158.309 Y156.073
N11868 X158.571 Y155.744
N11870 X159.06 Y155.059
N11872 X159.435 Y154.458
N11874 X159.548 Y154.253
N11876 X159.931 Y153.472
N11878 X160.037 Y153.228
N11880 X160.256 Y152.659
N11882 X160.489 Y151.937
N11884 X160.652 Y151.285
N11886 X160.753 Y150.695
N11888 X160.822 Y150.138
N11890 X160.873 Y149.457
N11892 X160.89 Y149.092
N11894 X160.876 Y148.479
N11896 X160.841 Y147.991
N11898 X160.785 Y147.502
N11900 X160.682 Y146.857
N11902 X160.615 Y146.513
N11904 X160.502 Y146.059
N11906 X160.347 Y145.547
N11908 X160.138 Y144.957
N11910 X159.978 Y144.569
N11912 X159.685 Y143.944
N11914 X159.498 Y143.592
N11916 X159.156 Y143.006
N11918 X158.765 Y142.432
N11920 X158.539 Y142.126
N11922 X158.129 Y141.637
N11924 X155.981 Y139.193
N11926 X155.578 Y138.704
N11928 X155.182 Y138.184
N11930 X154.153 Y136.77
N11932 X153.782 Y136.227
N11934 X153.385 Y135.597
N11936 X152.651 Y134.362
N11938 X152.218 Y133.585
N11940 X151.838 Y132.839
N11942 X151.49 Y132.102
N11944 X151.188 Y131.426
N11946 X150.91 Y130.767
N11948 X150.761 Y130.396
N11950 X150.396 Y129.418 Z7.513
N11952 X150.234 Y128.959 Z7.503
N11954 X149.964 Y128.141 Z7.475
N11956 X149.871 Y127.856 Z7.463
N11958 X149.775 Y127.62 Z7.451
N11960 X149.56 Y128.225 Z7.478
N11962 X149.286 Y129.048 Z7.505
N11964 X148.926 Y130.035 Z7.518
N11966 X148.79 Y130.388 Z7.52
N11968 X148.442 Y131.24
N11970 X148.051 Y132.12
N11972 X147.706 Y132.839
N11974 X147.332 Y133.567
N11976 X146.924 Y134.306
N11978 X146.349 Y135.283
N11980 X145.866 Y136.051
N11982 X145.377 Y136.78
N11984 X144.694 Y137.727
N11986 X144.094 Y138.522
N11988 X143.422 Y139.342
N11990 X142.708 Y140.171
N11992 X141.468 Y141.599
N11994 X141.265 Y141.839
N11996 X140.979 Y142.201
N11998 X140.49 Y142.893
N12000 X140.144 Y143.45
N12002 X140.002 Y143.706
N12004 X139.635 Y144.448
N12006 X139.513 Y144.727
N12008 X139.298 Y145.273
N12010 X139.064 Y145.996
N12012 X138.899 Y146.65
N12014 X138.799 Y147.239
N12016 X138.725 Y147.802
N12018 X138.673 Y148.479
N12020 X138.659 Y148.845
N12022 X138.678 Y149.457
N12024 X138.713 Y149.946
N12026 X138.765 Y150.434
N12028 X138.838 Y150.923
N12030 X138.934 Y151.425
N12032 X139.047 Y151.877
N12034 X139.202 Y152.389
N12036 X139.408 Y152.983
N12038 X139.566 Y153.367
N12040 X139.857 Y154.
N12042 X140.027 Y154.319
N12044 X140.387 Y154.937
N12046 X140.782 Y155.511
N12048 X141.002 Y155.811
N12050 X141.468 Y156.364
N12052 X141.903 Y156.841
N12054 X142.445 Y157.333
N12056 X142.946 Y157.754
N12058 X143.422 Y158.098
N12060 X143.806 Y158.359
N12062 X144.468 Y158.743
N12064 X144.743 Y158.889
N12066 X145.411 Y159.197
N12068 X145.758 Y159.34
N12070 X146.354 Y159.547
N12072 X146.937 Y159.721
N12074 X147.332 Y159.816
N12076 X147.82 Y159.91
N12078 X148.309 Y159.986
N12080 X148.798 Y160.042
N12082 X149.413 Y160.083
N12084 X149.892 Y160.092
N12086 X150.403 Y160.07
N12088 X150.793 Y160.039
N12090 X150.752 Y159.643
N12092 X151.399 Y159.562
N12094 X151.989 Y159.461
N12096 X152.698 Y159.281
N12098 X153.361 Y159.066
N12100 X154.185 Y158.731
N12102 X155.15 Y158.233
N12104 X155.869 Y157.766
N12106 X156.519 Y157.277
N12108 X157.105 Y156.755
N12110 X157.594 Y156.264
N12112 X158.082 Y155.711
N12114 X158.571 Y155.062
N12116 X159.037 Y154.344
N12118 X159.548 Y153.349
N12120 X159.866 Y152.56
N12122 X160.101 Y151.837
N12124 X160.262 Y151.187
N12126 X160.363 Y150.597
N12128 X160.438 Y149.946
N12130 X160.473 Y149.457
N12132 X160.496 Y148.968
N12134 X160.477 Y148.479
N12136 X160.441 Y147.991
N12138 X160.382 Y147.502
N12140 X160.303 Y147.013
N12142 X160.173 Y146.388
N12144 X160.037 Y145.885
N12146 X159.926 Y145.547
N12148 X159.69 Y144.917
N12150 X159.544 Y144.573
N12152 X159.231 Y143.941
N12154 X159.048 Y143.603
N12156 X158.673 Y143.001
N12158 X158.274 Y142.439
N12160 X158.022 Y142.126
N12162 X157.024 Y140.987
N12164 X155.639 Y139.408
N12166 X155.333 Y139.039
N12168 X155.073 Y138.704
N12170 X154.071 Y137.34
N12172 X153.664 Y136.769
N12174 X153.302 Y136.221
N12176 X152.729 Y135.283
N12178 X152.18 Y134.344
N12180 X151.857 Y133.757
N12182 X151.505 Y133.064
N12184 X151.188 Y132.404
N12186 X150.9 Y131.767
N12188 X150.593 Y131.044
N12190 X150.264 Y130.215 Z7.519
N12192 X149.971 Y129.418 Z7.513
N12194 X149.801 Y128.929 Z7.502
N12196 X149.788 Y128.916
N12198 X149.775 Y128.915
N12200 X149.75 Y128.929
N12202 X149.502 Y129.633 Z7.515
N12204 X149.243 Y130.328 Z7.52
N12206 X148.798 Y131.426
N12208 X148.384 Y132.351
N12210 X147.908 Y133.328
N12212 X147.45 Y134.187
N12214 X146.773 Y135.353
N12216 X146.354 Y136.029
N12218 X145.883 Y136.749
N12220 X145.377 Y137.469
N12222 X144.654 Y138.45
N12224 X144.4 Y138.778
N12226 X143.911 Y139.379
N12228 X143.239 Y140.171
N12230 X141.961 Y141.637
N12232 X141.468 Y142.231
N12234 X140.979 Y142.888
N12236 X140.575 Y143.507
N12238 X140.49 Y143.651
N12240 X140.002 Y144.607
N12242 X139.689 Y145.371
N12244 X139.471 Y146.032
N12246 X139.289 Y146.748
N12248 X139.188 Y147.338
N12250 X139.108 Y147.991
N12252 X139.072 Y148.479
N12254 X139.054 Y148.968
N12256 X139.077 Y149.457
N12258 X139.113 Y149.946
N12260 X139.168 Y150.434
N12262 X139.246 Y150.923
N12264 X139.376 Y151.549
N12266 X139.513 Y152.047
N12268 X139.623 Y152.389
N12270 X139.857 Y153.023
N12272 X140.001 Y153.367
N12274 X140.313 Y154.007
N12276 X140.495 Y154.339
N12278 X140.87 Y154.942
N12280 X141.273 Y155.505
N12282 X141.515 Y155.811
N12284 X141.951 Y156.304
N12286 X142.434 Y156.79
N12288 X142.992 Y157.277
N12290 X143.227 Y157.464
N12292 X143.802 Y157.875
N12294 X144.4 Y158.248
N12296 X144.888 Y158.51
N12298 X145.367 Y158.743
N12300 X145.866 Y158.948
N12302 X146.433 Y159.153
N12304 X146.793 Y159.264
N12306 X147.185 Y159.37
N12308 X147.82 Y159.503
N12310 X148.43 Y159.6
N12312 X148.87 Y159.648
N12314 X149.327 Y159.68
N12316 X149.797 Y159.698
N12318 X150.308 Y159.676
N12320 X150.752 Y159.643
N12322 X150.737 Y159.247
N12324 X151.299 Y159.174
N12326 X151.888 Y159.073
N12328 X152.542 Y158.908
N12330 X153.196 Y158.701
N12332 X154.101 Y158.326
N12334 X154.249 Y158.254
N12336 X155.157 Y157.759
N12338 X155.859 Y157.277
N12340 X156.128 Y157.067
N12342 X156.468 Y156.788
N12344 X156.616 Y156.655
N12346 X157.105 Y156.186
N12348 X157.46 Y155.811
N12350 X157.594 Y155.661
N12352 X157.872 Y155.322
N12354 X158.082 Y155.052
N12356 X158.568 Y154.344
N12358 X159.095 Y153.368
N12360 X159.477 Y152.46
N12362 X159.548 Y152.259
N12364 X159.711 Y151.738
N12366 X159.874 Y151.086
N12368 X159.983 Y150.434
N12370 X160.039 Y149.946
N12372 X160.073 Y149.461
N12374 X160.098 Y148.968
N12376 X160.077 Y148.483
N12378 X160.037 Y147.955
N12380 X159.98 Y147.502
N12382 X159.896 Y147.013
N12384 X159.79 Y146.524
N12386 X159.636 Y145.947
N12388 X159.503 Y145.547
N12390 X159.241 Y144.882
N12392 X159.06 Y144.484
N12394 X158.757 Y143.906
N12396 X158.575 Y143.587
N12398 X158.185 Y143.
N12400 X157.901 Y142.614
N12402 X157.765 Y142.443
N12404 X156.771 Y141.304
N12406 X155.639 Y140.02
N12408 X155.15 Y139.446
N12410 X154.837 Y139.054
N12412 X154.214 Y138.216
N12414 X153.385 Y137.067
N12416 X153.179 Y136.766
N12418 X152.707 Y136.021
N12420 X152.066 Y134.946
N12422 X151.71 Y134.325
N12424 X151.389 Y133.725
N12426 X151.045 Y133.035
N12428 X150.732 Y132.371
N12430 X150.296 Y131.374
N12432 X149.891 Y130.396
N12434 X149.775 Y130.139 Z7.519
N12436 X149.683 Y130.304 Z7.52
N12438 X149.229 Y131.43
N12440 X148.798 Y132.411
N12442 X148.309 Y133.422
N12444 X147.82 Y134.343
N12446 X147.205 Y135.409
N12448 X146.678 Y136.261
N12450 X146.364 Y136.749
N12452 X145.866 Y137.472
N12454 X145.189 Y138.403
N12456 X144.888 Y138.799
N12458 X144.4 Y139.414
N12460 X143.767 Y140.171
N12462 X142.445 Y141.69
N12464 X141.956 Y142.267
N12466 X141.468 Y142.894
N12468 X141.017 Y143.554
N12470 X140.49 Y144.516
N12472 X140.439 Y144.621
N12474 X140.078 Y145.47
N12476 X140.002 Y145.684
N12478 X139.842 Y146.195
N12480 X139.677 Y146.848
N12482 X139.568 Y147.502
N12484 X139.506 Y147.989
N12486 X139.472 Y148.475
N12488 X139.452 Y148.968
N12490 X139.477 Y149.453
N12492 X139.513 Y149.944
N12494 X139.569 Y150.434
N12496 X139.652 Y150.923
N12498 X139.759 Y151.412
N12500 X139.914 Y151.988
N12502 X140.045 Y152.389
N12504 X140.233 Y152.878
N12506 X140.49 Y153.473
N12508 X140.788 Y154.041
N12510 X140.979 Y154.373
N12512 X141.359 Y154.942
N12514 X141.639 Y155.322
N12516 X141.778 Y155.5
N12518 X142.046 Y155.811
N12520 X142.493 Y156.299
N12522 X143.037 Y156.788
N12524 X143.234 Y156.958
N12526 X143.649 Y157.277
N12528 X144.093 Y157.584
N12530 X144.38 Y157.773
N12532 X144.697 Y157.955
N12534 X145.324 Y158.282
N12536 X145.866 Y158.516
N12538 X146.464 Y158.743
N12540 X146.843 Y158.86
N12542 X147.332 Y158.989
N12544 X147.82 Y159.097
N12546 X148.353 Y159.187
N12548 X148.786 Y159.24
N12550 X149.236 Y159.274
N12552 X149.704 Y159.296
N12554 X150.212 Y159.281
N12556 X150.737 Y159.246
N12558 X150.695 Y158.843
N12560 X151.199 Y158.785
N12562 X151.784 Y158.688
N12564 X152.441 Y158.52
N12566 X153.19 Y158.276
N12568 X154.017 Y157.922
N12570 X154.323 Y157.766
N12572 X155.162 Y157.277
N12574 X155.639 Y156.937
N12576 X155.838 Y156.788
N12578 X156.128 Y156.547
N12580 X156.408 Y156.299
N12582 X156.616 Y156.102
N12584 X156.907 Y155.811
N12586 X157.105 Y155.601
N12588 X157.351 Y155.322
N12590 X157.594 Y155.03
N12592 X157.741 Y154.833
N12594 X158.104 Y154.323
N12596 X158.571 Y153.515
N12598 X158.723 Y153.214
N12600 X159.086 Y152.363
N12602 X159.322 Y151.638
N12604 X159.5 Y150.923
N12606 X159.586 Y150.397
N12608 X159.643 Y149.851
N12610 X159.677 Y149.328
N12612 X159.687 Y148.829
N12614 X159.666 Y148.362
N12616 X159.637 Y147.984
N12618 X159.576 Y147.505
N12620 X159.49 Y147.013
N12622 X159.378 Y146.524
N12624 X159.199 Y145.896
N12626 X159.06 Y145.501
N12628 X158.877 Y145.058
N12630 X158.648 Y144.556
N12632 X158.393 Y144.081
N12634 X158.082 Y143.559
N12636 X157.694 Y143.003
N12638 X157.385 Y142.614
N12640 X156.639 Y141.759
N12642 X155.15 Y140.068
N12644 X154.662 Y139.477
N12646 X154.325 Y139.041
N12648 X153.196 Y137.492
N12650 X152.898 Y137.063
N12652 X152.697 Y136.759
N12654 X152.138 Y135.852
N12656 X151.594 Y134.929
N12658 X151.244 Y134.306
N12660 X150.92 Y133.686
N12662 X150.587 Y133.004
N12664 X150.278 Y132.336
N12666 X149.856 Y131.361
N12668 X149.775 Y131.238
N12670 X149.625 Y131.523
N12672 X149.245 Y132.392
N12674 X148.803 Y133.328
N12676 X148.281 Y134.334
N12678 X147.82 Y135.151
N12680 X147.332 Y135.97
N12682 X146.843 Y136.747
N12684 X146.354 Y137.47
N12686 X145.713 Y138.368
N12688 X145.377 Y138.817
N12690 X144.888 Y139.444
N12692 X144.291 Y140.171
N12694 X143.448 Y141.148
N12696 X142.445 Y142.308
N12698 X141.956 Y142.912
N12700 X141.47 Y143.592
N12702 X140.979 Y144.441
N12704 X140.844 Y144.704
N12706 X140.47 Y145.567
N12708 X140.23 Y146.295
N12710 X140.063 Y146.952
N12712 X139.966 Y147.537
N12714 X139.903 Y148.09
N12716 X139.869 Y148.612
N12718 X139.864 Y149.106
N12720 X139.886 Y149.572
N12722 X139.915 Y149.946
N12724 X139.973 Y150.431
N12726 X140.058 Y150.923
N12728 X140.172 Y151.412
N12730 X140.35 Y152.041
N12732 X140.49 Y152.446
N12734 X140.667 Y152.878
N12736 X140.916 Y153.43
N12738 X141.146 Y153.856
N12740 X141.468 Y154.395
N12742 X141.851 Y154.939
N12744 X142.154 Y155.322
N12746 X142.584 Y155.811
N12748 X142.752 Y155.992
N12750 X143.248 Y156.441
N12752 X143.665 Y156.788
N12754 X143.911 Y156.972
N12756 X144.4 Y157.31
N12758 X144.994 Y157.66
N12760 X145.313 Y157.83
N12762 X145.866 Y158.082
N12764 X146.327 Y158.269
N12766 X146.69 Y158.395
N12768 X147.332 Y158.577
N12770 X147.864 Y158.699
N12772 X148.271 Y158.77
N12774 X148.798 Y158.836
N12776 X149.286 Y158.873
N12778 X149.63 Y158.888
N12780 X150.125 Y158.881
N12782 X150.695 Y158.843
N12784 X150.654 Y158.442
N12786 X151.241 Y158.371
N12788 X151.73 Y158.291
N12790 X152.339 Y158.134
N12792 X153.071 Y157.891
N12794 X153.378 Y157.766
N12796 X153.934 Y157.515
N12798 X154.381 Y157.277
N12800 X155.166 Y156.788
N12802 X155.639 Y156.43
N12804 X155.803 Y156.299
N12806 X156.128 Y156.011
N12808 X156.341 Y155.811
N12810 X156.616 Y155.535
N12812 X156.816 Y155.322
N12814 X157.105 Y154.995
N12816 X157.235 Y154.833
N12818 X157.627 Y154.31
N12820 X158.082 Y153.573
N12822 X158.317 Y153.132
N12824 X158.571 Y152.565
N12826 X158.691 Y152.269
N12828 X158.936 Y151.535
N12830 X159.092 Y150.927
N12832 X159.191 Y150.302
N12834 X159.248 Y149.758
N12836 X159.28 Y149.236
N12838 X159.283 Y148.745
N12840 X159.256 Y148.282
N12842 X159.213 Y147.837
N12844 X159.154 Y147.407
N12846 X159.06 Y146.907
N12848 X158.965 Y146.524
N12850 X158.819 Y146.036
N12852 X158.647 Y145.547
N12854 X158.481 Y145.148
N12856 X158.163 Y144.489
N12858 X157.931 Y144.081
N12860 X157.594 Y143.551
N12862 X157.196 Y143.012
N12864 X156.745 Y142.485
N12866 X154.931 Y140.423
N12868 X154.662 Y140.111
N12870 X154.173 Y139.501
N12872 X153.684 Y138.846
N12874 X152.83 Y137.668
N12876 X152.412 Y137.054
N12878 X152.031 Y136.447
N12880 X151.336 Y135.283
N12882 X150.95 Y134.597
N12884 X150.752 Y134.233
N12886 X150.298 Y133.329
N12888 X149.843 Y132.345
N12890 X149.775 Y132.261
N12892 X149.644 Y132.481
N12894 X149.209 Y133.405
N12896 X148.693 Y134.41
N12898 X148.205 Y135.283
N12900 X147.82 Y135.936
N12902 X147.289 Y136.792
N12904 X146.843 Y137.463
N12906 X146.224 Y138.346
N12908 X145.866 Y138.832
N12910 X145.209 Y139.682
N12912 X144.813 Y140.171
N12914 X144.195 Y140.898
N12916 X142.934 Y142.351
N12918 X142.445 Y142.938
N12920 X141.955 Y143.592
N12922 X141.468 Y144.382
N12924 X141.252 Y144.784
N12926 X140.979 Y145.387
N12928 X140.866 Y145.66
N12930 X140.617 Y146.398
N12932 X140.458 Y147.009
N12934 X140.359 Y147.633
N12936 X140.298 Y148.183
N12938 X140.268 Y148.702
N12940 X140.269 Y149.189
N12942 X140.296 Y149.651
N12944 X140.338 Y150.098
N12946 X140.394 Y150.53
N12948 X140.49 Y151.036
N12950 X140.584 Y151.412
N12952 X140.73 Y151.901
N12954 X140.901 Y152.398
N12956 X141.064 Y152.793
N12958 X141.356 Y153.41
N12960 X141.608 Y153.856
N12962 X141.956 Y154.4
N12964 X142.348 Y154.93
N12966 X142.801 Y155.454
N12968 X143.039 Y155.705
N12970 X143.289 Y155.944
N12972 X143.814 Y156.396
N12974 X144.4 Y156.828
N12976 X144.975 Y157.19
N12978 X145.377 Y157.411
N12980 X145.948 Y157.683
N12982 X146.272 Y157.819
N12984 X146.843 Y158.019
N12986 X147.403 Y158.183
N12988 X147.788 Y158.276
N12990 X148.198 Y158.353
N12992 X148.798 Y158.43
N12994 X149.286 Y158.471
N12996 X149.546 Y158.484
N12998 X150.034 Y158.483
N13000 X150.654 Y158.442
N13002 X150.614 Y158.043
N13004 X151.007 Y158.
N13006 X151.588 Y157.907
N13008 X152.234 Y157.749
N13010 X152.976 Y157.496
N13012 X153.499 Y157.277
N13014 X153.853 Y157.108
N13016 X154.42 Y156.788
N13018 X155.15 Y156.304
N13020 X155.639 Y155.91
N13022 X155.754 Y155.811
N13024 X156.128 Y155.459
N13026 X156.264 Y155.322
N13028 X156.616 Y154.947
N13030 X157.105 Y154.349
N13032 X157.594 Y153.612
N13034 X157.91 Y153.05
N13036 X158.082 Y152.688
N13038 X158.297 Y152.175
N13040 X158.571 Y151.364
N13042 X158.708 Y150.786
N13044 X158.799 Y150.206
N13046 X158.853 Y149.663
N13048 X158.884 Y149.144
N13050 X158.879 Y148.66
N13052 X158.848 Y148.202
N13054 X158.798 Y147.763
N13056 X158.733 Y147.34
N13058 X158.653 Y146.93
N13060 X158.556 Y146.539
N13062 X158.397 Y146.036
N13064 X158.177 Y145.452
N13066 X157.999 Y145.058
N13068 X157.695 Y144.468
N13070 X157.513 Y144.161
N13072 X157.105 Y143.553
N13074 X156.716 Y143.062
N13076 X154.604 Y140.659
N13078 X154.173 Y140.147
N13080 X153.684 Y139.519
N13082 X152.707 Y138.184
N13084 X152.218 Y137.484
N13086 X151.928 Y137.04
N13088 X151.392 Y136.164
N13090 X150.752 Y135.068
N13092 X150.264 Y134.159
N13094 X149.848 Y133.318
N13096 X149.775 Y133.227
N13098 X149.708 Y133.328
N13100 X149.614 Y133.489
N13102 X149.105 Y134.487
N13104 X148.665 Y135.283
N13106 X148.309 Y135.898
N13108 X147.736 Y136.834
N13110 X147.332 Y137.452
N13112 X146.725 Y138.333
N13114 X146.093 Y139.193
N13116 X145.718 Y139.682
N13118 X145.123 Y140.425
N13120 X144.4 Y141.272
N13122 X143.236 Y142.614
N13124 X142.829 Y143.103
N13126 X142.449 Y143.592
N13128 X141.956 Y144.342
N13130 X141.661 Y144.864
N13132 X141.468 Y145.268
N13134 X141.261 Y145.754
N13136 X141.001 Y146.502
N13138 X140.843 Y147.149
N13140 X140.751 Y147.73
N13142 X140.693 Y148.277
N13144 X140.665 Y148.793
N13146 X140.673 Y149.274
N13148 X140.705 Y149.731
N13150 X140.752 Y150.172
N13152 X140.816 Y150.597
N13154 X140.895 Y151.007
N13156 X140.994 Y151.397
N13158 X141.152 Y151.901
N13160 X141.369 Y152.488
N13162 X141.541 Y152.878
N13164 X141.848 Y153.475
N13166 X142.03 Y153.782
N13168 X142.445 Y154.395
N13170 X142.855 Y154.912
N13172 X143.32 Y155.425
N13174 X143.833 Y155.889
N13176 X144.377 Y156.322
N13178 X144.961 Y156.715
N13180 X145.267 Y156.898
N13182 X145.913 Y157.229
N13184 X146.252 Y157.379
N13186 X146.843 Y157.597
N13188 X147.384 Y157.766
N13190 X147.82 Y157.871
N13192 X148.309 Y157.96
N13194 X148.798 Y158.027
N13196 X149.286 Y158.07
N13198 X149.461 Y158.08
N13200 X149.943 Y158.087
N13202 X150.46 Y158.058
N13204 X150.614 Y158.043
N13206 X150.575 Y157.644
N13208 X150.908 Y157.609
N13210 X151.49 Y157.516
N13212 X152.213 Y157.335
N13214 X152.88 Y157.104
N13216 X153.597 Y156.788
N13218 X153.776 Y156.696
N13220 X154.441 Y156.299
N13222 X155.13 Y155.811
N13224 X155.223 Y155.738
N13226 X155.694 Y155.322
N13228 X156.178 Y154.833
N13230 X156.537 Y154.423
N13232 X156.616 Y154.322
N13234 X157.105 Y153.633
N13236 X157.499 Y152.973
N13238 X157.594 Y152.787
N13240 X157.904 Y152.079
N13242 X158.137 Y151.414
N13244 X158.262 Y150.923
N13246 X158.317 Y150.688
N13248 X158.408 Y150.109
N13250 X158.467 Y149.457
N13252 X158.489 Y149.05
N13254 X158.469 Y148.479
N13256 X158.424 Y147.991
N13258 X158.353 Y147.502
N13260 X158.231 Y146.884
N13262 X158.136 Y146.526
N13264 X158.082 Y146.347
N13266 X157.973 Y146.036
N13268 X157.724 Y145.416
N13270 X157.554 Y145.058
N13272 X157.223 Y144.452
N13274 X156.983 Y144.081
N13276 X156.616 Y143.569
N13278 X156.178 Y143.052
N13280 X154.173 Y140.77
N13282 X153.684 Y140.176
N13284 X153.196 Y139.532
N13286 X152.229 Y138.204
N13288 X151.857 Y137.664
N13290 X151.451 Y137.028
N13292 X150.915 Y136.144
N13294 X150.385 Y135.23
N13296 X150.146 Y134.794
N13298 X149.872 Y134.277
N13300 X149.775 Y134.141
N13302 X149.518 Y134.562
N13304 X149.123 Y135.283
N13306 X148.798 Y135.856
N13308 X148.18 Y136.878
N13310 X147.82 Y137.437
N13312 X147.216 Y138.331
N13314 X146.591 Y139.193
N13316 X146.223 Y139.682
N13318 X145.757 Y140.28
N13320 X145.377 Y140.743
N13322 X144.4 Y141.882
N13324 X143.422 Y143.012
N13326 X143.014 Y143.511
N13328 X142.934 Y143.617
N13330 X142.445 Y144.318
N13332 X142.074 Y144.941
N13334 X141.956 Y145.171
N13336 X141.654 Y145.849
N13338 X141.416 Y146.522
N13340 X141.289 Y147.013
N13342 X141.234 Y147.246
N13344 X141.142 Y147.828
N13346 X141.079 Y148.479
N13348 X141.06 Y148.887
N13350 X141.084 Y149.457
N13352 X141.128 Y149.946
N13354 X141.196 Y150.434
N13356 X141.29 Y150.923
N13358 X141.322 Y151.068
N13360 X141.468 Y151.59
N13362 X141.574 Y151.901
N13364 X141.82 Y152.525
N13366 X141.985 Y152.878
N13368 X142.32 Y153.491
N13370 X142.556 Y153.856
N13372 X142.934 Y154.379
N13374 X143.368 Y154.888
N13376 X143.831 Y155.355
N13378 X144.383 Y155.827
N13380 X144.953 Y156.234
N13382 X145.251 Y156.425
N13384 X145.918 Y156.788
N13386 X146.215 Y156.927
N13388 X146.843 Y157.175
N13390 X147.138 Y157.277
N13392 X147.668 Y157.425
N13394 X148.075 Y157.511
N13396 X148.491 Y157.584
N13398 X148.924 Y157.639
N13400 X149.375 Y157.676
N13402 X149.849 Y157.692
N13404 X150.364 Y157.665
N13406 X150.575 Y157.644
N13408 X150.536 Y157.247
N13410 X150.809 Y157.22
N13412 X151.389 Y157.128
N13414 X152.038 Y156.968
N13416 X152.586 Y156.788
N13418 X152.783 Y156.712
N13420 X153.706 Y156.277
N13422 X154.444 Y155.811
N13424 X154.662 Y155.65
N13426 X155.087 Y155.322
N13428 X155.639 Y154.813
N13430 X156.128 Y154.28
N13432 X156.455 Y153.856
N13434 X156.616 Y153.636
N13436 X157.08 Y152.903
N13438 X157.512 Y151.982
N13440 X157.594 Y151.771
N13442 X157.77 Y151.235
N13444 X157.929 Y150.587
N13446 X158.025 Y149.946
N13448 X158.067 Y149.472
N13450 X158.096 Y148.968
N13452 X158.072 Y148.49
N13454 X158.023 Y147.991
N13456 X157.948 Y147.502
N13458 X157.844 Y147.013
N13460 X157.704 Y146.483
N13462 X157.546 Y146.036
N13464 X157.276 Y145.402
N13466 X157.105 Y145.059
N13468 X156.765 Y144.475
N13470 X156.495 Y144.081
N13472 X156.121 Y143.598
N13474 X153.856 Y141.015
N13476 X153.398 Y140.459
N13478 X152.997 Y139.932
N13480 X152.097 Y138.704
N13482 X151.741 Y138.204
N13484 X151.374 Y137.657
N13486 X151.11 Y137.238
N13488 X150.595 Y136.387
N13490 X150.244 Y135.791
N13492 X149.888 Y135.17
N13494 X149.775 Y135.01
N13496 X149.337 Y135.721
N13498 X148.798 Y136.636
N13500 X148.309 Y137.418
N13502 X147.698 Y138.338
N13504 X147.087 Y139.193
N13506 X146.725 Y139.682
N13508 X146.354 Y140.167
N13510 X145.866 Y140.777
N13512 X145.14 Y141.637
N13514 X143.637 Y143.377
N13516 X143.422 Y143.645
N13518 X142.934 Y144.311
N13520 X142.493 Y145.01
N13522 X142.445 Y145.097
N13524 X142.047 Y145.945
N13526 X141.956 Y146.177
N13528 X141.783 Y146.698
N13530 X141.622 Y147.347
N13532 X141.524 Y147.991
N13534 X141.478 Y148.469
N13536 X141.455 Y148.966
N13538 X141.482 Y149.442
N13540 X141.529 Y149.946
N13542 X141.601 Y150.434
N13544 X141.704 Y150.923
N13546 X141.862 Y151.506
N13548 X142. Y151.901
N13550 X142.269 Y152.545
N13552 X142.445 Y152.897
N13554 X142.779 Y153.47
N13556 X143.045 Y153.856
N13558 X143.422 Y154.344
N13560 X143.884 Y154.86
N13562 X144.4 Y155.321
N13564 X144.952 Y155.747
N13566 X145.242 Y155.946
N13568 X145.852 Y156.305
N13570 X146.177 Y156.468
N13572 X146.524 Y156.619
N13574 X146.946 Y156.788
N13576 X147.233 Y156.887
N13578 X147.82 Y157.044
N13580 X148.309 Y157.148
N13582 X148.844 Y157.23
N13584 X149.357 Y157.277
N13586 X149.755 Y157.296
N13588 X150.264 Y157.274
N13590 X150.536 Y157.247
N13592 X150.5 Y156.85
N13594 X150.709 Y156.831
N13596 X151.286 Y156.743
N13598 X151.939 Y156.579
N13600 X152.731 Y156.299
N13602 X153.684 Y155.826
N13604 X154.173 Y155.502
N13606 X154.432 Y155.322
N13608 X154.662 Y155.139
N13610 X155.025 Y154.833
N13612 X155.15 Y154.717
N13614 X155.522 Y154.344
N13616 X155.639 Y154.218
N13618 X155.944 Y153.856
N13620 X156.128 Y153.624
N13622 X156.307 Y153.367
N13624 X156.649 Y152.845
N13626 X157.118 Y151.887
N13628 X157.381 Y151.135
N13630 X157.553 Y150.434
N13632 X157.628 Y149.911
N13634 X157.671 Y149.379
N13636 X157.69 Y148.871
N13638 X157.669 Y148.481
N13640 X157.621 Y147.994
N13642 X157.543 Y147.502
N13644 X157.432 Y147.013
N13646 X157.293 Y146.524
N13648 X157.247 Y146.382
N13650 X157.105 Y146.006
N13652 X156.898 Y145.547
N13654 X156.807 Y145.357
N13656 X156.616 Y145.002
N13658 X156.259 Y144.438
N13660 X155.995 Y144.081
N13662 X155.839 Y143.885
N13664 X154.662 Y142.541
N13666 X153.684 Y141.429
N13668 X153.196 Y140.845
N13670 X152.903 Y140.474
N13672 X152.314 Y139.682
N13674 X151.605 Y138.704
N13676 X151.255 Y138.202
N13678 X150.893 Y137.647
N13680 X150.314 Y136.699
N13682 X149.768 Y135.771
N13684 X149.196 Y136.749
N13686 X148.798 Y137.395
N13688 X148.172 Y138.353
N13690 X147.581 Y139.193
N13692 X147.225 Y139.682
N13694 X146.856 Y140.171
N13696 X146.354 Y140.808
N13698 X145.667 Y141.637
N13700 X144.191 Y143.347
N13702 X143.911 Y143.678
N13704 X143.422 Y144.316
N13706 X142.923 Y145.068
N13708 X142.443 Y146.035
N13710 X142.172 Y146.797
N13712 X141.998 Y147.502
N13714 X141.92 Y148.026
N13716 X141.874 Y148.561
N13718 X141.861 Y149.063
N13720 X141.884 Y149.455
N13722 X141.93 Y149.942
N13724 X141.998 Y150.393
N13726 X142.117 Y150.923
N13728 X142.292 Y151.529
N13730 X142.445 Y151.943
N13732 X142.644 Y152.389
N13734 X142.934 Y152.953
N13736 X143.285 Y153.504
N13738 X143.545 Y153.856
N13740 X143.956 Y154.344
N13742 X144.449 Y154.833
N13744 X144.684 Y155.037
N13746 X145.047 Y155.322
N13748 X145.377 Y155.552
N13750 X145.822 Y155.83
N13752 X146.354 Y156.104
N13754 X146.819 Y156.311
N13756 X147.184 Y156.447
N13758 X147.559 Y156.56
N13760 X147.945 Y156.663
N13762 X148.346 Y156.751
N13764 X148.768 Y156.818
N13766 X149.211 Y156.863
N13768 X149.67 Y156.892
N13770 X150.254 Y156.872
N13772 X150.5 Y156.85
N13774 X150.466 Y156.447
N13776 X150.752 Y156.417
N13778 X151.241 Y156.344
N13780 X151.836 Y156.193
N13782 X152.6 Y155.917
N13784 X152.834 Y155.811
N13786 X153.599 Y155.407
N13788 X153.732 Y155.322
N13790 X154.173 Y155.008
N13792 X154.404 Y154.833
N13794 X154.662 Y154.613
N13796 X154.954 Y154.344
N13798 X155.15 Y154.148
N13800 X155.418 Y153.856
N13802 X155.639 Y153.597
N13804 X155.813 Y153.367
N13806 X156.158 Y152.878
N13808 X156.209 Y152.797
N13810 X156.616 Y152.022
N13812 X156.718 Y151.799
N13814 X156.995 Y151.032
N13816 X157.146 Y150.439
N13818 X157.232 Y149.819
N13820 X157.273 Y149.289
N13822 X157.28 Y148.793
N13824 X157.25 Y148.334
N13826 X157.202 Y147.894
N13828 X157.136 Y147.505
N13830 X157.038 Y147.08
N13832 X156.926 Y146.703
N13834 X156.8 Y146.34
N13836 X156.683 Y146.036
N13838 X156.616 Y145.882
N13840 X156.45 Y145.547
N13842 X156.181 Y145.052
N13844 X155.86 Y144.569
N13846 X155.639 Y144.276
N13848 X155.338 Y143.915
N13850 X153.298 Y141.593
N13852 X152.853 Y141.057
N13854 X152.41 Y140.485
N13856 X151.393 Y139.096
N13858 X150.969 Y138.488
N13860 X150.752 Y138.167
N13862 X150.264 Y137.39
N13864 X149.862 Y136.726
N13866 X149.775 Y136.629
N13868 X149.685 Y136.749
N13870 X149.495 Y137.029
N13872 X149.058 Y137.727
N13874 X148.639 Y138.374
N13876 X148.072 Y139.193
N13878 X147.721 Y139.682
N13880 X147.332 Y140.206
N13882 X146.843 Y140.835
N13884 X146.19 Y141.637
N13886 X145.152 Y142.845
N13888 X144.4 Y143.72
N13890 X143.911 Y144.331
N13892 X143.422 Y145.026
N13894 X143.367 Y145.113
N13896 X142.934 Y145.93
N13898 X142.844 Y146.126
N13900 X142.558 Y146.9
N13902 X142.405 Y147.497
N13904 X142.316 Y148.119
N13906 X142.275 Y148.65
N13908 X142.272 Y149.141
N13910 X142.302 Y149.6
N13912 X142.348 Y150.042
N13914 X142.412 Y150.431
N13916 X142.511 Y150.857
N13918 X142.681 Y151.412
N13920 X142.863 Y151.907
N13922 X142.934 Y152.071
N13924 X143.089 Y152.389
N13926 X143.38 Y152.92
N13928 X143.68 Y153.367
N13930 X143.911 Y153.674
N13932 X144.209 Y154.027
N13934 X144.453 Y154.291
N13936 X144.697 Y154.518
N13938 X145.069 Y154.833
N13940 X145.242 Y154.968
N13942 X145.752 Y155.322
N13944 X146.136 Y155.54
N13946 X146.456 Y155.709
N13948 X146.663 Y155.811
N13950 X146.843 Y155.886
N13952 X147.332 Y156.068
N13954 X147.883 Y156.237
N13956 X148.278 Y156.33
N13958 X148.694 Y156.403
N13960 X149.286 Y156.463
N13962 X149.593 Y156.481
N13964 X150.086 Y156.477
N13966 X150.466 Y156.447
N13968 X150.432 Y156.048
N13970 X150.752 Y156.01
N13972 X151.091 Y155.96
N13974 X151.727 Y155.811
N13976 X152.512 Y155.517
N13978 X152.918 Y155.322
N13980 X153.563 Y154.954
N13982 X153.739 Y154.833
N13984 X154.173 Y154.5
N13986 X154.362 Y154.344
N13988 X154.662 Y154.068
N13990 X154.873 Y153.856
N13992 X155.15 Y153.555
N13994 X155.305 Y153.367
N13996 X155.676 Y152.878
N13998 X155.755 Y152.761
N14000 X156.128 Y152.107
N14002 X156.318 Y151.71
N14004 X156.616 Y150.914
N14006 X156.761 Y150.29
N14008 X156.837 Y149.725
N14010 X156.876 Y149.197
N14012 X156.874 Y148.71
N14014 X156.838 Y148.257
N14016 X156.781 Y147.825
N14018 X156.706 Y147.412
N14020 X156.609 Y147.021
N14022 X156.441 Y146.524
N14024 X156.208 Y145.955
N14026 X156.044 Y145.63
N14028 X155.683 Y145.014
N14030 X155.36 Y144.569
N14032 X155.15 Y144.312
N14034 X153.196 Y142.087
N14036 X152.707 Y141.511
N14038 X152.218 Y140.894
N14040 X151.509 Y139.936
N14042 X150.903 Y139.098
N14044 X150.484 Y138.483
N14046 X150.264 Y138.147
N14048 X149.912 Y137.59
N14050 X149.775 Y137.41
N14052 X149.286 Y138.116
N14054 X148.798 Y138.852
N14056 X148.215 Y139.682
N14058 X147.82 Y140.221
N14060 X147.104 Y141.148
N14062 X146.71 Y141.637
N14064 X145.987 Y142.492
N14066 X144.888 Y143.764
N14068 X144.4 Y144.355
N14070 X143.911 Y145.016
N14072 X143.823 Y145.146
N14074 X143.422 Y145.847
N14076 X143.245 Y146.213
N14078 X142.934 Y147.03
N14080 X142.79 Y147.645
N14082 X142.711 Y148.214
N14084 X142.672 Y148.741
N14086 X142.677 Y149.224
N14088 X142.713 Y149.677
N14090 X142.768 Y150.111
N14092 X142.843 Y150.525
N14094 X142.941 Y150.916
N14096 X143.105 Y151.412
N14098 X143.313 Y151.939
N14100 X143.499 Y152.313
N14102 X143.838 Y152.895
N14104 X144.18 Y153.367
N14106 X144.4 Y153.636
N14108 X144.735 Y154.009
N14110 X145.108 Y154.344
N14112 X145.377 Y154.564
N14114 X145.815 Y154.884
N14116 X146.429 Y155.247
N14118 X146.754 Y155.411
N14120 X147.332 Y155.643
N14122 X147.835 Y155.811
N14124 X148.213 Y155.906
N14126 X148.798 Y156.006
N14128 X149.058 Y156.039
N14130 X149.51 Y156.075
N14132 X149.995 Y156.079
N14134 X150.432 Y156.048
N14136 X150.426 Y155.648
N14138 X150.994 Y155.569
N14140 X151.636 Y155.415
N14142 X151.907 Y155.322
N14144 X152.422 Y155.118
N14146 X152.978 Y154.833
N14148 X153.555 Y154.474
N14150 X153.728 Y154.344
N14152 X154.173 Y153.973
N14154 X154.304 Y153.856
N14156 X154.662 Y153.497
N14158 X154.779 Y153.367
N14160 X155.183 Y152.878
N14162 X155.275 Y152.754
N14164 X155.639 Y152.168
N14166 X155.918 Y151.621
N14168 X156.128 Y151.093
N14170 X156.217 Y150.833
N14172 X156.369 Y150.193
N14174 X156.444 Y149.629
N14176 X156.481 Y149.104
N14178 X156.469 Y148.626
N14180 X156.426 Y148.18
N14182 X156.361 Y147.757
N14184 X156.282 Y147.358
N14186 X156.188 Y147.014
N14188 X156.128 Y146.822
N14190 X156.013 Y146.524
N14192 X155.77 Y145.969
N14194 X155.576 Y145.61
N14196 X155.195 Y145.013
N14198 X154.787 Y144.503
N14200 X152.707 Y142.133
N14202 X152.218 Y141.544
N14204 X151.73 Y140.91
N14206 X150.752 Y139.575
N14208 X150.264 Y138.875
N14210 X149.828 Y138.209
N14212 X149.775 Y138.169
N14214 X149.725 Y138.216
N14216 X149.557 Y138.433
N14218 X149.046 Y139.193
N14220 X148.479 Y140.001
N14222 X147.82 Y140.88
N14224 X147.225 Y141.637
N14226 X146.729 Y142.239
N14228 X145.145 Y144.081
N14230 X144.888 Y144.387
N14232 X144.371 Y145.058
N14234 X144.299 Y145.158
N14236 X143.911 Y145.786
N14238 X143.646 Y146.301
N14240 X143.422 Y146.855
N14242 X143.336 Y147.099
N14244 X143.182 Y147.742
N14246 X143.103 Y148.31
N14248 X143.068 Y148.833
N14250 X143.083 Y149.308
N14252 X143.124 Y149.755
N14254 X143.188 Y150.18
N14256 X143.267 Y150.579
N14258 X143.361 Y150.922
N14260 X143.422 Y151.119
N14262 X143.532 Y151.412
N14264 X143.775 Y151.976
N14266 X143.967 Y152.334
N14268 X144.349 Y152.928
N14270 X144.758 Y153.439
N14272 X145.023 Y153.72
N14274 X145.274 Y153.959
N14276 X145.791 Y154.378
N14278 X146.354 Y154.746
N14280 X146.704 Y154.94
N14282 X147.062 Y155.103
N14284 X147.407 Y155.247
N14286 X147.609 Y155.322
N14288 X148.151 Y155.478
N14290 X148.559 Y155.561
N14292 X148.981 Y155.627
N14294 X149.426 Y155.67
N14296 X149.901 Y155.684
N14298 X150.426 Y155.648
N14300 X150.375 Y155.251
N14302 X150.893 Y155.181
N14304 X151.54 Y155.023
N14306 X152.07 Y154.833
N14308 X152.334 Y154.718
N14310 X153.011 Y154.344
N14312 X153.196 Y154.22
N14314 X153.622 Y153.918
N14316 X153.935 Y153.64
N14318 X154.23 Y153.367
N14320 X154.662 Y152.891
N14322 X154.718 Y152.821
N14324 X155.024 Y152.389
N14326 X155.15 Y152.202
N14328 X155.518 Y151.532
N14330 X155.639 Y151.255
N14332 X155.825 Y150.737
N14334 X155.98 Y150.093
N14336 X156.059 Y149.457
N14338 X156.088 Y148.968
N14340 X156.059 Y148.479
N14342 X155.996 Y147.991
N14344 X155.94 Y147.69
N14346 X155.845 Y147.295
N14348 X155.735 Y146.917
N14350 X155.599 Y146.564
N14352 X155.351 Y146.036
N14354 X155.282 Y145.903
N14356 X155.07 Y145.547
N14358 X154.698 Y145.021
N14360 X154.276 Y144.525
N14362 X152.421 Y142.414
N14364 X151.979 Y141.881
N14366 X151.73 Y141.57
N14368 X151.129 Y140.771
N14370 X150.264 Y139.579
N14372 X149.903 Y139.065
N14374 X149.775 Y138.914
N14376 X149.555 Y139.193
N14378 X149.196 Y139.682
N14380 X148.798 Y140.241
N14382 X148.118 Y141.148
N14384 X147.737 Y141.637
N14386 X147.343 Y142.126
N14388 X146.515 Y143.103
N14390 X145.377 Y144.426
N14392 X144.81 Y145.136
N14394 X144.4 Y145.749
N14396 X144.047 Y146.388
N14398 X143.911 Y146.698
N14400 X143.729 Y147.195
N14402 X143.57 Y147.842
N14404 X143.488 Y148.479
N14406 X143.462 Y148.968
N14408 X143.494 Y149.457
N14410 X143.554 Y149.946
N14412 X143.61 Y150.247
N14414 X143.704 Y150.642
N14416 X143.813 Y151.021
N14418 X143.962 Y151.412
N14420 X144.189 Y151.901
N14422 X144.261 Y152.039
N14424 X144.469 Y152.389
N14426 X144.845 Y152.921
N14428 X145.273 Y153.413
N14430 X145.56 Y153.673
N14432 X145.823 Y153.898
N14434 X146.395 Y154.303
N14436 X146.702 Y154.485
N14438 X147.029 Y154.647
N14440 X147.443 Y154.833
N14442 X147.718 Y154.936
N14444 X148.098 Y155.044
N14446 X148.492 Y155.139
N14448 X148.905 Y155.214
N14450 X149.343 Y155.265
N14452 X149.805 Y155.291
N14454 X150.375 Y155.251
N14456 X150.329 Y154.855
N14458 X150.789 Y154.796
N14460 X151.441 Y154.633
N14462 X152.218 Y154.329
N14464 X152.707 Y154.046
N14466 X153.017 Y153.856
N14468 X153.196 Y153.723
N14470 X153.684 Y153.327
N14472 X154.173 Y152.834
N14474 X154.527 Y152.389
N14476 X154.662 Y152.208
N14478 X154.85 Y151.901
N14480 X155.132 Y151.412
N14482 X155.435 Y150.639
N14484 X155.595 Y149.989
N14486 X155.66 Y149.457
N14488 X155.691 Y148.972
N14490 X155.659 Y148.482
N14492 X155.6 Y148.029
N14494 X155.516 Y147.625
N14496 X155.411 Y147.241
N14498 X155.291 Y146.872
N14500 X155.147 Y146.527
N14502 X154.894 Y146.036
N14504 X154.81 Y145.887
N14506 X154.588 Y145.547
N14508 X154.173 Y145.015
N14510 X152.137 Y142.696
N14512 X151.66 Y142.126
N14514 X151.261 Y141.617
N14516 X150.443 Y140.511
N14518 X149.836 Y139.67
N14520 X149.775 Y139.624
N14522 X149.714 Y139.682
N14524 X149.473 Y139.984
N14526 X148.798 Y140.913
N14528 X148.246 Y141.637
N14530 X147.82 Y142.172
N14532 X147.042 Y143.103
N14534 X145.781 Y144.569
N14536 X145.378 Y145.057
N14538 X144.888 Y145.734
N14540 X144.453 Y146.471
N14542 X144.4 Y146.578
N14544 X144.12 Y147.293
N14546 X143.955 Y147.946
N14548 X143.885 Y148.505
N14550 X143.859 Y148.964
N14552 X143.894 Y149.454
N14554 X143.957 Y149.946
N14556 X144.063 Y150.434
N14558 X144.207 Y150.923
N14560 X144.256 Y151.067
N14562 X144.397 Y151.414
N14564 X144.646 Y151.901
N14566 X144.733 Y152.056
N14568 X144.951 Y152.389
N14570 X145.352 Y152.903
N14572 X145.826 Y153.379
N14574 X146.39 Y153.82
N14576 X146.686 Y154.013
N14578 X147.003 Y154.185
N14580 X147.323 Y154.348
N14582 X147.673 Y154.492
N14584 X148.043 Y154.61
N14586 X148.427 Y154.715
N14588 X148.83 Y154.8
N14590 X149.262 Y154.857
N14592 X149.718 Y154.89
N14594 X150.228 Y154.867
N14596 X150.329 Y154.855
N14598 X150.264 Y154.455
N14600 X150.725 Y154.401
N14602 X150.976 Y154.344
N14604 X151.338 Y154.247
N14606 X152.177 Y153.897
N14608 X152.253 Y153.856
N14610 X152.707 Y153.565
N14612 X152.997 Y153.367
N14614 X153.196 Y153.205
N14616 X153.561 Y152.878
N14618 X153.684 Y152.755
N14620 X154.01 Y152.389
N14622 X154.173 Y152.189
N14624 X154.369 Y151.901
N14626 X154.679 Y151.413
N14628 X154.889 Y150.923
N14630 X155.048 Y150.536
N14632 X155.15 Y150.153
N14634 X155.205 Y149.89
N14636 X155.263 Y149.344
N14638 X155.276 Y148.842
N14640 X155.244 Y148.386
N14642 X155.188 Y147.994
N14644 X155.15 Y147.804
N14646 X155.073 Y147.502
N14648 X154.91 Y147.013
N14650 X154.843 Y146.835
N14652 X154.662 Y146.444
N14654 X154.428 Y146.036
N14656 X154.33 Y145.878
N14658 X154.173 Y145.658
N14660 X153.905 Y145.326
N14662 X153.684 Y145.063
N14664 X151.878 Y143.008
N14666 X151.421 Y142.466
N14668 X150.962 Y141.881
N14670 X150.414 Y141.148
N14672 X149.936 Y140.499
N14674 X149.775 Y140.321
N14676 X149.497 Y140.659
N14678 X149.042 Y141.253
N14680 X148.599 Y141.835
N14682 X148.309 Y142.203
N14684 X147.566 Y143.103
N14686 X146.026 Y144.897
N14688 X145.866 Y145.095
N14690 X145.377 Y145.737
N14692 X145.183 Y146.036
N14694 X144.868 Y146.544
N14696 X144.507 Y147.395
N14698 X144.4 Y147.79
N14700 X144.345 Y148.045
N14702 X144.285 Y148.594
N14704 X144.275 Y149.093
N14706 X144.308 Y149.549
N14708 X144.362 Y149.942
N14710 X144.4 Y150.135
N14712 X144.577 Y150.746
N14714 X144.638 Y150.923
N14716 X144.839 Y151.412
N14718 X144.888 Y151.511
N14720 X145.111 Y151.901
N14722 X145.213 Y152.064
N14724 X145.452 Y152.389
N14726 X145.866 Y152.878
N14728 X146.449 Y153.367
N14730 X146.678 Y153.532
N14732 X146.982 Y153.716
N14734 X147.297 Y153.891
N14736 X147.82 Y154.111
N14738 X147.992 Y154.172
N14740 X148.364 Y154.289
N14742 X148.58 Y154.344
N14744 X148.761 Y154.38
N14746 X149.185 Y154.445
N14748 X149.642 Y154.477
N14750 X150.142 Y154.466
N14752 X150.264 Y154.455
N14754 X150.223 Y154.058 Z7.519
N14756 X150.597 Y154.011 Z7.52
N14758 X151.235 Y153.862
N14760 X151.575 Y153.73 Z7.517
N14762 X151.73 Y153.662 Z7.514
N14764 X151.957 Y153.556 Z7.518
N14766 X152.108 Y153.477 Z7.52
N14768 X152.293 Y153.367
N14770 X152.707 Y153.091 Z7.517
N14772 X152.814 Y153.009 Z7.518
N14774 X153.196 Y152.679 Z7.515
N14776 X153.344 Y152.538
N14778 X153.484 Y152.389
N14780 X153.747 Y152.093 Z7.518
N14782 X153.89 Y151.901
N14784 X154.173 Y151.484 Z7.52
N14786 X154.277 Y151.308
N14788 X154.463 Y150.923 Z7.515
N14790 X154.583 Y150.643 Z7.518
N14792 X154.663 Y150.435 Z7.52
N14794 X154.81 Y149.797
N14796 X154.858 Y149.411 Z7.518
N14798 X154.877 Y149.119 Z7.517
N14800 X154.875 Y148.786
N14802 X154.867 Y148.647 Z7.518
N14804 X154.802 Y148.131 Z7.52
N14806 X154.758 Y147.894
N14808 X154.66 Y147.506
N14810 X154.534 Y147.141 Z7.517
N14812 X154.334 Y146.685 Z7.52
N14814 X154.173 Y146.384
N14816 X153.901 Y145.967 Z7.519
N14818 X153.574 Y145.547 Z7.518
N14820 X151.73 Y143.447 Z7.52
N14822 X151.241 Y142.874
N14824 X150.752 Y142.267
N14826 X150.064 Y141.348
N14828 X149.882 Y141.104
N14830 X149.775 Y141.001
N14832 X149.645 Y141.148
N14834 X149.286 Y141.596
N14836 X148.798 Y142.229
N14838 X148.087 Y143.103
N14840 X147.332 Y143.994
N14842 X146.311 Y145.182 Z7.519
N14844 X145.815 Y145.81 Z7.518
N14846 X145.563 Y146.175
N14848 X145.342 Y146.524 Z7.52
N14850 X145.293 Y146.608
N14852 X145.093 Y147.013 Z7.513
N14854 X144.972 Y147.291 Z7.518
N14856 X144.888 Y147.507 Z7.52
N14858 X144.739 Y148.14
N14860 X144.69 Y148.516 Z7.519
N14862 X144.673 Y148.792 Z7.518
N14864 X144.675 Y149.115
N14866 X144.685 Y149.286 Z7.519
N14868 X144.722 Y149.612
N14870 X144.75 Y149.807 Z7.52
N14872 X144.888 Y150.429
N14874 X145.032 Y150.847 Z7.516
N14876 X145.2 Y151.235 Z7.52
N14878 X145.32 Y151.469
N14880 X145.377 Y151.569
N14882 X145.589 Y151.901 Z7.517
N14884 X145.884 Y152.292 Z7.518
N14886 X146.028 Y152.455
N14888 X146.361 Y152.783
N14890 X146.519 Y152.914 Z7.519
N14892 X146.986 Y153.248
N14894 X147.249 Y153.413 Z7.52
N14896 X147.515 Y153.55
N14898 X147.954 Y153.741 Z7.517
N14900 X148.071 Y153.784 Z7.518
N14902 X148.305 Y153.858 Z7.52
N14904 X148.694 Y153.959
N14906 X149.117 Y154.028 Z7.519
N14908 X149.6 Y154.078 Z7.517
N14910 X150.076 Y154.074 Z7.519
N14912 X150.223 Y154.058
N14914 X149.775 Y148.975 Z7.52
N14916 G0 Z17.52
N14918 X153.313 Y144.17
N14920 Z10.487
N14922 G1 Z8.586
N14924 X152.218 Y144.638 Z7.517
N14926 Y144.615 Z7.518
N14928 X151.241 Y143.494 Z7.52
N14930 X150.752 Y142.91
N14932 X150.264 Y142.287
N14934 X149.777 Y141.635
N14936 X149.765 Y141.637
N14938 X149.695 Y141.717
N14940 X149.286 Y142.252
N14942 X148.606 Y143.103
N14944 X147.82 Y144.039
N14946 X147.364 Y144.569 Z7.519
N14948 X147.332 Y144.612 Z7.518
N14950 X147.328 Y144.642 Z7.517
N14952 X147.486 Y144.569 Z7.516
N14954 X147.58 Y144.518 Z7.515
N14956 X147.82 Y144.418 Z7.512
N14958 X148.309 Y144.215 Z7.517
N14960 X148.556 Y144.138 Z7.519
N14962 X149.531 Y144.008 Z7.518
N14964 X150.507 Y144.059 Z7.519
N14966 X150.994 Y144.159 Z7.518
N14968 X151.529 Y144.304 Z7.515
N14970 X151.97 Y144.518
N14972 X152.218 Y144.638 Z7.517
N14974 X151.605 Y144.218
N14976 X150.826 Y143.685 Z7.52
N14978 X150.79 Y143.585
N14980 X150.264 Y142.939
N14982 X149.905 Y142.484
N14984 X149.775 Y142.349
N14986 X149.533 Y142.614
N14988 X149.123 Y143.103
N14990 X148.798 Y143.511
N14992 X148.749 Y143.592
N14994 X148.705 Y143.684
N14996 X149.328 Y143.633
N14998 X149.775 Y143.62
N15000 X150.293 Y143.648
N15002 X150.826 Y143.685
N15004 X149.919 Y143.197
N15006 X149.907 Y143.158
N15008 X149.879 Y143.103
N15010 X149.829 Y143.049
N15012 X149.775 Y143.007
N15014 X149.672 Y143.103
N15016 X149.599 Y143.197
N15018 X149.669 Y143.209
N15020 X149.775 Y143.213
N15022 X149.893 Y143.205
N15024 X149.919 Y143.197
N15026 X149.775 Y148.975
N15028 G0 Z17.52
N15030 X150.55 Y88.163
N15032 Z4.325
N15034 G1 Z2.189
N15036 X149.775 Y88.87 Z0.981
N15038 X149.792 Y88.852 Z0.979
N15040 X149.857 Y88.281 Z0.923
N15042 X149.978 Y87.386 Z0.84
N15044 X150.139 Y86.408 Z0.761
N15046 X150.264 Y85.761 Z0.715
N15048 X150.445 Y84.942 Z0.663
N15050 X150.683 Y83.964 Z0.61
N15052 X150.97 Y82.987 Z0.57
N15054 X151.15 Y82.407 Z0.552
N15056 X151.303 Y81.947 Z0.541
N15058 X151.661 Y80.963 Z0.527
N15060 X151.939 Y80.263 Z0.521
N15062 X152.243 Y79.541 Z0.52
N15064 X152.707 Y78.538
N15066 X153.196 Y77.579
N15068 X153.779 Y76.539
N15070 X154.309 Y75.656
N15072 X154.662 Y75.092
N15074 X155.274 Y74.189
N15076 X155.623 Y73.701
N15078 X156.128 Y73.024
N15080 X156.748 Y72.234
N15082 X157.156 Y71.746
N15084 X158.857 Y69.791
N15086 X159.266 Y69.302
N15088 X159.548 Y68.949
N15090 X159.926 Y68.435
N15092 X160.037 Y68.271
N15094 X160.526 Y67.462
N15096 X160.666 Y67.206
N15098 X161.068 Y66.369
N15100 X161.266 Y65.881
N15102 X161.454 Y65.392
N15104 X161.646 Y64.759
N15106 X161.816 Y64.101
N15108 X161.933 Y63.437
N15110 X162.005 Y62.948
N15112 X162.057 Y62.394
N15114 X162.084 Y61.878
N15116 X162.096 Y61.383
N15118 X162.078 Y60.993
N15120 X162.045 Y60.508
N15122 X161.992 Y59.917
N15124 X161.936 Y59.527
N15126 X161.846 Y59.038
N15128 X161.735 Y58.549
N15130 X161.6 Y58.039
N15132 X161.456 Y57.572
N15134 X161.279 Y57.083
N15136 X161.014 Y56.434
N15138 X160.861 Y56.106
N15140 X160.611 Y55.617
N15142 X160.228 Y54.947
N15144 X160.03 Y54.646
N15146 X159.548 Y53.974
N15148 X159.192 Y53.529
N15150 X158.571 Y52.839
N15152 X158.417 Y52.684
N15154 X158.244 Y52.522
N15156 X157.594 Y51.953
N15158 X157.21 Y51.649
N15160 X156.616 Y51.227
N15162 X156.319 Y51.032
N15164 X155.717 Y50.685
N15166 X155.048 Y50.342
N15168 X154.712 Y50.19
N15170 X154.013 Y49.912
N15172 X153.553 Y49.752
N15174 X152.894 Y49.564
N15176 X152.502 Y49.468
N15178 X152.098 Y49.384
N15180 X151.681 Y49.311
N15182 X151.261 Y49.249
N15184 X150.812 Y49.204
N15186 X150.264 Y49.17
N15188 X149.775 Y49.157
N15190 X149.286 Y49.17
N15192 X148.85 Y49.194
N15194 X148.332 Y49.241
N15196 X147.757 Y49.326
N15198 X147.164 Y49.431
N15200 X146.502 Y49.604
N15202 X145.866 Y49.797
N15204 X145.001 Y50.128
N15206 X144.747 Y50.241
N15208 X144.076 Y50.564
N15210 X143.774 Y50.729
N15212 X142.934 Y51.242
N15214 X142.295 Y51.707
N15216 X141.956 Y51.983
N15218 X141.707 Y52.196
N15220 X141.468 Y52.413
N15222 X141.181 Y52.684
N15224 X140.979 Y52.887
N15226 X140.707 Y53.173
N15228 X140.49 Y53.413
N15230 X140.278 Y53.662
N15232 X140.002 Y54.001
N15234 X139.537 Y54.639
N15236 X139.024 Y55.482
N15238 X138.861 Y55.78
N15240 X138.474 Y56.594
N15242 X138.427 Y56.703
N15244 X138.096 Y57.572
N15246 X137.901 Y58.207
N15248 X137.734 Y58.863
N15250 X137.614 Y59.527
N15252 X137.544 Y60.013
N15254 X137.504 Y60.5
N15256 X137.468 Y61.083
N15258 X137.456 Y61.584
N15260 X137.469 Y61.971
N15262 X137.498 Y62.456
N15264 X137.558 Y63.027
N15266 X137.62 Y63.437
N15268 X137.707 Y63.926
N15270 X137.816 Y64.414
N15272 X137.949 Y64.925
N15274 X138.095 Y65.392
N15276 X138.35 Y66.066
N15278 X138.536 Y66.514
N15280 X138.699 Y66.858
N15282 X139.024 Y67.482
N15284 X139.326 Y68.005
N15286 X139.535 Y68.324
N15288 X139.93 Y68.885
N15290 X140.262 Y69.302
N15292 X141.124 Y70.29
N15294 X142.445 Y71.79
N15296 X142.934 Y72.368
N15298 X143.277 Y72.81
N15300 X144.4 Y74.348
N15302 X144.717 Y74.809
N15304 X144.925 Y75.13
N15306 X145.542 Y76.144
N15308 X145.866 Y76.69
N15310 X146.185 Y77.254
N15312 X146.369 Y77.595
N15314 X146.684 Y78.211
N15316 X147.017 Y78.903
N15318 X147.321 Y79.576
N15320 X147.725 Y80.543 Z0.522
N15322 X148.094 Y81.521 Z0.532
N15324 X148.309 Y82.13 Z0.545
N15326 X148.581 Y82.987 Z0.57
N15328 X148.798 Y83.726 Z0.6
N15330 X148.987 Y84.453 Z0.635
N15332 X149.215 Y85.43 Z0.694
N15334 X149.326 Y85.959 Z0.728
N15336 X149.496 Y86.897 Z0.799
N15338 X149.599 Y87.562 Z0.856
N15340 X149.703 Y88.361 Z0.93
N15342 X149.758 Y88.852 Z0.979
N15344 X149.763 Y88.864 Z0.98
N15346 X149.775 Y88.87 Z0.981
N15348 Y87.386 Z0.84
N15350 Y86.016 Z0.732
N15352 X149.823 Y85.919 Z0.725
N15354 X150.034 Y84.942 Z0.663
N15356 X150.267 Y83.965 Z0.61
N15358 X150.598 Y82.833 Z0.565
N15360 X150.827 Y82.109 Z0.544
N15362 X151.086 Y81.366 Z0.531
N15364 X151.394 Y80.543 Z0.521
N15366 X151.73 Y79.723 Z0.52
N15368 X152.017 Y79.077
N15370 X152.26 Y78.546
N15372 X152.75 Y77.567
N15374 X153.196 Y76.753
N15376 X153.684 Y75.914
N15378 X154.173 Y75.115
N15380 X154.662 Y74.371
N15382 X155.13 Y73.701
N15384 X155.855 Y72.723
N15386 X156.235 Y72.234
N15388 X156.714 Y71.648
N15390 X158.571 Y69.51
N15392 X159.146 Y68.813
N15394 X159.426 Y68.446
N15396 X159.548 Y68.274
N15398 X160.037 Y67.507
N15400 X160.25 Y67.134
N15402 X160.526 Y66.588
N15404 X160.712 Y66.183
N15406 X161.039 Y65.367
N15408 X161.258 Y64.659
N15410 X161.431 Y63.998
N15412 X161.529 Y63.437
N15414 X161.612 Y62.839
N15416 X161.66 Y62.303
N15418 X161.685 Y61.788
N15420 X161.687 Y61.297
N15422 X161.665 Y60.831
N15424 X161.598 Y59.996
N15426 X161.503 Y59.367
N15428 X161.438 Y59.038
N15430 X161.323 Y58.549
N15432 X161.148 Y57.927
N15434 X161.014 Y57.513
N15436 X160.755 Y56.854
N15438 X160.61 Y56.51
N15440 X160.453 Y56.178
N15442 X160.136 Y55.585
N15444 X159.865 Y55.128
N15446 X159.744 Y54.938
N15448 X159.548 Y54.656
N15450 X159.129 Y54.082
N15452 X158.706 Y53.583
N15454 X158.212 Y53.043
N15456 X157.729 Y52.6
N15458 X157.175 Y52.126
N15460 X156.616 Y51.715
N15462 X156.324 Y51.514
N15464 X155.849 Y51.218
N15466 X155.15 Y50.839
N15468 X154.748 Y50.643
N15470 X154.057 Y50.357
N15472 X153.711 Y50.225
N15474 X153.196 Y50.064
N15476 X152.565 Y49.893
N15478 X152.167 Y49.803
N15480 X151.761 Y49.729
N15482 X151.241 Y49.653
N15484 X150.752 Y49.604
N15486 X150.264 Y49.573
N15488 X149.966 Y49.561
N15490 X149.474 Y49.564
N15492 X148.798 Y49.603
N15494 X148.309 Y49.652
N15496 X147.633 Y49.752
N15498 X147.268 Y49.816
N15500 X146.603 Y49.992
N15502 X145.872 Y50.218
N15504 X145.092 Y50.526
N15506 X144.646 Y50.729
N15508 X144.15 Y50.979
N15510 X143.73 Y51.218
N15512 X142.934 Y51.731
N15514 X142.325 Y52.196
N15516 X141.956 Y52.511
N15518 X141.763 Y52.684
N15520 X141.468 Y52.965
N15522 X141.259 Y53.173
N15524 X140.979 Y53.468
N15526 X140.806 Y53.662
N15528 X140.49 Y54.031
N15530 X140.026 Y54.639
N15532 X139.513 Y55.437
N15534 X139.276 Y55.854
N15536 X139.024 Y56.356
N15538 X138.825 Y56.794
N15540 X138.51 Y57.598
N15542 X138.289 Y58.307
N15544 X138.119 Y58.966
N15546 X138.012 Y59.561
N15548 X137.939 Y60.124
N15550 X137.896 Y60.655
N15552 X137.867 Y61.173
N15554 X137.861 Y61.668
N15556 X137.882 Y62.136
N15558 X137.916 Y62.591
N15560 X137.964 Y63.031
N15562 X138.047 Y63.572
N15564 X138.114 Y63.926
N15566 X138.228 Y64.414
N15568 X138.401 Y65.037
N15570 X138.536 Y65.441
N15572 X138.799 Y66.106
N15574 X138.945 Y66.448
N15576 X139.147 Y66.858
N15578 X139.513 Y67.536
N15580 X139.81 Y68.014
N15582 X140.014 Y68.312
N15584 X140.427 Y68.876
N15586 X140.979 Y69.521
N15588 X142.934 Y71.742
N15590 X143.422 Y72.341
N15592 X143.796 Y72.838
N15594 X144.798 Y74.218
N15596 X145.201 Y74.82
N15598 X145.715 Y75.656
N15600 X146.354 Y76.738
N15602 X146.659 Y77.289
N15604 X146.997 Y77.945
N15606 X147.332 Y78.629
N15608 X147.752 Y79.566
N15610 X148.054 Y80.288 Z0.521
N15612 X148.362 Y81.085 Z0.527
N15614 X148.688 Y82.009 Z0.542
N15616 X148.849 Y82.498 Z0.554
N15618 X149.16 Y83.54 Z0.592
N15620 X149.377 Y84.363 Z0.631
N15622 X149.562 Y85.155 Z0.677
N15624 X149.727 Y85.919 Z0.725
N15626 X149.775 Y86.016 Z0.732
N15628 Y84.453 Z0.635
N15630 Y84.176 Z0.621
N15632 X149.839 Y84.028 Z0.613
N15634 X150.079 Y83.171 Z0.577
N15636 X150.276 Y82.519 Z0.554
N15638 X150.528 Y81.745 Z0.536
N15640 X150.77 Y81.063 Z0.528
N15642 X151.043 Y80.346 Z0.521
N15644 X151.363 Y79.566 Z0.52
N15646 X151.73 Y78.739
N15648 X152.036 Y78.099
N15650 X152.342 Y77.487
N15652 X152.805 Y76.633
N15654 X153.196 Y75.954
N15656 X153.684 Y75.143
N15658 X154.173 Y74.383
N15660 X154.662 Y73.669
N15662 X155.355 Y72.723
N15664 X155.726 Y72.234
N15666 X156.115 Y71.746
N15668 X156.616 Y71.149
N15670 X158.222 Y69.302
N15672 X158.633 Y68.813
N15674 X158.886 Y68.498
N15676 X159.06 Y68.265
N15678 X159.548 Y67.539
N15680 X159.831 Y67.064
N15682 X160.037 Y66.675
N15684 X160.314 Y66.092
N15686 X160.6 Y65.392
N15688 X160.645 Y65.273
N15690 X160.872 Y64.557
N15692 X161.045 Y63.895
N15694 X161.142 Y63.309
N15696 X161.218 Y62.744
N15698 X161.264 Y62.21
N15700 X161.288 Y61.697
N15702 X161.283 Y61.213
N15704 X161.239 Y60.504
N15706 X161.172 Y59.858
N15708 X161.107 Y59.434
N15710 X161.014 Y58.965
N15712 X160.909 Y58.549
N15714 X160.709 Y57.877
N15716 X160.606 Y57.562
N15718 X160.449 Y57.16
N15720 X160.154 Y56.477
N15722 X159.964 Y56.106
N15724 X159.64 Y55.525
N15726 X159.387 Y55.128
N15728 X159.051 Y54.648
N15730 X158.625 Y54.097
N15732 X158.082 Y53.491
N15734 X157.705 Y53.115
N15736 X157.105 Y52.588
N15738 X156.616 Y52.207
N15740 X156.128 Y51.866
N15742 X155.732 Y51.613
N15744 X155.015 Y51.218
N15746 X154.78 Y51.099
N15748 X154.099 Y50.803
N15750 X153.684 Y50.643
N15752 X153.196 Y50.484
N15754 X152.627 Y50.321
N15756 X152.24 Y50.227
N15758 X151.73 Y50.131
N15760 X151.241 Y50.06
N15762 X150.752 Y50.007
N15764 X150.264 Y49.974
N15766 X149.775 Y49.96
N15768 X149.565 Y49.961
N15770 X149.053 Y49.986
N15772 X148.519 Y50.031
N15774 X147.82 Y50.128
N15776 X147.354 Y50.205
N15778 X146.705 Y50.378
N15780 X145.993 Y50.602
N15782 X145.655 Y50.729
N15784 X145.184 Y50.923
N15786 X144.559 Y51.218
N15788 X144.222 Y51.396
N15790 X143.7 Y51.707
N15792 X142.934 Y52.228
N15794 X142.805 Y52.324
N15796 X142.365 Y52.684
N15798 X141.828 Y53.173
N15800 X141.468 Y53.533
N15802 X140.979 Y54.071
N15804 X140.621 Y54.508
N15806 X140.49 Y54.685
N15808 X140.002 Y55.407
N15810 X139.693 Y55.925
N15812 X139.513 Y56.268
N15814 X139.222 Y56.886
N15816 X139.024 Y57.369
N15818 X138.902 Y57.694
N15820 X138.676 Y58.409
N15822 X138.505 Y59.069
N15824 X138.405 Y59.658
N15826 X138.333 Y60.218
N15828 X138.277 Y60.993
N15830 X138.264 Y61.265
N15832 X138.265 Y61.753
N15834 X138.288 Y62.218
N15836 X138.327 Y62.668
N15838 X138.381 Y63.103
N15840 X138.446 Y63.526
N15842 X138.536 Y63.987
N15844 X138.641 Y64.414
N15846 X138.783 Y64.903
N15848 X138.945 Y65.392
N15850 X139.139 Y65.881
N15852 X139.403 Y66.479
N15854 X139.598 Y66.858
N15856 X139.916 Y67.433
N15858 X140.174 Y67.836
N15860 X140.513 Y68.324
N15862 X140.912 Y68.832
N15864 X143.218 Y71.46
N15866 X143.459 Y71.746
N15868 X143.911 Y72.322
N15870 X144.92 Y73.701
N15872 X145.377 Y74.357
N15874 X145.683 Y74.835
N15876 X146.472 Y76.144
N15878 X146.843 Y76.792
N15880 X147.332 Y77.718
N15882 X147.82 Y78.732
N15884 X148.202 Y79.6
N15886 X148.446 Y80.192
N15888 X148.768 Y81.03 Z0.527
N15890 X149.022 Y81.745 Z0.536
N15892 X149.273 Y82.512 Z0.554
N15894 X149.496 Y83.265 Z0.581
N15896 X149.691 Y83.971 Z0.61
N15898 X149.775 Y84.176 Z0.621
N15900 Y82.685 Z0.56
N15902 X149.901 Y82.372 Z0.551
N15904 X150.184 Y81.521 Z0.532
N15906 X150.463 Y80.743 Z0.524
N15908 X150.752 Y79.993 Z0.52
N15910 X151.139 Y79.077
N15912 X151.461 Y78.368
N15914 X151.831 Y77.611
N15916 X152.218 Y76.869
N15918 X152.622 Y76.144
N15920 X153.201 Y75.167
N15922 X153.684 Y74.4
N15924 X154.173 Y73.671
N15926 X154.856 Y72.723
N15928 X155.458 Y71.927
N15930 X156.128 Y71.108
N15932 X156.841 Y70.279
N15934 X158.082 Y68.849
N15936 X158.276 Y68.62
N15938 X158.571 Y68.247
N15940 X159.06 Y67.557
N15942 X159.407 Y66.999
N15944 X159.548 Y66.744
N15946 X159.916 Y66.001
N15948 X160.037 Y65.724
N15950 X160.252 Y65.176
N15952 X160.486 Y64.453
N15954 X160.651 Y63.8
N15956 X160.751 Y63.211
N15958 X160.825 Y62.648
N15960 X160.877 Y61.971
N15962 X160.891 Y61.605
N15964 X160.872 Y60.993
N15966 X160.838 Y60.504
N15968 X160.787 Y60.016
N15970 X160.713 Y59.527
N15972 X160.617 Y59.024
N15974 X160.502 Y58.572
N15976 X160.348 Y58.061
N15978 X160.142 Y57.467
N15980 X159.984 Y57.083
N15982 X159.693 Y56.45
N15984 X159.509 Y56.106
N15986 X159.163 Y55.513
N15988 X158.767 Y54.94
N15990 X158.547 Y54.639
N15992 X158.082 Y54.086
N15994 X157.647 Y53.609
N15996 X157.105 Y53.117
N15998 X156.604 Y52.697
N16000 X156.128 Y52.352
N16002 X155.743 Y52.091
N16004 X155.082 Y51.707
N16006 X154.807 Y51.561
N16008 X154.139 Y51.252
N16010 X153.684 Y51.071
N16012 X153.063 Y50.862
N16014 X152.614 Y50.729
N16016 X152.218 Y50.634
N16018 X151.73 Y50.54
N16020 X151.241 Y50.464
N16022 X150.752 Y50.409
N16024 X150.137 Y50.367
N16026 X149.658 Y50.358
N16028 X149.147 Y50.38
N16030 X148.615 Y50.423
N16032 X148.053 Y50.497
N16034 X147.465 Y50.596
N16036 X146.808 Y50.764
N16038 X146.09 Y50.994
N16040 X145.51 Y51.218
N16042 X145.275 Y51.32
N16044 X144.489 Y51.707
N16046 X144.288 Y51.819
N16048 X143.684 Y52.196
N16050 X142.999 Y52.684
N16052 X142.677 Y52.941
N16054 X142.415 Y53.173
N16056 X141.902 Y53.662
N16058 X141.441 Y54.151
N16060 X141.239 Y54.379
N16062 X140.979 Y54.706
N16064 X140.49 Y55.391
N16066 X140.115 Y55.992
N16068 X140.002 Y56.198
N16070 X139.619 Y56.977
N16072 X139.513 Y57.223
N16074 X139.294 Y57.791
N16076 X139.061 Y58.513
N16078 X138.898 Y59.165
N16080 X138.795 Y59.756
N16082 X138.727 Y60.313
N16084 X138.677 Y60.993
N16086 X138.66 Y61.358
N16088 X138.674 Y61.971
N16090 X138.709 Y62.459
N16092 X138.765 Y62.948
N16094 X138.868 Y63.593
N16096 X138.935 Y63.937
N16098 X139.048 Y64.391
N16100 X139.203 Y64.903
N16102 X139.412 Y65.493
N16104 X139.572 Y65.881
N16106 X139.865 Y66.506
N16108 X140.052 Y66.858
N16110 X140.394 Y67.444
N16112 X140.785 Y68.017
N16114 X141.013 Y68.324
N16116 X141.468 Y68.865
N16118 X143.57 Y71.257
N16120 X143.972 Y71.746
N16122 X144.368 Y72.266
N16124 X145.397 Y73.68
N16126 X145.767 Y74.223
N16128 X146.164 Y74.854
N16130 X146.901 Y76.086
N16132 X147.332 Y76.853
N16134 X147.82 Y77.802
N16136 X148.207 Y78.618
N16138 X148.656 Y79.649
N16140 X148.839 Y80.095
N16142 X149.194 Y81.032 Z0.527
N16144 X149.368 Y81.521 Z0.532
N16146 X149.691 Y82.508 Z0.554
N16148 X149.775 Y82.685 Z0.56
N16150 Y81.383 Z0.531
N16152 X150.018 Y80.786 Z0.525
N16154 X150.32 Y79.998 Z0.52
N16156 X150.752 Y78.961
N16158 X151.146 Y78.099
N16160 X151.527 Y77.325
N16162 X151.893 Y76.633
N16164 X152.218 Y76.045
N16166 X152.775 Y75.098
N16168 X153.196 Y74.422
N16170 X153.668 Y73.701
N16172 X154.173 Y72.981
N16174 X154.898 Y71.998
N16176 X155.15 Y71.673
N16178 X155.639 Y71.071
N16180 X156.311 Y70.279
N16182 X157.587 Y68.813
N16184 X158.082 Y68.217
N16186 X158.571 Y67.562
N16188 X158.976 Y66.942
N16190 X159.06 Y66.799
N16192 X159.548 Y65.844
N16194 X159.861 Y65.079
N16196 X160.079 Y64.418
N16198 X160.261 Y63.702
N16200 X160.362 Y63.112
N16202 X160.442 Y62.459
N16204 X160.478 Y61.971
N16206 X160.496 Y61.482
N16208 X160.473 Y60.993
N16210 X160.437 Y60.504
N16212 X160.384 Y60.016
N16214 X160.306 Y59.527
N16216 X160.174 Y58.901
N16218 X160.037 Y58.402
N16220 X159.927 Y58.061
N16222 X159.693 Y57.427
N16224 X159.549 Y57.083
N16226 X159.237 Y56.443
N16228 X159.054 Y56.111
N16230 X158.679 Y55.509
N16232 X158.276 Y54.946
N16234 X158.034 Y54.639
N16236 X157.599 Y54.145
N16238 X157.116 Y53.66
N16240 X156.557 Y53.173
N16242 X156.323 Y52.986
N16244 X155.748 Y52.575
N16246 X155.15 Y52.202
N16248 X154.662 Y51.94
N16250 X154.183 Y51.707
N16252 X153.684 Y51.502
N16254 X153.117 Y51.297
N16256 X152.757 Y51.186
N16258 X152.365 Y51.079
N16260 X151.73 Y50.947
N16262 X151.12 Y50.85
N16264 X150.68 Y50.802
N16266 X150.223 Y50.77
N16268 X149.752 Y50.752
N16270 X149.241 Y50.774
N16272 X148.713 Y50.814
N16274 X148.152 Y50.886
N16276 X147.563 Y50.987
N16278 X146.852 Y51.169
N16280 X146.188 Y51.384
N16282 X145.365 Y51.719
N16284 X144.4 Y52.218
N16286 X143.682 Y52.684
N16288 X143.032 Y53.173
N16290 X142.445 Y53.695
N16292 X141.956 Y54.186
N16294 X141.468 Y54.738
N16296 X140.979 Y55.388
N16298 X140.513 Y56.106
N16300 X140.002 Y57.102
N16302 X139.684 Y57.889
N16304 X139.449 Y58.613
N16306 X139.288 Y59.263
N16308 X139.185 Y59.855
N16310 X139.111 Y60.504
N16312 X139.077 Y60.993
N16314 X139.053 Y61.482
N16316 X139.073 Y61.971
N16318 X139.109 Y62.459
N16320 X139.168 Y62.948
N16322 X139.247 Y63.437
N16324 X139.377 Y64.062
N16326 X139.513 Y64.564
N16328 X139.624 Y64.903
N16330 X139.861 Y65.533
N16332 X140.006 Y65.876
N16334 X140.33 Y66.53
N16336 X140.502 Y66.846
N16338 X140.877 Y67.448
N16340 X141.277 Y68.01
N16342 X141.531 Y68.324
N16344 X143.911 Y71.041
N16346 X144.217 Y71.411
N16348 X144.477 Y71.746
N16350 X145.479 Y73.11
N16352 X145.885 Y73.681
N16354 X146.247 Y74.23
N16356 X146.821 Y75.167
N16358 X147.373 Y76.103
N16360 X147.82 Y76.92
N16362 X148.309 Y77.893
N16364 X148.664 Y78.658
N16366 X149.054 Y79.566
N16368 X149.286 Y80.144
N16370 X149.664 Y81.142 Z0.529
N16372 X149.775 Y81.383 Z0.531
N16374 Y80.213 Z0.52
N16376 X149.84 Y80.119
N16378 X150.264 Y79.084
N16380 X150.752 Y77.996
N16382 X151.241 Y77.007
N16384 X151.73 Y76.097
N16386 X152.342 Y75.043
N16388 X152.872 Y74.189
N16390 X153.187 Y73.701
N16392 X153.684 Y72.979
N16394 X154.362 Y72.046
N16396 X154.662 Y71.651
N16398 X155.15 Y71.036
N16400 X155.783 Y70.279
N16402 X157.105 Y68.758
N16404 X157.594 Y68.181
N16406 X158.082 Y67.555
N16408 X158.533 Y66.896
N16410 X159.06 Y65.935
N16412 X159.112 Y65.828
N16414 X159.5 Y64.903
N16416 X159.659 Y64.414
N16418 X159.708 Y64.254
N16420 X159.873 Y63.601
N16422 X159.982 Y62.948
N16424 X160.044 Y62.461
N16426 X160.078 Y61.975
N16428 X160.098 Y61.482
N16430 X160.073 Y60.997
N16432 X160.038 Y60.505
N16434 X159.983 Y60.016
N16436 X159.899 Y59.527
N16438 X159.791 Y59.038
N16440 X159.636 Y58.461
N16442 X159.505 Y58.061
N16444 X159.317 Y57.572
N16446 X159.06 Y56.976
N16448 X158.762 Y56.409
N16450 X158.571 Y56.077
N16452 X158.19 Y55.509
N16454 X157.91 Y55.128
N16456 X157.771 Y54.95
N16458 X157.503 Y54.639
N16460 X157.056 Y54.151
N16462 X156.513 Y53.662
N16464 X156.315 Y53.492
N16466 X155.901 Y53.173
N16468 X155.457 Y52.866
N16470 X155.17 Y52.677
N16472 X154.853 Y52.495
N16474 X154.226 Y52.168
N16476 X153.684 Y51.934
N16478 X153.086 Y51.707
N16480 X152.707 Y51.59
N16482 X152.218 Y51.461
N16484 X151.73 Y51.354
N16486 X151.196 Y51.263
N16488 X150.764 Y51.21
N16490 X150.314 Y51.176
N16492 X149.846 Y51.154
N16494 X149.337 Y51.169
N16496 X148.813 Y51.204
N16498 X148.252 Y51.275
N16500 X147.664 Y51.375
N16502 X147.008 Y51.542
N16504 X146.354 Y51.749
N16506 X145.449 Y52.124
N16508 X145.301 Y52.196
N16510 X144.392 Y52.692
N16512 X143.691 Y53.173
N16514 X143.422 Y53.383
N16516 X143.082 Y53.662
N16518 X142.934 Y53.795
N16520 X142.445 Y54.264
N16522 X142.09 Y54.639
N16524 X141.956 Y54.789
N16526 X141.678 Y55.128
N16528 X141.468 Y55.398
N16530 X140.982 Y56.106
N16532 X140.455 Y57.082
N16534 X140.073 Y57.989
N16536 X140.002 Y58.192
N16538 X139.839 Y58.712
N16540 X139.676 Y59.364
N16542 X139.566 Y60.016
N16544 X139.51 Y60.504
N16546 X139.477 Y60.989
N16548 X139.452 Y61.482
N16550 X139.473 Y61.966
N16552 X139.513 Y62.494
N16554 X139.57 Y62.948
N16556 X139.654 Y63.437
N16558 X139.76 Y63.926
N16560 X139.913 Y64.502
N16562 X140.047 Y64.903
N16564 X140.309 Y65.568
N16566 X140.49 Y65.966
N16568 X140.793 Y66.543
N16570 X140.975 Y66.862
N16572 X141.365 Y67.45
N16574 X141.651 Y67.836
N16576 X141.786 Y68.006
N16578 X142.468 Y68.79
N16580 X143.911 Y70.429
N16582 X144.4 Y71.003
N16584 X144.713 Y71.396
N16586 X145.336 Y72.234
N16588 X146.165 Y73.383
N16590 X146.37 Y73.685
N16592 X146.843 Y74.431
N16594 X147.485 Y75.502
N16596 X147.843 Y76.122
N16598 X148.165 Y76.717
N16600 X148.616 Y77.611
N16602 X148.832 Y78.065
N16604 X149.282 Y79.077
N16606 X149.572 Y79.769
N16608 X149.775 Y80.213
N16610 Y79.138
N16612 X149.817 Y79.077
N16614 X149.873 Y78.978
N16616 X150.263 Y78.1
N16618 X150.752 Y77.085
N16620 X151.247 Y76.145
N16622 X151.73 Y75.295
N16624 X152.218 Y74.479
N16626 X152.707 Y73.704
N16628 X153.196 Y72.981
N16630 X153.839 Y72.08
N16632 X154.173 Y71.633
N16634 X154.662 Y71.006
N16636 X155.258 Y70.279
N16638 X156.101 Y69.302
N16640 X157.105 Y68.14
N16642 X157.594 Y67.537
N16644 X158.08 Y66.858
N16646 X158.571 Y66.01
N16648 X158.706 Y65.745
N16650 X159.08 Y64.882
N16652 X159.32 Y64.154
N16654 X159.487 Y63.498
N16656 X159.584 Y62.912
N16658 X159.647 Y62.36
N16660 X159.68 Y61.838
N16662 X159.686 Y61.344
N16664 X159.663 Y60.879
N16666 X159.635 Y60.504
N16668 X159.579 Y60.019
N16670 X159.493 Y59.527
N16672 X159.379 Y59.038
N16674 X159.2 Y58.409
N16676 X159.06 Y58.004
N16678 X158.883 Y57.572
N16680 X158.634 Y57.02
N16682 X158.404 Y56.594
N16684 X158.082 Y56.056
N16686 X157.698 Y55.512
N16688 X157.396 Y55.128
N16690 X156.966 Y54.639
N16692 X156.798 Y54.457
N16694 X156.302 Y54.009
N16696 X155.885 Y53.662
N16698 X155.639 Y53.478
N16700 X155.15 Y53.14
N16702 X154.556 Y52.79
N16704 X154.237 Y52.62
N16706 X153.684 Y52.368
N16708 X153.223 Y52.181
N16710 X152.86 Y52.055
N16712 X152.218 Y51.873
N16714 X151.686 Y51.751
N16716 X151.278 Y51.68
N16718 X150.752 Y51.614
N16720 X150.264 Y51.577
N16722 X149.92 Y51.562
N16724 X149.424 Y51.569
N16726 X148.798 Y51.612
N16728 X148.352 Y51.664
N16730 X147.767 Y51.76
N16732 X147.109 Y51.93
N16734 X146.359 Y52.174
N16736 X145.533 Y52.529
N16738 X145.227 Y52.684
N16740 X144.388 Y53.173
N16742 X143.911 Y53.514
N16744 X143.713 Y53.662
N16746 X143.422 Y53.904
N16748 X143.142 Y54.151
N16750 X142.934 Y54.348
N16752 X142.643 Y54.639
N16754 X142.445 Y54.848
N16756 X142.198 Y55.128
N16758 X141.956 Y55.419
N16760 X141.809 Y55.617
N16762 X141.447 Y56.127
N16764 X140.979 Y56.936
N16766 X140.827 Y57.235
N16768 X140.464 Y58.086
N16770 X140.228 Y58.812
N16772 X140.05 Y59.527
N16774 X139.963 Y60.055
N16776 X139.906 Y60.6
N16778 X139.873 Y61.122
N16780 X139.862 Y61.621
N16782 X139.884 Y62.088
N16784 X139.913 Y62.466
N16786 X139.974 Y62.945
N16788 X140.06 Y63.437
N16790 X140.172 Y63.926
N16792 X140.351 Y64.554
N16794 X140.49 Y64.948
N16796 X140.673 Y65.392
N16798 X140.902 Y65.894
N16800 X141.157 Y66.369
N16802 X141.468 Y66.891
N16804 X141.856 Y67.447
N16806 X142.167 Y67.836
N16808 X143.438 Y69.286
N16810 X144.4 Y70.381
N16812 X144.888 Y70.972
N16814 X145.225 Y71.409
N16816 X146.354 Y72.958
N16818 X146.652 Y73.387
N16820 X146.852 Y73.691
N16822 X147.412 Y74.598
N16824 X147.958 Y75.518
N16826 X148.309 Y76.139
N16828 X148.635 Y76.753
N16830 X148.974 Y77.434
N16832 X149.286 Y78.094
N16834 X149.717 Y79.077
N16836 X149.775 Y79.138
N16838 Y78.135
N16840 X149.825 Y78.099
N16842 X150.311 Y77.074
N16844 X150.841 Y76.055
N16846 X151.342 Y75.167
N16848 X151.73 Y74.513
N16850 X152.263 Y73.656
N16852 X152.707 Y72.987
N16854 X153.327 Y72.102
N16856 X153.684 Y71.618
N16858 X154.341 Y70.768
N16860 X154.737 Y70.279
N16862 X155.353 Y69.553
N16864 X156.616 Y68.097
N16866 X157.105 Y67.51
N16868 X157.594 Y66.859
N16870 X158.082 Y66.068
N16872 X158.298 Y65.664
N16874 X158.571 Y65.064
N16876 X158.685 Y64.789
N16878 X158.933 Y64.052
N16880 X159.092 Y63.441
N16882 X159.191 Y62.817
N16884 X159.252 Y62.267
N16886 X159.282 Y61.748
N16888 X159.281 Y61.26
N16890 X159.254 Y60.799
N16892 X159.213 Y60.351
N16894 X159.157 Y59.918
N16896 X159.06 Y59.41
N16898 X158.966 Y59.038
N16900 X158.82 Y58.549
N16902 X158.649 Y58.051
N16904 X158.486 Y57.657
N16906 X158.194 Y57.04
N16908 X157.942 Y56.594
N16910 X157.594 Y56.051
N16912 X157.201 Y55.521
N16914 X156.749 Y54.996
N16916 X156.511 Y54.745
N16918 X156.261 Y54.506
N16920 X155.736 Y54.054
N16922 X155.15 Y53.622
N16924 X154.575 Y53.26
N16926 X154.173 Y53.039
N16928 X153.602 Y52.767
N16930 X153.277 Y52.631
N16932 X152.707 Y52.431
N16934 X152.147 Y52.267
N16936 X151.761 Y52.174
N16938 X151.351 Y52.097
N16940 X150.752 Y52.02
N16942 X150.264 Y51.979
N16944 X150.004 Y51.966
N16946 X149.515 Y51.967
N16948 X148.996 Y51.997
N16950 X148.447 Y52.058
N16952 X147.82 Y52.157
N16954 X147.211 Y52.316
N16956 X146.479 Y52.56
N16958 X146.173 Y52.684
N16960 X145.615 Y52.935
N16962 X145.169 Y53.173
N16964 X144.384 Y53.662
N16966 X143.911 Y54.02
N16968 X143.748 Y54.151
N16970 X143.422 Y54.439
N16972 X143.209 Y54.639
N16974 X142.934 Y54.915
N16976 X142.733 Y55.128
N16978 X142.445 Y55.454
N16980 X142.315 Y55.617
N16982 X141.922 Y56.139
N16984 X141.468 Y56.878
N16986 X141.233 Y57.318
N16988 X140.979 Y57.886
N16990 X140.859 Y58.18
N16992 X140.614 Y58.915
N16994 X140.457 Y59.523
N16996 X140.357 Y60.149
N16998 X140.302 Y60.693
N17000 X140.27 Y61.213
N17002 X140.267 Y61.705
N17004 X140.293 Y62.167
N17006 X140.337 Y62.612
N17008 X140.396 Y63.042
N17010 X140.49 Y63.542
N17012 X140.585 Y63.926
N17014 X140.731 Y64.414
N17016 X140.903 Y64.903
N17018 X141.069 Y65.302
N17020 X141.387 Y65.961
N17022 X141.619 Y66.369
N17024 X141.956 Y66.899
N17026 X142.355 Y67.437
N17028 X142.984 Y68.165
N17030 X144.619 Y70.026
N17032 X144.888 Y70.339
N17034 X145.377 Y70.948
N17036 X145.866 Y71.604
N17038 X146.72 Y72.782
N17040 X147.141 Y73.403
N17042 X147.518 Y74.003
N17044 X148.217 Y75.167
N17046 X148.604 Y75.847
N17048 X148.945 Y76.486
N17050 X149.274 Y77.134
N17052 X149.727 Y78.099
N17054 X149.775 Y78.135
N17056 Y77.187
N17058 X149.824 Y77.122
N17060 X149.905 Y76.991
N17062 X150.428 Y75.98
N17064 X150.881 Y75.167
N17066 X151.241 Y74.55
N17068 X151.815 Y73.615
N17070 X152.218 Y72.998
N17072 X152.826 Y72.115
N17074 X153.458 Y71.257
N17076 X153.832 Y70.768
N17078 X154.427 Y70.025
N17080 X155.15 Y69.177
N17082 X156.312 Y67.836
N17084 X156.72 Y67.347
N17086 X157.1 Y66.858
N17088 X157.594 Y66.109
N17090 X157.889 Y65.585
N17092 X158.082 Y65.183
N17094 X158.29 Y64.696
N17096 X158.549 Y63.947
N17098 X158.707 Y63.301
N17100 X158.799 Y62.72
N17102 X158.857 Y62.173
N17104 X158.885 Y61.656
N17106 X158.877 Y61.176
N17108 X158.846 Y60.718
N17110 X158.799 Y60.276
N17112 X158.735 Y59.851
N17114 X158.655 Y59.443
N17116 X158.556 Y59.053
N17118 X158.398 Y58.549
N17120 X158.181 Y57.961
N17122 X158.009 Y57.572
N17124 X157.702 Y56.975
N17126 X157.52 Y56.668
N17128 X157.105 Y56.056
N17130 X156.695 Y55.538
N17132 X156.23 Y55.025
N17134 X155.717 Y54.561
N17136 X155.173 Y54.128
N17138 X154.589 Y53.734
N17140 X154.282 Y53.552
N17142 X153.636 Y53.221
N17144 X153.298 Y53.071
N17146 X152.707 Y52.852
N17148 X152.167 Y52.684
N17150 X151.73 Y52.579
N17152 X151.241 Y52.49
N17154 X150.752 Y52.423
N17156 X150.264 Y52.38
N17158 X150.089 Y52.37
N17160 X149.607 Y52.363
N17162 X149.09 Y52.392
N17164 X148.544 Y52.45
N17166 X147.963 Y52.541
N17168 X147.315 Y52.701
N17170 X146.573 Y52.954
N17172 X146.051 Y53.173
N17174 X145.696 Y53.342
N17176 X145.13 Y53.662
N17178 X144.4 Y54.146
N17180 X143.911 Y54.541
N17182 X143.796 Y54.639
N17184 X143.422 Y54.991
N17186 X143.285 Y55.128
N17188 X142.934 Y55.502
N17190 X142.445 Y56.1
N17192 X141.956 Y56.838
N17194 X141.64 Y57.399
N17196 X141.468 Y57.763
N17198 X141.253 Y58.275
N17200 X140.979 Y59.086
N17202 X140.842 Y59.664
N17204 X140.75 Y60.245
N17206 X140.696 Y60.787
N17208 X140.666 Y61.306
N17210 X140.671 Y61.79
N17212 X140.702 Y62.247
N17214 X140.752 Y62.686
N17216 X140.817 Y63.11
N17218 X140.896 Y63.519
N17220 X140.994 Y63.911
N17222 X141.153 Y64.414
N17224 X141.373 Y64.998
N17226 X141.551 Y65.392
N17228 X141.855 Y65.982
N17230 X142.037 Y66.289
N17232 X142.445 Y66.896
N17234 X142.835 Y67.387
N17236 X144.946 Y69.791
N17238 X145.377 Y70.302
N17240 X145.866 Y70.93
N17242 X146.843 Y72.266
N17244 X147.332 Y72.966
N17246 X147.621 Y73.411
N17248 X148.309 Y74.538
N17250 X148.798 Y75.374
N17252 X149.286 Y76.273
N17254 X149.715 Y77.126
N17256 X149.775 Y77.187
N17258 Y76.287
N17260 X149.869 Y76.144
N17262 X150.014 Y75.905
N17264 X150.422 Y75.167
N17266 X150.752 Y74.59
N17268 X151.371 Y73.571
N17270 X151.73 Y73.013
N17272 X152.335 Y72.117
N17274 X152.959 Y71.257
N17276 X153.327 Y70.768
N17278 X153.794 Y70.169
N17280 X154.173 Y69.707
N17282 X155.15 Y68.567
N17284 X156.202 Y67.347
N17286 X156.596 Y66.858
N17288 X157.105 Y66.131
N17290 X157.477 Y65.508
N17292 X157.594 Y65.28
N17294 X157.896 Y64.601
N17296 X158.135 Y63.928
N17298 X158.261 Y63.437
N17300 X158.316 Y63.203
N17302 X158.408 Y62.622
N17304 X158.471 Y61.971
N17306 X158.49 Y61.563
N17308 X158.466 Y60.993
N17310 X158.423 Y60.504
N17312 X158.355 Y60.016
N17314 X158.26 Y59.527
N17316 X158.228 Y59.381
N17318 X158.082 Y58.859
N17320 X157.975 Y58.549
N17322 X157.73 Y57.924
N17324 X157.565 Y57.572
N17326 X157.229 Y56.959
N17328 X156.993 Y56.594
N17330 X156.616 Y56.071
N17332 X156.182 Y55.562
N17334 X155.719 Y55.095
N17336 X155.166 Y54.623
N17338 X154.597 Y54.216
N17340 X154.299 Y54.025
N17342 X153.632 Y53.662
N17344 X153.335 Y53.523
N17346 X152.707 Y53.275
N17348 X152.412 Y53.173
N17350 X151.882 Y53.025
N17352 X151.475 Y52.939
N17354 X151.059 Y52.867
N17356 X150.626 Y52.811
N17358 X150.174 Y52.774
N17360 X149.701 Y52.758
N17362 X149.186 Y52.785
N17364 X148.642 Y52.84
N17366 X148.061 Y52.932
N17368 X147.336 Y53.115
N17370 X146.669 Y53.347
N17372 X145.953 Y53.662
N17374 X145.774 Y53.754
N17376 X145.109 Y54.151
N17378 X144.421 Y54.639
N17380 X144.324 Y54.715
N17382 X143.856 Y55.128
N17384 X143.372 Y55.617
N17386 X143.011 Y56.028
N17388 X142.934 Y56.127
N17390 X142.445 Y56.817
N17392 X142.052 Y57.476
N17394 X141.956 Y57.664
N17396 X141.646 Y58.371
N17398 X141.413 Y59.036
N17400 X141.287 Y59.527
N17402 X141.232 Y59.762
N17404 X141.141 Y60.342
N17406 X141.083 Y60.993
N17408 X141.061 Y61.4
N17410 X141.081 Y61.971
N17412 X141.126 Y62.459
N17414 X141.197 Y62.948
N17416 X141.319 Y63.565
N17418 X141.414 Y63.924
N17420 X141.468 Y64.102
N17422 X141.577 Y64.414
N17424 X141.825 Y65.034
N17426 X141.996 Y65.392
N17428 X142.327 Y65.998
N17430 X142.567 Y66.369
N17432 X142.934 Y66.878
N17434 X143.35 Y67.37
N17436 X145.377 Y69.679
N17438 X145.866 Y70.273
N17440 X146.291 Y70.832
N17442 X147.32 Y72.246
N17444 X147.692 Y72.786
N17446 X147.967 Y73.212
N17448 X148.472 Y74.034
N17450 X149.014 Y74.95
N17452 X149.41 Y75.656
N17454 X149.685 Y76.167
N17456 X149.775 Y76.287
N17458 Y75.428
N17460 X150.204 Y74.737
N17462 X150.929 Y73.524
N17464 X151.444 Y72.723
N17466 X151.854 Y72.11
N17468 X152.463 Y71.257
N17470 X152.825 Y70.768
N17472 X153.196 Y70.283
N17474 X153.684 Y69.673
N17476 X154.409 Y68.813
N17478 X155.905 Y67.08
N17480 X156.128 Y66.803
N17482 X156.616 Y66.138
N17484 X157.058 Y65.439
N17486 X157.105 Y65.353
N17488 X157.503 Y64.504
N17490 X157.594 Y64.274
N17492 X157.767 Y63.752
N17494 X157.928 Y63.103
N17496 X158.026 Y62.459
N17498 X158.072 Y61.981
N17500 X158.095 Y61.484
N17502 X158.068 Y61.007
N17504 X158.023 Y60.504
N17506 X157.95 Y60.016
N17508 X157.846 Y59.527
N17510 X157.688 Y58.944
N17512 X157.55 Y58.549
N17514 X157.28 Y57.905
N17516 X157.105 Y57.552
N17518 X156.77 Y56.981
N17520 X156.504 Y56.594
N17522 X156.128 Y56.106
N17524 X155.665 Y55.59
N17526 X155.15 Y55.129
N17528 X154.598 Y54.703
N17530 X154.308 Y54.504
N17532 X153.697 Y54.145
N17534 X153.373 Y53.982
N17536 X153.026 Y53.831
N17538 X152.604 Y53.662
N17540 X152.317 Y53.563
N17542 X151.73 Y53.406
N17544 X151.241 Y53.302
N17546 X150.705 Y53.22
N17548 X150.191 Y53.173
N17550 X149.794 Y53.154
N17552 X149.286 Y53.176
N17554 X148.742 Y53.229
N17556 X148.162 Y53.32
N17558 X147.511 Y53.482
N17560 X146.965 Y53.662
N17562 X146.767 Y53.738
N17564 X145.843 Y54.173
N17566 X145.106 Y54.639
N17568 X144.888 Y54.8
N17570 X144.464 Y55.128
N17572 X143.911 Y55.637
N17574 X143.422 Y56.17
N17576 X143.095 Y56.594
N17578 X142.934 Y56.813
N17580 X142.47 Y57.546
N17582 X142.038 Y58.468
N17584 X141.956 Y58.68
N17586 X141.78 Y59.215
N17588 X141.62 Y59.863
N17590 X141.524 Y60.504
N17592 X141.483 Y60.978
N17594 X141.454 Y61.482
N17596 X141.478 Y61.96
N17598 X141.527 Y62.459
N17600 X141.602 Y62.948
N17602 X141.706 Y63.437
N17604 X141.845 Y63.966
N17606 X142.004 Y64.414
N17608 X142.273 Y65.047
N17610 X142.445 Y65.391
N17612 X142.785 Y65.975
N17614 X143.056 Y66.369
N17616 X143.43 Y66.851
N17618 X145.694 Y69.434
N17620 X146.152 Y69.991
N17622 X146.576 Y70.547
N17624 X147.453 Y71.746
N17626 X147.809 Y72.246
N17628 X148.175 Y72.793
N17630 X148.739 Y73.701
N17632 X149.308 Y74.657
N17634 X149.666 Y75.276
N17636 X149.775 Y75.428
N17638 X149.781 Y74.672
N17640 X150.353 Y73.701
N17642 X150.752 Y73.055
N17644 X151.38 Y72.095
N17646 X151.969 Y71.257
N17648 X152.326 Y70.768
N17650 X152.694 Y70.279
N17652 X153.196 Y69.642
N17654 X153.883 Y68.813
N17656 X155.566 Y66.858
N17658 X155.95 Y66.369
N17660 X156.128 Y66.133
N17662 X156.616 Y65.399
N17664 X157.107 Y64.415
N17666 X157.378 Y63.652
N17668 X157.552 Y62.948
N17670 X157.63 Y62.423
N17672 X157.676 Y61.889
N17674 X157.689 Y61.387
N17676 X157.666 Y60.995
N17678 X157.621 Y60.508
N17680 X157.554 Y60.055
N17682 X157.434 Y59.527
N17684 X157.258 Y58.92
N17686 X157.105 Y58.506
N17688 X156.906 Y58.061
N17690 X156.616 Y57.497
N17692 X156.264 Y56.946
N17694 X156.004 Y56.594
N17696 X155.594 Y56.106
N17698 X155.101 Y55.617
N17700 X154.866 Y55.413
N17702 X154.503 Y55.128
N17704 X154.173 Y54.898
N17706 X153.728 Y54.619
N17708 X153.196 Y54.346
N17710 X152.73 Y54.138
N17712 X152.366 Y54.003
N17714 X151.991 Y53.889
N17716 X151.605 Y53.787
N17718 X151.204 Y53.699
N17720 X150.781 Y53.633
N17722 X150.339 Y53.587
N17724 X149.88 Y53.558
N17726 X149.296 Y53.578
N17728 X148.841 Y53.618
N17730 X148.266 Y53.705
N17732 X147.611 Y53.871
N17734 X146.819 Y54.151
N17736 X145.866 Y54.624
N17738 X145.377 Y54.948
N17740 X145.119 Y55.128
N17742 X144.888 Y55.311
N17744 X144.525 Y55.617
N17746 X144.4 Y55.733
N17748 X144.028 Y56.106
N17750 X143.911 Y56.231
N17752 X143.605 Y56.594
N17754 X143.422 Y56.826
N17756 X143.243 Y57.083
N17758 X142.901 Y57.605
N17760 X142.432 Y58.562
N17762 X142.169 Y59.314
N17764 X141.997 Y60.016
N17766 X141.921 Y60.54
N17768 X141.879 Y61.071
N17770 X141.86 Y61.578
N17772 X141.881 Y61.969
N17774 X141.929 Y62.456
N17776 X142.007 Y62.948
N17778 X142.118 Y63.437
N17780 X142.257 Y63.926
N17782 X142.303 Y64.068
N17784 X142.445 Y64.443
N17786 X142.652 Y64.903
N17788 X142.743 Y65.093
N17790 X142.934 Y65.448
N17792 X143.291 Y66.011
N17794 X143.556 Y66.369
N17796 X143.711 Y66.563
N17798 X145.866 Y69.02
N17800 X146.354 Y69.605
N17802 X146.647 Y69.976
N17804 X147.236 Y70.768
N17806 X147.945 Y71.746
N17808 X148.295 Y72.248
N17810 X148.656 Y72.804
N17812 X149.236 Y73.751
N17814 X149.781 Y74.672
N17816 X149.775 Y73.818
N17818 X149.863 Y73.701
N17820 X150.053 Y73.423
N17822 X150.492 Y72.723
N17824 X150.913 Y72.074
N17826 X151.478 Y71.257
N17828 X151.829 Y70.768
N17830 X152.218 Y70.244
N17832 X152.707 Y69.615
N17834 X153.36 Y68.813
N17836 X154.397 Y67.604
N17838 X155.15 Y66.728
N17840 X155.639 Y66.118
N17842 X156.128 Y65.424
N17844 X156.183 Y65.337
N17846 X156.616 Y64.521
N17848 X156.707 Y64.324
N17850 X156.992 Y63.55
N17852 X157.145 Y62.952
N17854 X157.234 Y62.331
N17856 X157.275 Y61.8
N17858 X157.278 Y61.308
N17860 X157.249 Y60.849
N17862 X157.203 Y60.406
N17864 X157.139 Y60.019
N17866 X157.039 Y59.593
N17868 X156.869 Y59.038
N17870 X156.687 Y58.543
N17872 X156.616 Y58.378
N17874 X156.461 Y58.061
N17876 X156.17 Y57.53
N17878 X155.869 Y57.083
N17880 X155.639 Y56.777
N17882 X155.341 Y56.423
N17884 X155.097 Y56.159
N17886 X154.853 Y55.931
N17888 X154.481 Y55.617
N17890 X154.308 Y55.482
N17892 X153.797 Y55.128
N17894 X153.414 Y54.91
N17896 X153.094 Y54.741
N17898 X152.887 Y54.639
N17900 X152.707 Y54.564
N17902 X152.218 Y54.382
N17904 X151.667 Y54.213
N17906 X151.271 Y54.12
N17908 X150.855 Y54.047
N17910 X150.264 Y53.987
N17912 X149.956 Y53.969
N17914 X149.464 Y53.973
N17916 X148.933 Y54.015
N17918 X148.309 Y54.104
N17920 X147.714 Y54.257
N17922 X146.949 Y54.533
N17924 X146.716 Y54.639
N17926 X145.95 Y55.044
N17928 X145.818 Y55.128
N17930 X145.377 Y55.442
N17932 X145.146 Y55.617
N17934 X144.888 Y55.837
N17936 X144.596 Y56.106
N17938 X144.4 Y56.302
N17940 X144.132 Y56.594
N17942 X143.911 Y56.853
N17944 X143.737 Y57.083
N17946 X143.392 Y57.572
N17948 X143.341 Y57.653
N17950 X142.934 Y58.428
N17952 X142.832 Y58.651
N17954 X142.555 Y59.417
N17956 X142.404 Y60.011
N17958 X142.317 Y60.632
N17960 X142.277 Y61.161
N17962 X142.27 Y61.657
N17964 X142.299 Y62.116
N17966 X142.348 Y62.556
N17968 X142.414 Y62.945
N17970 X142.512 Y63.37
N17972 X142.624 Y63.747
N17974 X142.75 Y64.109
N17976 X142.867 Y64.414
N17978 X142.934 Y64.567
N17980 X143.099 Y64.903
N17982 X143.369 Y65.398
N17984 X143.691 Y65.881
N17986 X143.911 Y66.172
N17988 X144.213 Y66.532
N17990 X146.252 Y68.856
N17992 X146.697 Y69.392
N17994 X147.14 Y69.964
N17996 X148.157 Y71.354
N17998 X148.581 Y71.962
N18000 X148.798 Y72.283
N18002 X149.136 Y72.817
N18004 X149.688 Y73.723
N18006 X149.775 Y73.818
N18008 Y73.041
N18010 X150.264 Y72.334
N18012 X150.752 Y71.599
N18014 X151.335 Y70.768
N18016 X151.73 Y70.23
N18018 X152.446 Y69.302
N18020 X152.84 Y68.813
N18022 X153.558 Y67.962
N18024 X154.662 Y66.685
N18026 X155.15 Y66.093
N18028 X155.668 Y65.392
N18030 X155.726 Y65.304
N18032 X156.128 Y64.603
N18034 X156.306 Y64.236
N18036 X156.616 Y63.421
N18038 X156.76 Y62.804
N18040 X156.839 Y62.236
N18042 X156.878 Y61.709
N18044 X156.873 Y61.225
N18046 X156.838 Y60.771
N18048 X156.783 Y60.338
N18050 X156.708 Y59.924
N18052 X156.609 Y59.534
N18054 X156.445 Y59.038
N18056 X156.237 Y58.51
N18058 X156.051 Y58.137
N18060 X155.711 Y57.555
N18062 X155.369 Y57.083
N18064 X155.15 Y56.815
N18066 X154.815 Y56.441
N18068 X154.442 Y56.106
N18070 X154.173 Y55.886
N18072 X153.735 Y55.566
N18074 X153.121 Y55.203
N18076 X152.796 Y55.039
N18078 X152.218 Y54.806
N18080 X151.715 Y54.639
N18082 X151.337 Y54.544
N18084 X150.752 Y54.444
N18086 X150.492 Y54.411
N18088 X150.039 Y54.375
N18090 X149.555 Y54.371
N18092 X149.028 Y54.409
N18094 X148.46 Y54.489
N18096 X147.823 Y54.639
N18098 X147.038 Y54.933
N18100 X146.633 Y55.128
N18102 X145.985 Y55.497
N18104 X145.811 Y55.617
N18106 X145.377 Y55.95
N18108 X145.188 Y56.106
N18110 X144.888 Y56.382
N18112 X144.676 Y56.594
N18114 X144.4 Y56.895
N18116 X144.245 Y57.083
N18118 X143.874 Y57.572
N18120 X143.795 Y57.688
N18122 X143.422 Y58.343
N18124 X143.232 Y58.739
N18126 X142.934 Y59.536
N18128 X142.789 Y60.161
N18130 X142.712 Y60.726
N18132 X142.674 Y61.253
N18134 X142.676 Y61.74
N18136 X142.711 Y62.193
N18138 X142.769 Y62.624
N18140 X142.844 Y63.038
N18142 X142.941 Y63.429
N18144 X143.109 Y63.926
N18146 X143.342 Y64.495
N18148 X143.506 Y64.819
N18150 X143.839 Y65.392
N18152 X144.072 Y65.72
N18154 X144.283 Y65.997
N18156 X144.717 Y66.501
N18158 X146.354 Y68.362
N18160 X146.843 Y68.938
N18162 X147.332 Y69.556
N18164 X148.041 Y70.514
N18166 X148.647 Y71.352
N18168 X149.065 Y71.967
N18170 X149.286 Y72.304
N18172 X149.637 Y72.861
N18174 X149.775 Y73.041
N18176 Y72.282
N18178 X149.825 Y72.234
N18180 X149.994 Y72.015
N18182 X150.504 Y71.257
N18184 X151.072 Y70.448
N18186 X151.73 Y69.57
N18188 X152.325 Y68.813
N18190 X152.819 Y68.212
N18192 X154.403 Y66.369
N18194 X154.662 Y66.061
N18196 X155.179 Y65.392
N18198 X155.249 Y65.293
N18200 X155.639 Y64.664
N18202 X155.905 Y64.148
N18204 X156.128 Y63.596
N18206 X156.214 Y63.351
N18208 X156.368 Y62.707
N18210 X156.447 Y62.14
N18212 X156.482 Y61.616
N18214 X156.468 Y61.142
N18216 X156.426 Y60.694
N18218 X156.363 Y60.269
N18220 X156.283 Y59.87
N18222 X156.189 Y59.528
N18224 X156.128 Y59.33
N18226 X156.018 Y59.038
N18228 X155.775 Y58.474
N18230 X155.583 Y58.116
N18232 X155.2 Y57.522
N18234 X154.792 Y57.011
N18236 X154.527 Y56.729
N18238 X154.276 Y56.491
N18240 X153.759 Y56.072
N18242 X153.196 Y55.704
N18244 X152.846 Y55.51
N18246 X152.488 Y55.347
N18248 X152.143 Y55.203
N18250 X151.941 Y55.128
N18252 X151.399 Y54.971
N18254 X150.991 Y54.889
N18256 X150.568 Y54.823
N18258 X150.123 Y54.78
N18260 X149.648 Y54.766
N18262 X149.124 Y54.802
N18264 X148.557 Y54.88
N18266 X147.913 Y55.035
N18268 X147.643 Y55.128
N18270 X147.127 Y55.333
N18272 X146.572 Y55.617
N18274 X145.993 Y55.978
N18276 X145.822 Y56.106
N18278 X145.377 Y56.477
N18280 X145.246 Y56.594
N18282 X144.888 Y56.953
N18284 X144.771 Y57.083
N18286 X144.367 Y57.572
N18288 X144.275 Y57.696
N18290 X143.911 Y58.282
N18292 X143.632 Y58.828
N18294 X143.422 Y59.357
N18296 X143.333 Y59.616
N18298 X143.18 Y60.258
N18300 X143.105 Y60.822
N18302 X143.069 Y61.346
N18304 X143.081 Y61.823
N18306 X143.124 Y62.269
N18308 X143.189 Y62.693
N18310 X143.268 Y63.092
N18312 X143.377 Y63.483
N18314 X143.422 Y63.627
N18316 X143.537 Y63.926
N18318 X143.78 Y64.481
N18320 X143.974 Y64.84
N18322 X144.355 Y65.436
N18324 X144.764 Y65.946
N18326 X146.843 Y68.316
N18328 X147.332 Y68.906
N18330 X147.82 Y69.539
N18332 X148.798 Y70.875
N18334 X149.286 Y71.575
N18336 X149.721 Y72.241
N18338 X149.775 Y72.282
N18340 Y71.536
N18342 X149.995 Y71.257
N18344 X150.355 Y70.768
N18346 X150.752 Y70.209
N18348 X151.432 Y69.302
N18350 X151.813 Y68.813
N18352 X152.207 Y68.324
N18354 X153.034 Y67.347
N18356 X154.173 Y66.023
N18358 X154.736 Y65.317
N18360 X155.15 Y64.7
N18362 X155.504 Y64.061
N18364 X155.639 Y63.753
N18366 X155.821 Y63.255
N18368 X155.98 Y62.607
N18370 X156.062 Y61.971
N18372 X156.088 Y61.482
N18374 X156.057 Y60.993
N18376 X155.997 Y60.504
N18378 X155.941 Y60.202
N18380 X155.847 Y59.808
N18382 X155.737 Y59.429
N18384 X155.588 Y59.038
N18386 X155.361 Y58.549
N18388 X155.289 Y58.41
N18390 X155.081 Y58.061
N18392 X154.704 Y57.529
N18394 X154.277 Y57.037
N18396 X153.99 Y56.777
N18398 X153.727 Y56.552
N18400 X153.155 Y56.146
N18402 X152.848 Y55.965
N18404 X152.521 Y55.803
N18406 X152.107 Y55.617
N18408 X151.832 Y55.514
N18410 X151.452 Y55.406
N18412 X151.058 Y55.311
N18414 X150.644 Y55.236
N18416 X150.207 Y55.185
N18418 X149.744 Y55.159
N18420 X149.222 Y55.192
N18422 X148.657 Y55.268
N18424 X148.01 Y55.427
N18426 X147.481 Y55.617
N18428 X147.216 Y55.733
N18430 X146.539 Y56.106
N18432 X146.354 Y56.23
N18434 X145.926 Y56.534
N18436 X145.615 Y56.81
N18438 X145.319 Y57.083
N18440 X144.888 Y57.559
N18442 X144.831 Y57.629
N18444 X144.525 Y58.061
N18446 X144.4 Y58.248
N18448 X144.032 Y58.917
N18450 X143.911 Y59.195
N18452 X143.725 Y59.713
N18454 X143.569 Y60.358
N18456 X143.491 Y60.993
N18458 X143.462 Y61.482
N18460 X143.491 Y61.971
N18462 X143.554 Y62.459
N18464 X143.61 Y62.76
N18466 X143.705 Y63.154
N18468 X143.815 Y63.533
N18470 X143.951 Y63.886
N18472 X144.199 Y64.414
N18474 X144.267 Y64.546
N18476 X144.448 Y64.854
N18478 X144.833 Y65.404
N18480 X145.275 Y65.924
N18482 X147.129 Y68.035
N18484 X147.571 Y68.569
N18486 X147.82 Y68.879
N18488 X148.421 Y69.679
N18490 X149.286 Y70.871
N18492 X149.647 Y71.385
N18494 X149.775 Y71.536
N18496 Y70.826
N18498 X149.836 Y70.768
N18500 X150.078 Y70.465
N18502 X150.752 Y69.537
N18504 X151.304 Y68.813
N18506 X151.73 Y68.278
N18508 X152.507 Y67.347
N18510 X153.768 Y65.881
N18512 X154.171 Y65.392
N18514 X154.662 Y64.715
N18516 X155.098 Y63.978
N18518 X155.15 Y63.872
N18520 X155.43 Y63.157
N18522 X155.595 Y62.503
N18524 X155.665 Y61.944
N18526 X155.691 Y61.486
N18528 X155.657 Y60.996
N18530 X155.601 Y60.542
N18532 X155.518 Y60.137
N18534 X155.413 Y59.753
N18536 X155.294 Y59.383
N18538 X155.153 Y59.036
N18540 X154.904 Y58.549
N18542 X154.817 Y58.394
N18544 X154.598 Y58.061
N18546 X154.198 Y57.547
N18548 X153.724 Y57.071
N18550 X153.16 Y56.63
N18552 X152.864 Y56.437
N18554 X152.547 Y56.265
N18556 X152.227 Y56.102
N18558 X151.877 Y55.958
N18560 X151.507 Y55.84
N18562 X151.123 Y55.735
N18564 X150.719 Y55.65
N18566 X150.287 Y55.593
N18568 X149.832 Y55.56
N18570 X149.322 Y55.583
N18572 X148.762 Y55.653
N18574 X148.109 Y55.817
N18576 X147.332 Y56.121
N18578 X146.843 Y56.405
N18580 X146.534 Y56.594
N18582 X146.354 Y56.727
N18584 X145.866 Y57.123
N18586 X145.377 Y57.616
N18588 X145.023 Y58.061
N18590 X144.888 Y58.242
N18592 X144.7 Y58.549
N18594 X144.418 Y59.038
N18596 X144.115 Y59.811
N18598 X143.954 Y60.462
N18600 X143.89 Y60.993
N18602 X143.859 Y61.478
N18604 X143.891 Y61.968
N18606 X143.957 Y62.459
N18608 X144.065 Y62.948
N18610 X144.21 Y63.437
N18612 X144.259 Y63.577
N18614 X144.403 Y63.923
N18616 X144.656 Y64.414
N18618 X144.74 Y64.563
N18620 X144.962 Y64.903
N18622 X145.377 Y65.432
N18624 X147.413 Y67.754
N18626 X147.89 Y68.324
N18628 X148.289 Y68.833
N18630 X149.107 Y69.939
N18632 X149.714 Y70.78
N18634 X149.775 Y70.826
N18636 Y70.129
N18638 X150.053 Y69.791
N18640 X150.508 Y69.197
N18642 X150.952 Y68.614
N18644 X151.241 Y68.247
N18646 X151.984 Y67.347
N18648 X153.516 Y65.56
N18650 X153.684 Y65.354
N18652 X154.173 Y64.712
N18654 X154.367 Y64.414
N18656 X154.682 Y63.905
N18658 X155.044 Y63.055
N18660 X155.15 Y62.661
N18662 X155.205 Y62.404
N18664 X155.265 Y61.856
N18666 X155.276 Y61.356
N18668 X155.243 Y60.9
N18670 X155.19 Y60.507
N18672 X155.15 Y60.308
N18674 X155.075 Y60.016
N18676 X154.975 Y59.702
N18678 X154.841 Y59.347
N18680 X154.711 Y59.038
N18682 X154.662 Y58.939
N18684 X154.438 Y58.549
N18686 X154.336 Y58.386
N18688 X154.097 Y58.061
N18690 X153.684 Y57.572
N18692 X153.101 Y57.083
N18694 X152.872 Y56.918
N18696 X152.568 Y56.733
N18698 X152.253 Y56.559
N18700 X151.73 Y56.339
N18702 X151.557 Y56.279
N18704 X150.968 Y56.106
N18706 X150.788 Y56.07
N18708 X150.364 Y56.005
N18710 X149.908 Y55.973
N18712 X149.408 Y55.984
N18714 X148.825 Y56.048
N18716 X148.571 Y56.106
N18718 X148.211 Y56.203
N18720 X147.373 Y56.553
N18722 X147.297 Y56.594
N18724 X146.843 Y56.885
N18726 X146.553 Y57.083
N18728 X146.354 Y57.245
N18730 X145.989 Y57.572
N18732 X145.866 Y57.695
N18734 X145.54 Y58.061
N18736 X145.377 Y58.261
N18738 X145.181 Y58.549
N18740 X144.871 Y59.037
N18742 X144.661 Y59.527
N18744 X144.502 Y59.913
N18746 X144.4 Y60.295
N18748 X144.344 Y60.56
N18750 X144.287 Y61.106
N18752 X144.273 Y61.608
N18754 X144.306 Y62.064
N18756 X144.362 Y62.456
N18758 X144.4 Y62.643
N18760 X144.579 Y63.258
N18762 X144.707 Y63.615
N18764 X144.888 Y64.005
N18766 X145.122 Y64.414
N18768 X145.22 Y64.571
N18770 X145.377 Y64.791
N18772 X145.646 Y65.123
N18774 X145.866 Y65.383
N18776 X147.672 Y67.441
N18778 X148.129 Y67.984
N18780 X148.588 Y68.569
N18782 X149.136 Y69.302
N18784 X149.614 Y69.951
N18786 X149.775 Y70.129
N18788 Y69.449
N18790 X149.904 Y69.302
N18792 X150.264 Y68.855
N18794 X150.752 Y68.221
N18796 X151.462 Y67.347
N18798 X152.218 Y66.455
N18800 X153.253 Y65.25 Z0.518
N18802 X153.736 Y64.637 Z0.519
N18804 X154.004 Y64.247
N18806 X154.208 Y63.926 Z0.52
N18808 X154.257 Y63.842
N18810 X154.457 Y63.437 Z0.515
N18812 X154.579 Y63.156 Z0.518
N18814 X154.661 Y62.946 Z0.52
N18816 X154.811 Y62.31
N18818 X154.861 Y61.926 Z0.518
N18820 X154.877 Y61.663 Z0.517
N18822 X154.875 Y61.33
N18824 X154.865 Y61.157 Z0.518
N18826 X154.803 Y60.646 Z0.52
N18828 X154.759 Y60.407
N18830 X154.662 Y60.019
N18832 X154.55 Y59.68 Z0.517
N18834 X154.35 Y59.216 Z0.52
N18836 X154.23 Y58.981
N18838 X154.065 Y58.71 Z0.519
N18840 X153.908 Y58.476 Z0.518
N18842 X153.583 Y58.061
N18844 X153.188 Y57.667
N18846 X153.022 Y57.528 Z0.519
N18848 X152.639 Y57.247 Z0.518
N18850 X152.301 Y57.037 Z0.52
N18852 X152.035 Y56.9
N18854 X151.705 Y56.753 Z0.515
N18856 X151.475 Y56.664 Z0.518
N18858 X151.241 Y56.591 Z0.52
N18860 X150.606 Y56.448
N18862 X150.23 Y56.394 Z0.519
N18864 X149.726 Y56.364 Z0.517
N18866 X149.453 Y56.38 Z0.518
N18868 X149.121 Y56.414 Z0.519
N18870 X148.954 Y56.438 Z0.52
N18872 X148.312 Y56.589
N18874 X147.971 Y56.723 Z0.516
N18876 X147.668 Y56.86 Z0.517
N18878 X147.441 Y56.974 Z0.52
N18880 X147.257 Y57.083
N18882 X146.843 Y57.362 Z0.517
N18884 X146.721 Y57.453 Z0.518
N18886 X146.449 Y57.686 Z0.517
N18888 X146.238 Y57.881 Z0.516
N18890 X145.866 Y58.283 Z0.517
N18892 X145.799 Y58.362
N18894 X145.566 Y58.682 Z0.518
N18896 X145.334 Y59.038 Z0.52
N18898 X145.273 Y59.142
N18900 X145.086 Y59.527 Z0.513
N18902 X144.969 Y59.801 Z0.518
N18904 X144.887 Y60.015 Z0.52
N18906 X144.739 Y60.654
N18908 X144.692 Y61.031 Z0.519
N18910 X144.673 Y61.336 Z0.518
N18912 X144.675 Y61.659
N18914 X144.682 Y61.796 Z0.519
N18916 X144.75 Y62.321 Z0.52
N18918 X144.89 Y62.943
N18920 X145.034 Y63.352 Z0.516
N18922 X145.216 Y63.765 Z0.52
N18924 X145.377 Y64.065
N18926 X145.649 Y64.484 Z0.518
N18928 X145.907 Y64.817
N18930 X147.98 Y67.187 Z0.52
N18932 X148.522 Y67.836
N18934 X148.906 Y68.324
N18936 X149.668 Y69.345
N18938 X149.775 Y69.449
N18940 Y68.815
N18942 X149.784 Y68.813
N18944 X149.857 Y68.731
N18946 X150.264 Y68.199
N18948 X150.944 Y67.347
N18950 X151.73 Y66.41
N18952 X152.218 Y65.837 Z0.518
N18954 Y65.813 Z0.517
N18956 X152.072 Y65.881 Z0.516
N18958 X151.73 Y66.057 Z0.511
N18960 X151.529 Y66.146 Z0.515
N18962 X150.994 Y66.291 Z0.518
N18964 X150.507 Y66.391 Z0.519
N18966 X149.531 Y66.442 Z0.518
N18968 X149.06 Y66.369 Z0.519
N18970 X148.858 Y66.339 Z0.514
N18972 X148.556 Y66.292 Z0.518
N18974 X148.07 Y66.146 Z0.515
N18976 X147.58 Y65.932
N18978 X147.332 Y65.806 Z0.516
N18980 Y65.833 Z0.518
N18982 X147.636 Y66.185 Z0.52
N18984 X148.309 Y66.955
N18986 X148.798 Y67.54
N18988 X149.286 Y68.163
N18990 X149.773 Y68.815
N18992 X149.775 Y68.1
N18994 X150.017 Y67.836
N18996 X150.264 Y67.548
N18998 X150.752 Y66.939
N19000 X150.802 Y66.858
N19002 X150.851 Y66.76
N19004 X150.292 Y66.802
N19006 X149.807 Y66.828
N19008 X149.335 Y66.816
N19010 X148.71 Y66.751
N19012 X148.76 Y66.865
N19014 X149.286 Y67.51
N19016 X149.645 Y67.965
N19018 X149.775 Y68.1
N19020 Y67.443
N19022 X149.878 Y67.347
N19024 X149.951 Y67.252
N19026 X149.882 Y67.239
N19028 X149.775 Y67.236
N19030 X149.659 Y67.246
N19032 X149.632 Y67.254
N19034 X149.644 Y67.292
N19036 X149.671 Y67.347
N19038 X149.721 Y67.4
N19040 X149.775 Y67.443
N19042 X148.888 Y66.74 Z1.651
N19044 Z3.487
N19046 G0 Z17.52
