(CREATED BY      : AA73                                    )
(DATE            : 08.09.2026 , 17:16                      )
(PARTNAME        : NP_SAMPLE.PRT                           )
N10 G17 G21 G94 G90
 
(AREA_MILL , TOOL : BALL_MILL)
 
N12 T00 M6
N14 G54
N16 G17 G0 G90 X152.615 Y167.517 S1061 M3
N18 G43 Z17.52 H0
N20 Z10.487
N22 G94 G1 Z8.64 F250.
N24 X151.482 Y167.626 Z7.515
N26 X151.966 Y167.579 Z7.516
N28 X152.21 Y167.541 Z7.52
N30 X153.389 Y167.347 Z7.513
N32 X153.684 Y167.295 Z7.506
N34 X154.033 Y167.226 Z7.516
N36 X154.662 Y167.044 Z7.52
N38 X155.15 Y166.903 Z7.513
N40 X155.872 Y166.694 Z7.519
N42 X156.36 Y166.508 Z7.516
N44 X157.105 Y166.198 Z7.517
N46 X157.819 Y165.894 Z7.518
N48 X158.035 Y165.797 Z7.519
N50 X159.286 Y165.108 Z7.517
N52 X159.79 Y164.82
N54 X160.781 Y164.119 Z7.515
N56 X161.229 Y163.791 Z7.517
N58 X161.44 Y163.631 Z7.52
N60 X161.776 Y163.355
N62 X162.875 Y162.378 Z7.518
N64 X163.085 Y162.164
N66 X164.216 Y160.912 Z7.52
N68 X164.597 Y160.419 Z7.517
N70 X164.923 Y159.974 Z7.515
N72 X165.451 Y159.232 Z7.518
N74 X165.642 Y158.958 Z7.517
N76 X166.603 Y157.236 Z7.519
N78 X167. Y156.299 Z7.517
N80 X167.317 Y155.539 Z7.516
N82 X167.496 Y155.05 Z7.519
N84 X167.704 Y154.344 Z7.513
N86 X167.927 Y153.581 Z7.519
N88 X168.051 Y153.103
N90 X168.095 Y152.878 Z7.52
N92 X168.181 Y152.389 Z7.512
N94 X168.264 Y151.901 Z7.518
N96 X168.383 Y151.135 Z7.517
N98 X168.504 Y149.184 Z7.518
N100 X168.5 Y148.657 Z7.517
N102 X168.425 Y147.235 Z7.515
N104 X168.372 Y146.748 Z7.517
N106 X168.243 Y145.935
N108 X168.137 Y145.28 Z7.511
N110 X168.095 Y145.058 Z7.506
N112 X168.024 Y144.721 Z7.516
N114 X167.845 Y144.081 Z7.52
N116 X167.708 Y143.592 Z7.513
N118 X167.578 Y143.125 Z7.519
N120 X167.48 Y142.838 Z7.52
N122 X167.194 Y142.126 Z7.512
N124 X166.878 Y141.342 Z7.519
N126 X166.673 Y140.881 Z7.518
N128 X165.885 Y139.419 Z7.517
N130 X165.627 Y138.981
N132 X164.923 Y137.974 Z7.515
N134 X164.563 Y137.476 Z7.517
N136 X164.435 Y137.308 Z7.519
N138 X163.763 Y136.532
N140 X163.095 Y135.772 Z7.518
N142 X162.662 Y135.283 Z7.51
N144 X161.567 Y134.046 Z7.516
N146 X160.688 Y132.839 Z7.518
N148 X160.331 Y132.351 Z7.512
N150 X160.142 Y132.092 Z7.517
N152 X159.418 Y130.884 Z7.515
N154 X158.964 Y130.104 Z7.518
N156 X158.798 Y129.786 Z7.51
N158 X158.571 Y129.318 Z7.507
N160 X158.311 Y128.763 Z7.489
N162 X158.06 Y128.184 Z7.474
N164 X157.856 Y127.695 Z7.451
N166 X157.587 Y126.974 Z7.415
N168 X157.412 Y126.486 Z7.372
N170 X157.289 Y126.117 Z7.351
N172 X157.1 Y125.508 Z7.306
N174 X156.959 Y125.019 Z7.254
N176 X156.839 Y124.573 Z7.217
N178 X156.616 Y123.62 Z7.115
N180 X156.473 Y122.921 Z7.028
N182 X156.408 Y122.576 Z6.977
N184 X156.363 Y122.323 Z6.951
N186 X156.33 Y122.087 Z6.924
N188 X156.226 Y121.346 Z6.817
N190 X156.144 Y120.588 Z6.71
N192 X156.086 Y119.88 Z6.602
N194 X156.04 Y118.903 Z6.442
N196 X156.029 Y118.177 Z6.318
N198 X156.025 Y116.813 Z6.075
N200 Y114.955 Z5.723
N202 Y113. Z5.335
N204 Y110.478 Z4.813
N206 Y104.858 Z3.633
N208 Y102.537 Z3.156
N210 Y100.582 Z2.77
N212 Y98.627 Z2.402
N214 Y96.672 Z2.058
N216 Y95.206 Z1.814
N218 Y93.739 Z1.59
N220 X156.026 Y92.036 Z1.351
N222 X156.046 Y91.059 Z1.226
N224 X156.086 Y90.318 Z1.138
N226 X156.144 Y89.594 Z1.056
N228 X156.259 Y88.617 Z0.954
N230 X156.372 Y87.879 Z0.884
N232 X156.485 Y87.255 Z0.82
N234 X156.616 Y86.634 Z0.778
N236 X156.669 Y86.408 Z0.756
N238 X156.843 Y85.686 Z0.705
N240 X156.916 Y85.431 Z0.682
N242 X157.128 Y84.709 Z0.648
N244 X157.37 Y83.964 Z0.598
N246 X157.594 Y83.353 Z0.583
N248 X157.823 Y82.756 Z0.558
N250 X158.031 Y82.266 Z0.544
N252 X158.245 Y81.778 Z0.528
N254 X158.478 Y81.289 Z0.523
N256 X158.72 Y80.801 Z0.518
N258 X158.856 Y80.543 Z0.511
N260 X158.979 Y80.312 Z0.519
N262 X159.417 Y79.566 Z0.515
N264 X160.142 Y78.358 Z0.517
N266 X160.526 Y77.833 Z0.514
N268 X161.125 Y77.01 Z0.519
N270 X161.567 Y76.404 Z0.516
N272 X162.969 Y74.819 Z0.512
N274 X163.094 Y74.678 Z0.518
N276 X164.157 Y73.462 Z0.52
N278 X164.435 Y73.137 Z0.519
N280 X164.751 Y72.723 Z0.514
N282 X165.627 Y71.468 Z0.517
N284 X165.885 Y71.031
N286 X166.673 Y69.569 Z0.518
N288 X166.891 Y69.076
N290 X167.194 Y68.324 Z0.512
N292 X167.48 Y67.612 Z0.52
N294 X167.586 Y67.297 Z0.519
N296 X167.708 Y66.858 Z0.513
N298 X167.845 Y66.369 Z0.52
N300 X168.023 Y65.726 Z0.516
N302 X168.095 Y65.392 Z0.506
N304 X168.15 Y65.097 Z0.512
N306 X168.344 Y63.883 Z0.52
N308 X168.372 Y63.702 Z0.517
N310 X168.425 Y63.215 Z0.515
N312 X168.501 Y61.749 Z0.517
N314 X168.502 Y61.167 Z0.518
N316 X168.384 Y59.308 Z0.517
N318 X168.315 Y58.819 Z0.519
N320 X168.182 Y58.061 Z0.511
N322 X168.062 Y57.393 Z0.519
N324 X167.927 Y56.869
N326 X167.849 Y56.594 Z0.52
N328 X167.704 Y56.106 Z0.513
N330 X167.479 Y55.353 Z0.52
N332 X167.317 Y54.911 Z0.516
N334 X167. Y54.151 Z0.517
N336 X166.603 Y53.214 Z0.519
N338 X165.627 Y51.466 Z0.517
N340 X164.923 Y50.479 Z0.515
N342 X164.597 Y50.032 Z0.517
N344 X164.435 Y49.816 Z0.52
N346 X164.216 Y49.538
N348 X163.188 Y48.396 Z0.518
N350 X162.872 Y48.072
N352 X161.776 Y47.095 Z0.52
N354 X161.438 Y46.819
N356 X161.014 Y46.495 Z0.514
N358 X159.79 Y45.63 Z0.517
N360 X159.031 Y45.202 Z0.518
N362 X158.035 Y44.653 Z0.519
N364 X157.594 Y44.455 Z0.518
N366 X156.616 Y44.049 Z0.513
N368 X156.214 Y43.887 Z0.518
N370 X155.872 Y43.756 Z0.519
N372 X155.15 Y43.547 Z0.513
N374 X154.671 Y43.408 Z0.52
N376 X154.031 Y43.225 Z0.516
N378 X153.684 Y43.156 Z0.506
N380 X152.805 Y43.007 Z0.518
N382 X152.22 Y42.911 Z0.52
N384 X151.966 Y42.871 Z0.516
N386 X151.419 Y42.82 Z0.515
N388 X150.016 Y42.747 Z0.518
N390 X149.455 Y42.749
N392 X148.068 Y42.824 Z0.515
N394 X147.584 Y42.871 Z0.516
N396 X147.339 Y42.909 Z0.52
N398 X146.117 Y43.108 Z0.511
N400 X145.866 Y43.154 Z0.506
N402 X145.517 Y43.224 Z0.516
N404 X144.888 Y43.406 Z0.52
N406 X144.4 Y43.547 Z0.513
N408 X143.678 Y43.756 Z0.519
N410 X143.19 Y43.943 Z0.516
N412 X142.445 Y44.252 Z0.517
N414 X141.731 Y44.556 Z0.518
N416 X141.515 Y44.653 Z0.519
N418 X140.264 Y45.342 Z0.517
N420 X139.76 Y45.63
N422 X138.769 Y46.331 Z0.515
N424 X138.321 Y46.659 Z0.517
N426 X138.11 Y46.819 Z0.52
N428 X137.774 Y47.095
N430 X136.678 Y48.072 Z0.518
N432 X136.362 Y48.396
N434 X135.334 Y49.538 Z0.52
N436 X134.952 Y50.031 Z0.517
N438 X134.626 Y50.477 Z0.515
N440 X134.099 Y51.218 Z0.518
N442 X133.908 Y51.492 Z0.517
N444 X132.947 Y53.214 Z0.519
N446 X132.55 Y54.151 Z0.517
N448 X132.233 Y54.911 Z0.516
N450 X132.054 Y55.4 Z0.519
N452 X131.846 Y56.106 Z0.513
N454 X131.623 Y56.869 Z0.519
N456 X131.498 Y57.347
N458 X131.455 Y57.572 Z0.52
N460 X131.369 Y58.061 Z0.511
N462 X131.235 Y58.819 Z0.519
N464 X131.166 Y59.308 Z0.517
N466 X131.045 Y61.266 Z0.518
N468 X131.05 Y61.793 Z0.517
N470 X131.125 Y63.215 Z0.515
N472 X131.178 Y63.702 Z0.517
N474 X131.307 Y64.516
N476 X131.413 Y65.17 Z0.511
N478 X131.455 Y65.392 Z0.506
N480 X131.526 Y65.728 Z0.516
N482 X131.705 Y66.369 Z0.52
N484 X131.842 Y66.858 Z0.513
N486 X131.972 Y67.324 Z0.519
N488 X132.07 Y67.612 Z0.52
N490 X132.356 Y68.324 Z0.512
N492 X132.672 Y69.107 Z0.519
N494 X132.877 Y69.569 Z0.518
N496 X133.665 Y71.031 Z0.517
N498 X133.923 Y71.469
N500 X134.626 Y72.476 Z0.515
N502 X134.988 Y72.973 Z0.517
N504 X135.115 Y73.14 Z0.519
N506 X136.179 Y74.363
N508 X136.457 Y74.678 Z0.518
N510 X136.889 Y75.167 Z0.51
N512 X137.983 Y76.404 Z0.516
N514 X138.862 Y77.611 Z0.518
N516 X139.219 Y78.099 Z0.512
N518 X139.408 Y78.358 Z0.517
N520 X140.328 Y79.892 Z0.518
N522 X140.59 Y80.349
N524 X140.694 Y80.543 Z0.511
N526 X140.91 Y80.963 Z0.522
N528 X141.24 Y81.636 Z0.525
N530 X141.519 Y82.266 Z0.544
N532 X141.727 Y82.756 Z0.558
N534 X142.002 Y83.476 Z0.588
N536 X142.18 Y83.964 Z0.598
N538 X142.445 Y84.781 Z0.652
N540 X142.634 Y85.431 Z0.681
N542 X142.738 Y85.821 Z0.717
N544 X142.836 Y86.213 Z0.746
N546 X143.045 Y87.151 Z0.814
N548 X143.088 Y87.386 Z0.832
N550 X143.19 Y87.933 Z0.889
N552 X143.292 Y88.617 Z0.954
N554 X143.406 Y89.594 Z1.056
N556 X143.464 Y90.318 Z1.138
N558 X143.505 Y91.059 Z1.226
N560 X143.52 Y91.784 Z1.317
N562 X143.525 Y93.739 Z1.59
N564 Y95.572 Z1.875
N566 Y97.161 Z2.141
N568 Y98.993 Z2.47
N570 Y100.948 Z2.841
N572 Y103.27 Z3.304
N574 Y105.866 Z3.843
N576 Y112.19 Z5.169
N578 Y114.756 Z5.685
N580 Y116.608 Z6.036
N582 X143.52 Y118.415 Z6.359
N584 X143.5 Y119.154 Z6.484
N586 X143.464 Y119.88 Z6.602
N588 X143.422 Y120.425 Z6.688
N590 X143.364 Y120.993 Z6.766
N592 X143.238 Y121.967 Z6.908
N594 X143.184 Y122.323 Z6.951
N596 X143.14 Y122.576 Z6.977
N598 X143.049 Y123.064 Z7.045
N600 X142.898 Y123.788 Z7.132
N602 X142.709 Y124.57 Z7.217
N604 X142.662 Y124.765 Z7.233
N606 X142.526 Y125.253 Z7.279
N608 X142.379 Y125.741 Z7.323
N610 X142.226 Y126.23 Z7.357
N612 X142.057 Y126.719 Z7.392
N614 X141.88 Y127.207 Z7.427
N616 X141.694 Y127.695 Z7.452
N618 X141.381 Y128.441 Z7.483
N620 X141.282 Y128.673 Z7.486
N622 X140.888 Y129.509 Z7.511
N624 X140.688 Y129.907 Z7.509
N626 X140.568 Y130.138 Z7.518
N628 X140.002 Y131.107 Z7.516
N630 X139.408 Y132.092 Z7.517
N632 X139.024 Y132.617 Z7.514
N634 X138.426 Y133.438 Z7.519
N636 X137.983 Y134.046 Z7.516
N638 X136.581 Y135.63 Z7.512
N640 X136.254 Y135.999 Z7.518
N642 X135.175 Y137.238 Z7.519
N644 X134.799 Y137.727 Z7.514
N646 X133.958 Y138.93 Z7.517
N648 X133.787 Y139.197 Z7.515
N650 X132.877 Y140.881 Z7.518
N652 X132.659 Y141.374
N654 X132.356 Y142.126 Z7.512
N656 X132.07 Y142.838 Z7.52
N658 X131.964 Y143.154 Z7.519
N660 X131.842 Y143.592 Z7.513
N662 X131.705 Y144.081 Z7.52
N664 X131.527 Y144.724 Z7.516
N666 X131.455 Y145.058 Z7.506
N668 X131.4 Y145.352 Z7.512
N670 X131.206 Y146.568 Z7.52
N672 X131.178 Y146.748 Z7.517
N674 X131.125 Y147.235 Z7.515
N676 X131.048 Y148.701 Z7.517
N678 Y149.283 Z7.518
N680 X131.167 Y151.136 Z7.517
N682 X131.322 Y152.12 Z7.516
N684 X131.369 Y152.389 Z7.511
N686 X131.455 Y152.878 Z7.52
N688 X131.498 Y153.103 Z7.519
N690 X131.623 Y153.581
N692 X131.845 Y154.344 Z7.513
N694 X132.071 Y155.099 Z7.52
N696 X132.233 Y155.539 Z7.516
N698 X132.55 Y156.299 Z7.517
N700 X132.947 Y157.236 Z7.519
N702 X133.923 Y158.984 Z7.517
N704 X134.626 Y159.975 Z7.515
N706 X135.115 Y160.634 Z7.52
N708 X135.334 Y160.912
N710 X136.362 Y162.054 Z7.518
N712 X136.678 Y162.378
N714 X137.825 Y163.399 Z7.52
N716 X138.11 Y163.631
N718 X138.536 Y163.954 Z7.514
N720 X139.639 Y164.734 Z7.518
N722 X139.776 Y164.831 Z7.517
N724 X140.792 Y165.399 Z7.518
N726 X141.515 Y165.797 Z7.519
N728 X141.956 Y165.995 Z7.518
N730 X142.934 Y166.401 Z7.513
N732 X143.336 Y166.563 Z7.518
N734 X143.678 Y166.694 Z7.519
N736 X144.4 Y166.903 Z7.513
N738 X144.878 Y167.041 Z7.52
N740 X145.52 Y167.225 Z7.516
N742 X145.866 Y167.295 Z7.506
N744 X146.354 Y167.379 Z7.512
N746 X147.33 Y167.539 Z7.52
N748 X147.584 Y167.579 Z7.516
N750 X148.131 Y167.63 Z7.515
N752 X149.534 Y167.703 Z7.518
N754 X150.095 Y167.7
N756 X151.482 Y167.626 Z7.515
N758 X151.457 Y167.324 Z7.52
N760 X151.432 Y167.022
N762 X151.79 Y166.992
N764 X152.363 Y166.907
N766 X153.535 Y166.712
N768 X154.166 Y166.563
N770 X155.639 Y166.132
N772 X155.809 Y166.074
N774 X156.334 Y165.868
N776 X157.169 Y165.521
N778 X158.082 Y165.086
N780 X159.205 Y164.463
N782 X159.739 Y164.119
N784 X160.749 Y163.407
N786 X161.087 Y163.142
N788 X161.66 Y162.653
N790 X162.208 Y162.164
N792 X162.48 Y161.907
N794 X162.709 Y161.676
N796 X163.159 Y161.187
N798 X163.594 Y160.698
N800 X164.004 Y160.209
N802 X164.194 Y159.962
N804 X164.923 Y158.935
N806 X165.263 Y158.403
N808 X165.901 Y157.261
N810 X166.35 Y156.299
N812 X166.67 Y155.53
N814 X166.878 Y154.991
N816 X166.958 Y154.754
N818 X167.365 Y153.369
N820 X167.509 Y152.736
N822 X167.655 Y151.901
N824 X167.731 Y151.412
N826 X167.795 Y150.923
N828 X167.891 Y149.422
N830 X167.903 Y148.921
N832 X167.888 Y148.447
N834 X167.839 Y147.518
N836 X167.795 Y147.013
N838 X167.729 Y146.524
N840 X167.542 Y145.371
N842 X167.462 Y144.963
N844 X167.257 Y144.206
N846 X167.037 Y143.433
N848 X166.92 Y143.061
N850 X166.35 Y141.637
N852 X166.128 Y141.148
N854 X165.901 Y140.709
N856 X165.342 Y139.682
N858 X164.993 Y139.123
N860 X164.36 Y138.216
N862 X163.946 Y137.662
N864 X163.068 Y136.65
N866 X161.429 Y134.794
N868 X161.015 Y134.306
N870 X159.946 Y132.839
N872 X159.548 Y132.266
N874 X159.028 Y131.405
N876 X158.443 Y130.396
N878 X158.298 Y130.123 Z7.519
N880 X157.955 Y129.418 Z7.512
N882 X157.594 Y128.616 Z7.493
N884 X157.257 Y127.8 Z7.459
N886 X157.105 Y127.405 Z7.439
N888 X156.864 Y126.734 Z7.398
N890 X156.622 Y125.997 Z7.346
N892 X156.399 Y125.237 Z7.281
N894 X156.213 Y124.531 Z7.213
N896 X156.087 Y124.001 Z7.158
N898 X155.892 Y123.064 Z7.051
N900 X155.803 Y122.576 Z6.989
N902 X155.725 Y122.087 Z6.925
N904 X155.639 Y121.475 Z6.842
N906 X155.536 Y120.517 Z6.702
N908 X155.494 Y119.987 Z6.62
N910 X155.444 Y118.96 Z6.454
N912 X155.429 Y118.177 Z6.323
N914 X155.425 Y116.711 Z6.06
N916 Y114.878 Z5.712
N918 Y113.289 Z5.398
N920 Y111.006 Z4.928
N922 Y104.858 Z3.637
N924 Y102.537 Z3.16
N926 Y100.582 Z2.774
N928 Y98.627 Z2.406
N930 Y96.672 Z2.062
N932 Y95.206 Z1.819
N934 Y93.739 Z1.594
N936 X155.429 Y91.994 Z1.35
N938 X155.451 Y90.995 Z1.221
N940 X155.496 Y90.175 Z1.123
N942 X155.533 Y89.723 Z1.072
N944 X155.639 Y88.75 Z0.969
N946 X155.699 Y88.303 Z0.925
N948 X155.851 Y87.386 Z0.84
N950 X156.031 Y86.504 Z0.768
N952 X156.182 Y85.865 Z0.722
N954 X156.359 Y85.199 Z0.678
N956 X156.616 Y84.339 Z0.629
N958 X156.799 Y83.781 Z0.602
N960 X157.094 Y82.976 Z0.57
N962 X157.411 Y82.192 Z0.546
N964 X157.705 Y81.521 Z0.532
N966 X158.082 Y80.737 Z0.523
N968 X158.315 Y80.288 Z0.52
N970 X158.571 Y79.822
N972 X159.279 Y78.63
N974 X159.601 Y78.099
N976 X159.699 Y77.948
N978 X161.014 Y76.145
N980 X161.503 Y75.573
N982 X163.579 Y73.212
N984 X163.998 Y72.723
N986 X164.187 Y72.482
N988 X164.923 Y71.426
N990 X165.243 Y70.937
N992 X165.412 Y70.642
N994 X165.901 Y69.74
N996 X166.321 Y68.881
N998 X166.878 Y67.498
N1000 X166.964 Y67.261
N1002 X167.266 Y66.211
N1004 X167.367 Y65.851
N1006 X167.512 Y65.247
N1008 X167.705 Y64.076
N1010 X167.795 Y63.437
N1012 X167.837 Y62.966
N1014 X167.891 Y61.935
N1016 X167.903 Y61.434
N1018 X167.887 Y60.962
N1020 X167.794 Y59.527
N1022 X167.736 Y59.038
N1024 X167.572 Y58.061
N1026 X167.461 Y57.477
N1028 X167.367 Y57.09
N1030 X166.92 Y55.575
N1032 X166.754 Y55.128
N1034 X166.216 Y53.836
N1036 X166.061 Y53.502
N1038 X165.901 Y53.188
N1040 X165.346 Y52.196
N1042 X165.003 Y51.628
N1044 X164.365 Y50.729
N1046 X163.946 Y50.167
N1048 X163.533 Y49.677
N1050 X162.715 Y48.774
N1052 X162.48 Y48.536
N1054 X161.836 Y47.953
N1056 X161.314 Y47.497
N1058 X161.014 Y47.25
N1060 X160.487 Y46.858
N1062 X159.627 Y46.252
N1064 X159.06 Y45.904
N1066 X158.075 Y45.36
N1068 X157.594 Y45.114
N1070 X157.105 Y44.902
N1072 X156.039 Y44.464
N1074 X155.639 Y44.316
N1076 X154.173 Y43.888
N1078 X153.684 Y43.765
N1080 X152.534 Y43.571
N1082 X152.112 Y43.504
N1084 X151.68 Y43.447
N1086 X151.241 Y43.412
N1088 X150.3 Y43.362
N1090 X149.775 Y43.348
N1092 X149.286 Y43.36
N1094 X148.309 Y43.412
N1096 X147.76 Y43.459
N1098 X147.187 Y43.542
N1100 X146.016 Y43.736
N1102 X145.384 Y43.887
N1104 X143.911 Y44.318
N1106 X143.741 Y44.376
N1108 X143.216 Y44.582
N1110 X142.38 Y44.929
N1112 X141.468 Y45.364
N1114 X140.344 Y45.988
N1116 X139.812 Y46.331
N1118 X138.799 Y47.044
N1120 X138.463 Y47.308
N1122 X137.89 Y47.797
N1124 X137.344 Y48.286
N1126 X137.07 Y48.544
N1128 X136.841 Y48.774
N1130 X136.389 Y49.263
N1132 X135.955 Y49.752
N1134 X135.546 Y50.241
N1136 X135.357 Y50.487
N1138 X134.626 Y51.516
N1140 X134.287 Y52.046
N1142 X133.649 Y53.189
N1144 X133.201 Y54.151
N1146 X132.88 Y54.92
N1148 X132.672 Y55.46
N1150 X132.593 Y55.696
N1152 X132.185 Y57.081
N1154 X132.041 Y57.713
N1156 X131.833 Y58.9
N1158 X131.755 Y59.527
N1160 X131.659 Y61.028
N1162 X131.647 Y61.529
N1164 X131.662 Y62.003
N1166 X131.711 Y62.932
N1168 X131.754 Y63.437
N1170 X131.821 Y63.926
N1172 X132.008 Y65.078
N1174 X132.088 Y65.487
N1176 X132.293 Y66.244
N1178 X132.513 Y67.016
N1180 X132.63 Y67.388
N1182 X133.2 Y68.813
N1184 X133.422 Y69.302
N1186 X133.649 Y69.74
N1188 X134.208 Y70.768
N1190 X134.557 Y71.326
N1192 X135.19 Y72.234
N1194 X135.604 Y72.785
N1196 X136.581 Y73.911
N1198 X138.121 Y75.656
N1200 X138.536 Y76.144
N1202 X139.604 Y77.611
N1204 X140.002 Y78.184
N1206 X140.979 Y79.82
N1208 X141.235 Y80.287 Z0.521
N1210 X141.468 Y80.738 Z0.523
N1212 X141.878 Y81.598 Z0.533
N1214 X142.139 Y82.192 Z0.546
N1216 X142.445 Y82.946 Z0.569
N1218 X142.717 Y83.692 Z0.598
N1220 X142.934 Y84.336 Z0.629
N1222 X143.185 Y85.179 Z0.677
N1224 X143.38 Y85.919 Z0.726
N1226 X143.569 Y86.75 Z0.788
N1228 X143.697 Y87.386 Z0.84
N1230 X143.851 Y88.303 Z0.925
N1232 X143.923 Y88.852 Z0.979
N1234 X144.018 Y89.722 Z1.072
N1236 X144.083 Y90.635 Z1.177
N1238 X144.111 Y91.296 Z1.258
N1240 X144.123 Y92.273 Z1.387
N1242 X144.125 Y93.739 Z1.594
N1244 Y95.572 Z1.879
N1246 Y97.161 Z2.145
N1248 Y98.993 Z2.474
N1250 Y100.948 Z2.845
N1252 Y103.163 Z3.287
N1254 Y105.866 Z3.848
N1256 Y112.258 Z5.187
N1258 Y114.756 Z5.689
N1260 X144.124 Y116.711 Z6.059
N1262 X144.118 Y118.459 Z6.37
N1264 X144.099 Y119.154 Z6.487
N1266 X144.056 Y119.986 Z6.62
N1268 X144.005 Y120.621 Z6.718
N1270 X143.954 Y121.109 Z6.789
N1272 X143.825 Y122.087 Z6.925
N1274 X143.698 Y122.851 Z7.024
N1276 X143.558 Y123.553 Z7.107
N1278 X143.448 Y124.067 Z7.165
N1280 X143.211 Y125.019 Z7.261
N1282 X142.934 Y125.979 Z7.344
N1284 X142.685 Y126.734 Z7.398
N1286 X142.424 Y127.463 Z7.443
N1288 X142.233 Y127.952 Z7.468
N1290 X141.956 Y128.62 Z7.492
N1292 X141.708 Y129.177 Z7.507
N1294 X141.358 Y129.907 Z7.519
N1296 X141.103 Y130.396 Z7.52
N1298 X140.826 Y130.884
N1300 X140.247 Y131.862
N1302 X139.949 Y132.351
N1304 X139.851 Y132.501
N1306 X138.536 Y134.305
N1308 X138.047 Y134.878
N1310 X135.968 Y137.238
N1312 X135.551 Y137.727
N1314 X135.362 Y137.968
N1316 X134.512 Y139.193
N1318 X134.292 Y139.527
N1320 X133.649 Y140.712
N1322 X133.229 Y141.568
N1324 X132.672 Y142.953
N1326 X132.586 Y143.188
N1328 X132.284 Y144.239
N1330 X132.183 Y144.6
N1332 X132.038 Y145.203
N1334 X131.845 Y146.374
N1336 X131.755 Y147.013
N1338 X131.713 Y147.483
N1340 X131.659 Y148.515
N1342 X131.646 Y149.016
N1344 X131.663 Y149.488
N1346 X131.757 Y150.923
N1348 X131.818 Y151.412
N1350 X131.978 Y152.389
N1352 X132.088 Y152.973
N1354 X132.183 Y153.361
N1356 X132.63 Y154.874
N1358 X132.796 Y155.322
N1360 X133.334 Y156.614
N1362 X133.489 Y156.948
N1364 X133.649 Y157.261
N1366 X134.204 Y158.254
N1368 X134.547 Y158.822
N1370 X135.183 Y159.721
N1372 X135.604 Y160.283
N1374 X136.017 Y160.773
N1376 X136.835 Y161.676
N1378 X137.07 Y161.914
N1380 X137.615 Y162.409
N1382 X138.236 Y162.953
N1384 X138.536 Y163.201
N1386 X139.063 Y163.592
N1388 X140.002 Y164.25
N1390 X140.601 Y164.608
N1392 X141.475 Y165.09
N1394 X141.956 Y165.335
N1396 X142.445 Y165.548
N1398 X143.51 Y165.986
N1400 X143.911 Y166.134
N1402 X145.377 Y166.561
N1404 X145.866 Y166.685
N1406 X147.015 Y166.879
N1408 X147.437 Y166.946
N1410 X147.869 Y167.003
N1412 X148.309 Y167.038
N1414 X149.25 Y167.088
N1416 X149.775 Y167.102
N1418 X150.264 Y167.09
N1420 X151.241 Y167.038
N1422 X151.432 Y167.022
N1424 X151.38 Y166.423
N1426 X151.928 Y166.364
N1428 X153.09 Y166.179
N1430 X153.69 Y166.068
N1432 X155.054 Y165.681
N1434 X155.38 Y165.586
N1436 X155.782 Y165.442
N1438 X156.616 Y165.102
N1440 X157.475 Y164.727
N1442 X158.543 Y164.147
N1444 X159.06 Y163.836
N1446 X159.387 Y163.631
N1448 X160.084 Y163.142
N1450 X160.731 Y162.653
N1452 X161.306 Y162.164
N1454 X161.854 Y161.676
N1456 X161.992 Y161.545
N1458 X162.48 Y161.042
N1460 X162.969 Y160.499
N1462 X163.457 Y159.925
N1464 X163.946 Y159.277
N1466 X164.435 Y158.583
N1468 X164.933 Y157.766
N1470 X165.469 Y156.788
N1472 X165.529 Y156.672
N1474 X165.901 Y155.817
N1476 X166.242 Y154.981
N1478 X166.389 Y154.558
N1480 X166.736 Y153.367
N1482 X166.878 Y152.835
N1484 X167.047 Y151.901
N1486 X167.165 Y151.125
N1488 X167.226 Y150.434
N1490 X167.286 Y149.457
N1492 X167.301 Y148.968
N1494 X167.288 Y148.479
N1496 X167.234 Y147.502
N1498 X167.188 Y147.013
N1500 X167.088 Y146.314
N1502 X166.952 Y145.473
N1504 X166.878 Y145.081
N1506 X166.444 Y143.537
N1508 X166.389 Y143.366
N1510 X166.181 Y142.823
N1512 X165.901 Y142.126
N1514 X165.692 Y141.637
N1516 X165.442 Y141.122
N1518 X164.927 Y140.171
N1520 X164.639 Y139.682
N1522 X164.362 Y139.266
N1524 X163.756 Y138.406
N1526 X163.548 Y138.125
N1528 X163.212 Y137.727
N1530 X161.727 Y136.037
N1532 X160.813 Y134.996
N1534 X160.526 Y134.65
N1536 X159.35 Y133.037
N1538 X159.06 Y132.616
N1540 X158.409 Y131.535
N1542 X158.03 Y130.884
N1544 X157.769 Y130.396
N1546 X157.524 Y129.907 Z7.519
N1548 X157.295 Y129.418 Z7.512
N1550 X157.084 Y128.95 Z7.502
N1552 X156.869 Y128.441 Z7.488
N1554 X156.67 Y127.952 Z7.467
N1556 X156.393 Y127.197 Z7.427
N1558 X156.142 Y126.471 Z7.38
N1560 X155.914 Y125.721 Z7.323
N1562 X155.7 Y124.958 Z7.255
N1564 X155.482 Y124.042 Z7.163
N1566 X155.281 Y123.064 Z7.051
N1568 X155.193 Y122.576 Z6.989
N1570 X155.051 Y121.598 Z6.859
N1572 X154.974 Y120.934 Z6.764
N1574 X154.904 Y120.132 Z6.643
N1576 X154.852 Y119.154 Z6.487
N1578 X154.833 Y118.494 Z6.376
N1580 X154.825 Y117.199 Z6.15
N1582 Y115.244 Z5.784
N1584 Y113.289 Z5.398
N1586 Y111.09 Z4.946
N1588 Y104.858 Z3.637
N1590 Y102.7 Z3.192
N1592 Y100.582 Z2.774
N1594 Y98.627 Z2.406
N1596 Y96.672 Z2.062
N1598 Y95.206 Z1.819
N1600 Y93.739 Z1.594
N1602 X154.828 Y92.107 Z1.365
N1604 X154.847 Y91.11 Z1.235
N1606 X154.886 Y90.318 Z1.139
N1608 X154.94 Y89.619 Z1.061
N1610 X155.024 Y88.852 Z0.979
N1612 X155.086 Y88.363 Z0.931
N1614 X155.156 Y87.881 Z0.884
N1616 X155.261 Y87.275 Z0.831
N1618 X155.44 Y86.408 Z0.76
N1620 X155.686 Y85.384 Z0.69
N1622 X155.954 Y84.453 Z0.636
N1624 X156.128 Y83.898 Z0.607
N1626 X156.496 Y82.867 Z0.566
N1628 X156.649 Y82.466 Z0.553
N1630 X157.049 Y81.521 Z0.532
N1632 X157.377 Y80.816 Z0.523
N1634 X157.594 Y80.373 Z0.521
N1636 X157.95 Y79.698 Z0.52
N1638 X158.604 Y78.588
N1640 X159.06 Y77.839
N1642 X159.548 Y77.137
N1644 X160.526 Y75.806
N1646 X161.06 Y75.167
N1648 X162.969 Y73.
N1650 X163.457 Y72.427
N1652 X163.608 Y72.234
N1654 X164.026 Y71.666
N1656 X164.435 Y71.074
N1658 X164.923 Y70.286
N1660 X165.505 Y69.209
N1662 X165.901 Y68.325
N1664 X166.29 Y67.347
N1666 X166.389 Y67.085
N1668 X166.584 Y66.419
N1670 X166.878 Y65.354
N1672 X166.981 Y64.8
N1674 X167.162 Y63.642
N1676 X167.222 Y63.093
N1678 X167.284 Y62.053
N1680 X167.301 Y61.482
N1682 X167.286 Y60.993
N1684 X167.203 Y59.691
N1686 X167.157 Y59.248
N1688 X167.049 Y58.549
N1690 X166.873 Y57.577
N1692 X166.661 Y56.812
N1694 X166.389 Y55.891
N1696 X166.296 Y55.617
N1698 X166.046 Y54.983
N1700 X165.697 Y54.151
N1702 X165.455 Y53.621
N1704 X164.752 Y52.367
N1706 X164.567 Y52.063
N1708 X164.371 Y51.771
N1710 X163.621 Y50.729
N1712 X163.333 Y50.365
N1714 X162.969 Y49.946
N1716 X162.35 Y49.263
N1718 X161.927 Y48.839
N1720 X161.014 Y48.029
N1722 X160.619 Y47.703
N1724 X160.085 Y47.308
N1726 X159.392 Y46.819
N1728 X159.06 Y46.603
N1730 X158.593 Y46.331
N1732 X157.594 Y45.782
N1734 X157.105 Y45.555
N1736 X155.926 Y45.066
N1738 X155.573 Y44.93
N1740 X155.382 Y44.864
N1742 X153.687 Y44.372
N1744 X152.218 Y44.129
N1746 X151.573 Y44.044
N1748 X151.12 Y44.007
N1750 X150.192 Y43.959
N1752 X149.713 Y43.949
N1754 X149.208 Y43.965
N1756 X148.169 Y44.027
N1758 X147.622 Y44.085
N1760 X146.462 Y44.268
N1762 X145.866 Y44.38
N1764 X144.495 Y44.769
N1766 X144.17 Y44.864
N1768 X143.767 Y45.008
N1770 X142.941 Y45.345
N1772 X142.075 Y45.723
N1774 X141.007 Y46.303
N1776 X140.49 Y46.615
N1778 X140.163 Y46.819
N1780 X139.466 Y47.308
N1782 X138.82 Y47.797
N1784 X138.245 Y48.286
N1786 X137.698 Y48.774
N1788 X137.558 Y48.907
N1790 X137.07 Y49.407
N1792 X136.581 Y49.95
N1794 X136.092 Y50.525
N1796 X135.604 Y51.173
N1798 X135.115 Y51.867
N1800 X134.617 Y52.684
N1802 X134.081 Y53.662
N1804 X134.022 Y53.778
N1806 X133.649 Y54.634
N1808 X133.308 Y55.469
N1810 X133.16 Y55.893
N1812 X132.814 Y57.083
N1814 X132.672 Y57.616
N1816 X132.466 Y58.755
N1818 X132.382 Y59.327
N1820 X132.324 Y60.016
N1822 X132.264 Y60.993
N1824 X132.249 Y61.482
N1826 X132.262 Y61.971
N1828 X132.316 Y62.948
N1830 X132.362 Y63.437
N1832 X132.462 Y64.136
N1834 X132.598 Y64.976
N1836 X132.672 Y65.368
N1838 X133.106 Y66.912
N1840 X133.16 Y67.083
N1842 X133.369 Y67.626
N1844 X133.649 Y68.323
N1846 X133.858 Y68.813
N1848 X134.108 Y69.328
N1850 X134.623 Y70.279
N1852 X134.911 Y70.768
N1854 X135.188 Y71.184
N1856 X135.794 Y72.044
N1858 X136.003 Y72.323
N1860 X136.453 Y72.852
N1862 X138.512 Y75.191
N1864 X138.961 Y75.719
N1866 X139.635 Y76.633
N1868 X140.341 Y77.611
N1870 X140.49 Y77.835
N1872 X141.468 Y79.466
N1874 X141.848 Y80.163
N1876 X142.121 Y80.708 Z0.523
N1878 X142.484 Y81.482 Z0.531
N1880 X142.934 Y82.548 Z0.556
N1882 X143.315 Y83.583 Z0.594
N1884 X143.439 Y83.947 Z0.609
N1886 X143.669 Y84.695 Z0.648
N1888 X143.877 Y85.431 Z0.692
N1890 X144.025 Y86.033 Z0.734
N1892 X144.211 Y86.897 Z0.799
N1894 X144.322 Y87.463 Z0.847
N1896 X144.4 Y87.909 Z0.887
N1898 X144.527 Y88.852 Z0.979
N1900 X144.61 Y89.619 Z1.061
N1902 X144.665 Y90.318 Z1.139
N1904 X144.7 Y90.995 Z1.221
N1906 X144.719 Y91.784 Z1.321
N1908 X144.725 Y93.739 Z1.594
N1910 Y95.572 Z1.879
N1912 Y97.161 Z2.145
N1914 Y98.993 Z2.474
N1916 Y100.948 Z2.845
N1918 Y103.27 Z3.309
N1920 Y105.958 Z3.867
N1922 Y112.312 Z5.198
N1924 Y114.756 Z5.689
N1926 X144.724 Y116.711 Z6.06
N1928 X144.719 Y118.346 Z6.351
N1930 X144.699 Y119.154 Z6.487
N1932 X144.665 Y119.867 Z6.601
N1934 X144.606 Y120.621 Z6.718
N1936 X144.555 Y121.109 Z6.789
N1938 X144.437 Y122.05 Z6.92
N1940 X144.354 Y122.576 Z6.99
N1942 X144.239 Y123.225 Z7.069
N1944 X144.065 Y124.042 Z7.162
N1946 X143.849 Y124.957 Z7.255
N1948 X143.611 Y125.808 Z7.33
N1950 X143.392 Y126.516 Z7.384
N1952 X143.061 Y127.463 Z7.443
N1954 X142.878 Y127.952 Z7.468
N1956 X142.5 Y128.874 Z7.5
N1958 X142.257 Y129.418 Z7.513
N1960 X141.956 Y130.055 Z7.519
N1962 X141.592 Y130.76 Z7.52
N1964 X140.948 Y131.862
N1966 X140.49 Y132.612
N1968 X140.002 Y133.313
N1970 X139.024 Y134.644
N1972 X138.49 Y135.283
N1974 X136.581 Y137.448
N1976 X136.092 Y138.021
N1978 X135.941 Y138.216
N1980 X135.58 Y138.704
N1982 X135.115 Y139.375
N1984 X134.626 Y140.167
N1986 X134.046 Y141.239
N1988 X133.65 Y142.124
N1990 X133.26 Y143.103
N1992 X133.16 Y143.365
N1994 X132.966 Y144.03
N1996 X132.672 Y145.097
N1998 X132.569 Y145.65
N2000 X132.388 Y146.808
N2002 X132.328 Y147.357
N2004 X132.266 Y148.396
N2006 X132.249 Y148.968
N2008 X132.263 Y149.457
N2010 X132.348 Y150.758
N2012 X132.396 Y151.199
N2014 X132.527 Y152.045
N2016 X132.672 Y152.857
N2018 X132.889 Y153.638
N2020 X133.16 Y154.558
N2022 X133.254 Y154.833
N2024 X133.504 Y155.467
N2026 X133.853 Y156.299
N2028 X134.095 Y156.829
N2030 X134.798 Y158.083
N2032 X134.982 Y158.387
N2034 X135.179 Y158.679
N2036 X135.79 Y159.534
N2038 X136.092 Y159.934
N2040 X136.442 Y160.348
N2042 X137.2 Y161.187
N2044 X137.623 Y161.611
N2046 X138.536 Y162.422
N2048 X138.93 Y162.747
N2050 X139.465 Y163.142
N2052 X140.158 Y163.631
N2054 X140.49 Y163.847
N2056 X140.957 Y164.119
N2058 X141.956 Y164.668
N2060 X142.445 Y164.895
N2062 X143.624 Y165.384
N2064 X143.976 Y165.52
N2066 X144.168 Y165.586
N2068 X145.863 Y166.077
N2070 X147.332 Y166.322
N2072 X147.977 Y166.407
N2074 X148.429 Y166.443
N2076 X149.358 Y166.491
N2078 X149.837 Y166.501
N2080 X150.342 Y166.485
N2082 X151.38 Y166.423
N2084 X151.332 Y165.823
N2086 X151.73 Y165.782
N2088 X152.218 Y165.714
N2090 X153.238 Y165.543
N2092 X153.876 Y165.393
N2094 X155.15 Y165.026
N2096 X155.253 Y164.994
N2098 X156.048 Y164.687
N2100 X156.889 Y164.336
N2102 X157.338 Y164.119
N2104 X158.234 Y163.631
N2106 X159.092 Y163.109
N2108 X159.734 Y162.653
N2110 X160.38 Y162.164
N2112 X161.014 Y161.623
N2114 X161.503 Y161.188
N2116 X161.913 Y160.776
N2118 X162.48 Y160.147
N2120 X162.969 Y159.575
N2122 X163.457 Y158.927
N2124 X163.946 Y158.241
N2126 X164.518 Y157.277
N2128 X164.923 Y156.533
N2130 X165.135 Y156.088
N2132 X165.489 Y155.245
N2134 X165.79 Y154.455
N2136 X166.002 Y153.755
N2138 X166.195 Y153.073
N2140 X166.352 Y152.389
N2142 X166.449 Y151.841
N2144 X166.54 Y151.261
N2146 X166.604 Y150.708
N2148 X166.673 Y149.662
N2150 X166.695 Y149.151
N2152 X166.692 Y148.665
N2154 X166.647 Y147.733
N2156 X166.612 Y147.279
N2158 X166.561 Y146.842
N2160 X166.356 Y145.547
N2162 X166.246 Y145.058
N2164 X165.901 Y143.814
N2166 X165.829 Y143.592
N2168 X165.579 Y142.936
N2170 X165.25 Y142.126
N2172 X164.996 Y141.565
N2174 X164.435 Y140.523
N2176 X164.233 Y140.171
N2178 X163.931 Y139.697
N2180 X163.232 Y138.704
N2182 X162.9 Y138.284
N2184 X161.417 Y136.592
N2186 X160.386 Y135.422
N2188 X160.037 Y134.997
N2190 X158.82 Y133.328
N2192 X158.522 Y132.888
N2194 X157.905 Y131.862
N2196 X157.594 Y131.329
N2198 X157.263 Y130.726
N2200 X157.105 Y130.418
N2202 X156.861 Y129.907 Z7.519
N2204 X156.629 Y129.405 Z7.512
N2206 X156.221 Y128.441 Z7.487
N2208 X156.031 Y127.952 Z7.467
N2210 X155.795 Y127.306 Z7.433
N2212 X155.639 Y126.855 Z7.406
N2214 X155.465 Y126.312 Z7.369
N2216 X155.228 Y125.508 Z7.306
N2218 X155.099 Y125.019 Z7.261
N2220 X154.92 Y124.272 Z7.186
N2222 X154.748 Y123.467 Z7.097
N2224 X154.662 Y123.017 Z7.045
N2226 X154.572 Y122.486 Z6.978
N2228 X154.448 Y121.598 Z6.859
N2230 X154.359 Y120.807 Z6.745
N2232 X154.303 Y120.132 Z6.643
N2234 X154.269 Y119.547 Z6.551
N2236 X154.234 Y118.604 Z6.395
N2238 X154.226 Y117.199 Z6.149
N2240 X154.225 Y115.296 Z5.794
N2242 Y113.289 Z5.398
N2244 Y110.846 Z4.895
N2246 Y104.981 Z3.662
N2248 Y102.589 Z3.17
N2250 Y100.228 Z2.707
N2252 Y98.26 Z2.341
N2254 Y96.724 Z2.071
N2256 Y95.206 Z1.819
N2258 Y93.739 Z1.594
N2260 X154.227 Y92.219 Z1.38
N2262 X154.243 Y91.225 Z1.25
N2264 X154.262 Y90.718 Z1.187
N2266 X154.32 Y89.829 Z1.084
N2268 X154.388 Y89.126 Z1.008
N2270 X154.504 Y88.205 Z0.915
N2272 X154.662 Y87.212 Z0.826
N2274 X154.738 Y86.82 Z0.793
N2276 X154.937 Y85.919 Z0.725
N2278 X155.074 Y85.355 Z0.688
N2280 X155.199 Y84.893 Z0.659
N2282 X155.48 Y83.964 Z0.61
N2284 X155.636 Y83.478 Z0.589
N2286 X155.898 Y82.757 Z0.562
N2288 X156.188 Y82.009 Z0.542
N2290 X156.605 Y81.043 Z0.526
N2292 X156.928 Y80.366 Z0.521
N2294 X157.105 Y80.01 Z0.52
N2296 X157.646 Y79.024
N2298 X158.494 Y77.611
N2300 X158.571 Y77.488
N2302 X159.173 Y76.633
N2304 X160.037 Y75.459
N2306 X160.526 Y74.87
N2308 X162.48 Y72.647
N2310 X162.969 Y72.074
N2312 X163.457 Y71.428
N2314 X163.946 Y70.729
N2316 X164.435 Y69.924
N2318 X164.923 Y69.021
N2320 X165.127 Y68.609
N2322 X165.476 Y67.772
N2324 X165.794 Y66.965
N2326 X165.901 Y66.63
N2328 X166.191 Y65.59
N2330 X166.353 Y64.903
N2332 X166.436 Y64.414
N2334 X166.536 Y63.779
N2336 X166.607 Y63.219
N2338 X166.662 Y62.459
N2340 X166.695 Y61.665
N2342 X166.691 Y61.18
N2344 X166.64 Y60.254
N2346 X166.584 Y59.527
N2348 X166.521 Y59.038
N2350 X166.353 Y58.061
N2352 X166.247 Y57.572
N2354 X166.067 Y56.917
N2356 X165.825 Y56.106
N2358 X165.653 Y55.617
N2360 X165.457 Y55.128
N2362 X165.042 Y54.151
N2364 X164.923 Y53.904
N2366 X164.241 Y52.684
N2368 X163.946 Y52.21
N2370 X163.236 Y51.218
N2372 X162.909 Y50.79
N2374 X162.236 Y50.029
N2376 X161.992 Y49.757
N2378 X161.503 Y49.263
N2380 X160.526 Y48.4
N2382 X160.19 Y48.132
N2384 X159.737 Y47.797
N2386 X159.045 Y47.308
N2388 X158.45 Y46.94
N2390 X157.347 Y46.331
N2392 X157.105 Y46.211
N2394 X156.506 Y45.952
N2396 X155.639 Y45.599
N2398 X155.096 Y45.407
N2400 X153.684 Y45.001
N2402 X153.168 Y44.892
N2404 X151.905 Y44.689
N2406 X151.467 Y44.638
N2408 X150.752 Y44.588
N2410 X150.082 Y44.557
N2412 X149.596 Y44.554
N2414 X148.798 Y44.588
N2416 X148.043 Y44.641
N2418 X147.332 Y44.735
N2420 X146.354 Y44.897
N2422 X145.674 Y45.056
N2424 X144.4 Y45.424
N2426 X144.297 Y45.456
N2428 X143.501 Y45.763
N2430 X142.661 Y46.114
N2432 X142.212 Y46.331
N2434 X141.316 Y46.819
N2436 X140.456 Y47.342
N2438 X139.816 Y47.797
N2440 X139.17 Y48.286
N2442 X138.536 Y48.828
N2444 X138.035 Y49.275
N2446 X137.564 Y49.752
N2448 X137.07 Y50.302
N2450 X136.581 Y50.875
N2452 X136.092 Y51.523
N2454 X135.604 Y52.209
N2456 X135.032 Y53.173
N2458 X134.626 Y53.918
N2460 X134.416 Y54.361
N2462 X134.061 Y55.204
N2464 X133.76 Y55.994
N2466 X133.548 Y56.695
N2468 X133.355 Y57.377
N2470 X133.199 Y58.061
N2472 X133.029 Y59.038
N2474 X133.005 Y59.194
N2476 X132.945 Y59.742
N2478 X132.867 Y60.993
N2480 X132.855 Y61.299
N2482 X132.858 Y61.785
N2484 X132.903 Y62.717
N2486 X132.938 Y63.17
N2488 X132.989 Y63.608
N2490 X133.194 Y64.903
N2492 X133.304 Y65.392
N2494 X133.649 Y66.635
N2496 X133.721 Y66.858
N2498 X133.971 Y67.514
N2500 X134.301 Y68.324
N2502 X134.554 Y68.885
N2504 X135.115 Y69.927
N2506 X135.317 Y70.279
N2508 X135.619 Y70.753
N2510 X136.318 Y71.746
N2512 X136.652 Y72.164
N2514 X137.558 Y73.205
N2516 X139.164 Y75.027
N2518 X139.513 Y75.452
N2520 X140.73 Y77.122
N2522 X141.028 Y77.562
N2524 X141.942 Y79.088
N2526 X142.292 Y79.719
N2528 X142.46 Y80.039
N2530 X142.934 Y81.02 Z0.525
N2532 X143.362 Y82.009 Z0.542
N2534 X143.637 Y82.713 Z0.561
N2536 X143.911 Y83.467 Z0.589
N2538 X144.223 Y84.453 Z0.635
N2540 X144.4 Y85.066 Z0.67
N2542 X144.572 Y85.747 Z0.714
N2544 X144.751 Y86.545 Z0.772
N2546 X144.917 Y87.386 Z0.84
N2548 X144.999 Y87.874 Z0.884
N2550 X145.097 Y88.572 Z0.951
N2552 X145.202 Y89.515 Z1.049
N2554 X145.273 Y90.422 Z1.152
N2556 X145.311 Y91.296 Z1.258
N2558 X145.323 Y92.273 Z1.387
N2560 X145.325 Y93.739 Z1.594
N2562 Y95.572 Z1.879
N2564 Y97.161 Z2.145
N2566 Y98.993 Z2.474
N2568 Y100.909 Z2.838
N2570 Y103.27 Z3.309
N2572 Y105.958 Z3.867
N2574 Y112.312 Z5.198
N2576 Y114.704 Z5.679
N2578 X145.324 Y116.711 Z6.06
N2580 X145.316 Y118.604 Z6.395
N2582 X145.279 Y119.643 Z6.566
N2584 X145.238 Y120.27 Z6.664
N2586 X145.191 Y120.806 Z6.745
N2588 X145.1 Y121.598 Z6.859
N2590 X144.964 Y122.576 Z6.99
N2592 X144.882 Y123.058 Z7.05
N2594 X144.759 Y123.682 Z7.122
N2596 X144.536 Y124.667 Z7.226
N2598 X144.4 Y125.225 Z7.28
N2600 X144.291 Y125.616 Z7.315
N2602 X144.001 Y126.576 Z7.388
N2604 X143.755 Y127.307 Z7.434
N2606 X143.521 Y127.952 Z7.468
N2608 X143.331 Y128.441 Z7.487
N2610 X142.904 Y129.447 Z7.513
N2612 X142.445 Y130.42 Z7.52
N2614 X141.895 Y131.435
N2616 X141.18 Y132.638
N2618 X140.979 Y132.962
N2620 X140.377 Y133.817
N2622 X139.513 Y134.991
N2624 X139.024 Y135.58
N2626 X137.07 Y137.8
N2628 X136.581 Y138.373
N2630 X136.092 Y139.021
N2632 X135.604 Y139.72
N2634 X135.115 Y140.528
N2636 X134.626 Y141.43
N2638 X134.424 Y141.839
N2640 X134.1 Y142.614
N2642 X133.756 Y143.485
N2644 X133.649 Y143.821
N2646 X133.359 Y144.859
N2648 X133.197 Y145.547
N2650 X133.114 Y146.036
N2652 X133.014 Y146.67
N2654 X132.943 Y147.23
N2656 X132.888 Y147.991
N2658 X132.854 Y148.785
N2660 X132.858 Y149.27
N2662 X132.91 Y150.196
N2664 X132.942 Y150.652
N2666 X132.988 Y151.096
N2668 X133.11 Y151.901
N2670 X133.197 Y152.389
N2672 X133.302 Y152.878
N2674 X133.483 Y153.533
N2676 X133.725 Y154.344
N2678 X133.897 Y154.833
N2680 X134.093 Y155.322
N2682 X134.508 Y156.299
N2684 X134.626 Y156.545
N2686 X135.308 Y157.766
N2688 X135.604 Y158.241
N2690 X136.312 Y159.232
N2692 X136.641 Y159.66
N2694 X137.314 Y160.421
N2696 X137.558 Y160.692
N2698 X138.047 Y161.187
N2700 X139.086 Y162.103
N2702 X139.513 Y162.436
N2704 X140.505 Y163.142
N2706 X140.979 Y163.439
N2708 X141.635 Y163.808
N2710 X142.203 Y164.119
N2712 X142.445 Y164.239
N2714 X143.044 Y164.497
N2716 X143.911 Y164.851
N2718 X144.453 Y165.043
N2720 X145.866 Y165.449
N2722 X146.381 Y165.559
N2724 X147.645 Y165.761
N2726 X148.082 Y165.812
N2728 X148.798 Y165.862
N2730 X149.468 Y165.892
N2732 X149.953 Y165.896
N2734 X150.752 Y165.862
N2736 X151.332 Y165.823
N2738 X151.277 Y165.226
N2740 X151.73 Y165.18
N2742 X152.206 Y165.109
N2744 X152.792 Y165.012
N2746 X153.401 Y164.892
N2748 X154.062 Y164.719
N2750 X154.751 Y164.519
N2752 X155.495 Y164.263
N2754 X156.324 Y163.923
N2756 X156.974 Y163.631
N2758 X157.245 Y163.49
N2760 X158.082 Y163.025
N2762 X158.363 Y162.861
N2764 X158.689 Y162.653
N2766 X159.386 Y162.164
N2768 X160.037 Y161.676
N2770 X160.601 Y161.187
N2772 X161.137 Y160.698
N2774 X161.614 Y160.209
N2776 X162.056 Y159.721
N2778 X162.48 Y159.232
N2780 X162.969 Y158.578
N2782 X163.457 Y157.884
N2784 X163.662 Y157.561
N2786 X164.103 Y156.788
N2788 X164.368 Y156.299
N2790 X164.435 Y156.168
N2792 X164.723 Y155.523
N2794 X165.064 Y154.692
N2796 X165.346 Y153.856
N2798 X165.521 Y153.258
N2800 X165.691 Y152.599
N2802 X165.829 Y151.901
N2804 X165.912 Y151.412
N2806 X165.992 Y150.832
N2808 X166.065 Y149.781
N2810 X166.091 Y149.267
N2812 X166.094 Y148.774
N2814 X166.061 Y147.991
N2816 X166.019 Y147.383
N2818 X165.97 Y146.944
N2820 X165.828 Y146.036
N2822 X165.74 Y145.547
N2824 X165.623 Y145.058
N2826 X165.351 Y144.081
N2828 X165.188 Y143.592
N2830 X164.923 Y142.913
N2832 X164.595 Y142.126
N2834 X164.435 Y141.787
N2836 X163.822 Y140.659
N2838 X163.501 Y140.131
N2840 X162.845 Y139.193
N2842 X162.48 Y138.715
N2844 X161.183 Y137.233
N2846 X159.895 Y135.772
N2848 X159.52 Y135.311
N2850 X158.431 Y133.817
N2852 X158.087 Y133.325
N2854 X157.533 Y132.411
N2856 X156.93 Y131.373
N2858 X156.616 Y130.782
N2860 X156.198 Y129.907 Z7.519
N2862 X155.868 Y129.159 Z7.507
N2864 X155.573 Y128.441 Z7.487
N2866 X155.327 Y127.775 Z7.458
N2868 X155.15 Y127.28 Z7.431
N2870 X154.998 Y126.822 Z7.404
N2872 X154.744 Y125.997 Z7.346
N2874 X154.585 Y125.431 Z7.299
N2876 X154.364 Y124.531 Z7.213
N2878 X154.173 Y123.654 Z7.119
N2880 X154.038 Y122.93 Z7.034
N2882 X153.909 Y122.087 Z6.925
N2884 X153.787 Y121.109 Z6.789
N2886 X153.738 Y120.621 Z6.718
N2888 X153.684 Y119.872 Z6.602
N2890 X153.649 Y119.119 Z6.481
N2892 X153.634 Y118.616 Z6.397
N2894 X153.625 Y117.258 Z6.16
N2896 Y115.304 Z5.796
N2898 Y113.304 Z5.401
N2900 Y110.905 Z4.907
N2902 Y104.522 Z3.567
N2904 Y102.185 Z3.09
N2906 Y100.23 Z2.707
N2908 Y98.26 Z2.341
N2910 Y96.672 Z2.062
N2912 Y94.776 Z1.752
N2914 Y93.251 Z1.524
N2916 X153.627 Y92.216 Z1.38
N2918 X153.64 Y91.339 Z1.264
N2920 X153.655 Y90.836 Z1.202
N2922 X153.684 Y90.273 Z1.134
N2924 X153.754 Y89.41 Z1.038
N2926 X153.833 Y88.703 Z0.964
N2928 X153.947 Y87.874 Z0.884
N2930 X154.025 Y87.386 Z0.84
N2932 X154.112 Y86.897 Z0.799
N2934 X154.212 Y86.408 Z0.76
N2936 X154.365 Y85.727 Z0.713
N2938 X154.564 Y84.942 Z0.662
N2940 X154.702 Y84.453 Z0.636
N2942 X154.936 Y83.69 Z0.598
N2944 X155.167 Y83.004 Z0.571
N2946 X155.477 Y82.171 Z0.546
N2948 X155.743 Y81.521 Z0.533
N2950 X156.128 Y80.648 Z0.522
N2952 X156.415 Y80.054 Z0.52
N2954 X156.711 Y79.471
N2956 X157.208 Y78.588
N2958 X158.082 Y77.134
N2960 X158.787 Y76.144
N2962 X159.548 Y75.105
N2964 X160.037 Y74.519
N2966 X162.386 Y71.84
N2968 X162.48 Y71.73
N2970 X162.969 Y71.08
N2972 X163.521 Y70.279
N2974 X163.632 Y70.104
N2976 X163.946 Y69.567
N2978 X164.435 Y68.657
N2980 X164.717 Y68.043
N2982 X165.05 Y67.22
N2984 X165.325 Y66.457
N2986 X165.519 Y65.774
N2988 X165.69 Y65.114
N2990 X165.828 Y64.414
N2992 X165.979 Y63.437
N2994 X166.04 Y62.809
N2996 X166.084 Y61.971
N2998 X166.095 Y61.482
N3000 X166.094 Y61.289
N3002 X166.055 Y60.504
N3004 X166.015 Y59.901
N3006 X165.975 Y59.453
N3008 X165.914 Y59.025
N3010 X165.739 Y58.061
N3012 X165.626 Y57.572
N3014 X165.412 Y56.817
N3016 X165.19 Y56.106
N3018 X164.985 Y55.556
N3020 X164.55 Y54.524
N3022 X164.396 Y54.19
N3024 X163.83 Y53.173
N3026 X163.509 Y52.634
N3028 X162.85 Y51.707
N3030 X162.484 Y51.218
N3032 X161.797 Y50.438
N3034 X161.503 Y50.115
N3036 X161.078 Y49.688
N3038 X160.282 Y48.986
N3040 X160.038 Y48.774
N3042 X159.482 Y48.352
N3044 X158.622 Y47.747
N3046 X158.01 Y47.381
N3048 X156.985 Y46.819
N3050 X156.616 Y46.651
N3052 X155.639 Y46.244
N3054 X155.15 Y46.06
N3056 X154.613 Y45.89
N3058 X153.684 Y45.625
N3060 X153.467 Y45.57
N3062 X153.063 Y45.485
N3064 X151.804 Y45.279
N3066 X151.241 Y45.22
N3068 X150.444 Y45.173
N3070 X149.973 Y45.155
N3072 X149.481 Y45.158
N3074 X148.798 Y45.189
N3076 X148.309 Y45.221
N3078 X147.82 Y45.27
N3080 X147.345 Y45.34
N3082 X146.76 Y45.436
N3084 X146.15 Y45.557
N3086 X145.487 Y45.731
N3088 X144.799 Y45.931
N3090 X144.055 Y46.187
N3092 X143.225 Y46.528
N3094 X142.576 Y46.819
N3096 X142.304 Y46.96
N3098 X141.468 Y47.425
N3100 X141.186 Y47.589
N3102 X140.861 Y47.797
N3104 X140.164 Y48.286
N3106 X139.514 Y48.774
N3108 X138.95 Y49.263
N3110 X138.414 Y49.752
N3112 X137.934 Y50.241
N3114 X137.493 Y50.729
N3116 X137.07 Y51.218
N3118 X136.581 Y51.872
N3120 X136.092 Y52.566
N3122 X135.888 Y52.889
N3124 X135.447 Y53.662
N3126 X135.182 Y54.151
N3128 X135.115 Y54.283
N3130 X134.828 Y54.927
N3132 X134.486 Y55.757
N3134 X134.204 Y56.594
N3136 X134.029 Y57.192
N3138 X133.859 Y57.851
N3140 X133.736 Y58.462
N3142 X133.631 Y59.056
N3144 X133.557 Y59.619
N3146 X133.485 Y60.668
N3148 X133.459 Y61.183
N3150 X133.455 Y61.675
N3152 X133.489 Y62.459
N3154 X133.53 Y63.067
N3156 X133.58 Y63.506
N3158 X133.722 Y64.414
N3160 X133.81 Y64.903
N3162 X133.927 Y65.392
N3164 X134.199 Y66.369
N3166 X134.362 Y66.858
N3168 X134.626 Y67.536
N3170 X134.955 Y68.324
N3172 X135.167 Y68.761
N3174 X135.728 Y69.791
N3176 X136.049 Y70.319
N3178 X136.705 Y71.257
N3180 X137.077 Y71.739
N3182 X138.328 Y73.17
N3184 X139.656 Y74.678
N3186 X140.03 Y75.139
N3188 X141.118 Y76.633
N3190 X141.463 Y77.125
N3192 X142.445 Y78.761
N3194 X142.734 Y79.277
N3196 X142.934 Y79.649
N3198 X143.389 Y80.576 Z0.523
N3200 X143.691 Y81.252 Z0.528
N3202 X144.009 Y82.009 Z0.542
N3204 X144.4 Y83.052 Z0.573
N3206 X144.615 Y83.691 Z0.598
N3208 X144.888 Y84.587 Z0.642
N3210 X145.067 Y85.252 Z0.682
N3212 X145.227 Y85.919 Z0.726
N3214 X145.377 Y86.597 Z0.776
N3216 X145.525 Y87.386 Z0.84
N3218 X145.638 Y88.102 Z0.905
N3220 X145.749 Y88.969 Z0.991
N3222 X145.796 Y89.41 Z1.038
N3224 X145.868 Y90.318 Z1.139
N3226 X145.893 Y90.779 Z1.195
N3228 X145.912 Y91.296 Z1.258
N3230 X145.923 Y92.216 Z1.38
N3232 X145.925 Y93.739 Z1.594
N3234 Y95.572 Z1.879
N3236 Y97.161 Z2.145
N3238 Y98.979 Z2.471
N3240 Y100.934 Z2.842
N3242 Y103.24 Z3.302
N3244 Y106.471 Z3.974
N3246 Y112.297 Z5.195
N3248 Y114.756 Z5.689
N3250 X145.924 Y116.711 Z6.06
N3252 X145.92 Y118.177 Z6.323
N3254 X145.901 Y119.154 Z6.487
N3256 X145.866 Y119.9 Z6.607
N3258 X145.807 Y120.679 Z6.727
N3260 X145.751 Y121.224 Z6.806
N3262 X145.64 Y122.087 Z6.925
N3264 X145.542 Y122.741 Z7.01
N3266 X145.377 Y123.656 Z7.119
N3268 X145.185 Y124.531 Z7.213
N3270 X144.944 Y125.508 Z7.306
N3272 X144.771 Y126.114 Z7.354
N3274 X144.477 Y127.051 Z7.418
N3276 X144.303 Y127.56 Z7.448
N3278 X143.975 Y128.441 Z7.487
N3280 X143.682 Y129.158 Z7.507
N3282 X143.352 Y129.907 Z7.518
N3284 X142.934 Y130.781 Z7.52
N3286 X142.824 Y130.994
N3288 X142.339 Y131.862
N3290 X141.758 Y132.839
N3292 X141.444 Y133.351
N3294 X140.763 Y134.306
N3296 X140.002 Y135.345
N3298 X139.513 Y135.932
N3300 X137.141 Y138.633
N3302 X137.07 Y138.717
N3304 X136.581 Y139.37
N3306 X136.028 Y140.171
N3308 X135.915 Y140.348
N3310 X135.604 Y140.885
N3312 X135.115 Y141.794
N3314 X134.834 Y142.407
N3316 X134.5 Y143.229
N3318 X134.225 Y143.993
N3320 X134.031 Y144.676
N3322 X133.86 Y145.336
N3324 X133.722 Y146.036
N3326 X133.571 Y147.013
N3328 X133.51 Y147.641
N3330 X133.465 Y148.479
N3332 X133.455 Y148.968
N3334 X133.456 Y149.161
N3336 X133.476 Y149.63
N3338 X133.535 Y150.548
N3340 X133.578 Y150.994
N3342 X133.64 Y151.421
N3344 X133.784 Y152.254
N3346 X133.869 Y152.657
N3348 X133.969 Y153.047
N3350 X134.204 Y153.856
N3352 X134.36 Y154.344
N3354 X134.565 Y154.894
N3356 X135. Y155.926
N3358 X135.154 Y156.26
N3360 X135.72 Y157.277
N3362 X136.041 Y157.816
N3364 X136.698 Y158.743
N3366 X137.065 Y159.232
N3368 X137.753 Y160.012
N3370 X138.047 Y160.335
N3372 X138.472 Y160.762
N3374 X139.509 Y161.676
N3376 X140.068 Y162.098
N3378 X140.928 Y162.703
N3380 X141.54 Y163.069
N3382 X142.564 Y163.631
N3384 X142.934 Y163.799
N3386 X143.911 Y164.206
N3388 X144.4 Y164.39
N3390 X144.937 Y164.559
N3392 X145.866 Y164.825
N3394 X146.354 Y164.939
N3396 X147.323 Y165.106
N3398 X147.82 Y165.181
N3400 X148.309 Y165.23
N3402 X149.106 Y165.277
N3404 X149.577 Y165.295
N3406 X150.068 Y165.292
N3408 X150.752 Y165.261
N3410 X151.277 Y165.226
N3412 X151.217 Y164.632
N3414 X151.481 Y164.608
N3416 X151.768 Y164.569
N3418 X152.707 Y164.415
N3420 X152.942 Y164.373
N3422 X153.571 Y164.232
N3424 X154.253 Y164.039
N3426 X154.958 Y163.823
N3428 X155.46 Y163.631
N3430 X156.128 Y163.35
N3432 X156.623 Y163.135
N3434 X157.682 Y162.565
N3436 X158.336 Y162.164
N3438 X159.108 Y161.627
N3440 X159.677 Y161.187
N3442 X160.245 Y160.698
N3444 X160.526 Y160.444
N3446 X160.774 Y160.209
N3448 X161.014 Y159.967
N3450 X161.503 Y159.437
N3452 X161.992 Y158.872
N3454 X162.464 Y158.254
N3456 X162.969 Y157.531
N3458 X163.363 Y156.882
N3460 X163.941 Y155.811
N3462 X164.36 Y154.833
N3464 X164.551 Y154.344
N3466 X164.62 Y154.159
N3468 X164.923 Y153.166
N3470 X165.033 Y152.768
N3472 X165.174 Y152.139
N3474 X165.302 Y151.412
N3476 X165.376 Y150.923
N3478 X165.423 Y150.434
N3480 X165.487 Y149.382
N3482 X165.498 Y148.882
N3484 X165.482 Y148.409
N3486 X165.429 Y147.485
N3488 X165.375 Y147.013
N3490 X165.219 Y146.036
N3492 X165.125 Y145.547
N3494 X164.985 Y144.996
N3496 X164.768 Y144.236
N3498 X164.647 Y143.868
N3500 X164.516 Y143.511
N3502 X164.152 Y142.614
N3504 X163.938 Y142.133
N3506 X163.408 Y141.148
N3508 X163.064 Y140.564
N3510 X162.798 Y140.171
N3512 X162.467 Y139.695
N3514 X162.049 Y139.136
N3516 X161.014 Y137.949
N3518 X159.534 Y136.275
N3520 X159.06 Y135.697
N3522 X157.857 Y134.042
N3524 X157.594 Y133.662
N3526 X157.105 Y132.864
N3528 X156.517 Y131.862
N3530 X156.205 Y131.296
N3532 X155.881 Y130.642
N3534 X155.639 Y130.126 Z7.519
N3536 X155.329 Y129.418 Z7.512
N3538 X155.124 Y128.929 Z7.502
N3540 X154.802 Y128.093 Z7.473
N3542 X154.537 Y127.338 Z7.434
N3544 X154.264 Y126.486 Z7.382
N3546 X154.099 Y125.922 Z7.34
N3548 X153.923 Y125.258 Z7.283
N3550 X153.747 Y124.531 Z7.213
N3552 X153.63 Y123.987 Z7.156
N3554 X153.454 Y123.064 Z7.051
N3556 X153.32 Y122.211 Z6.942
N3558 X153.196 Y121.234 Z6.807
N3560 X153.131 Y120.556 Z6.708
N3562 X153.093 Y120.03 Z6.627
N3564 X153.046 Y119.004 Z6.462
N3566 X153.03 Y118.177 Z6.323
N3568 X153.025 Y116.711 Z6.06
N3570 Y114.926 Z5.722
N3572 Y113.051 Z5.349
N3574 Y110.528 Z4.828
N3576 Y104.577 Z3.578
N3578 Y102.17 Z3.087
N3580 Y100.215 Z2.704
N3582 Y98.26 Z2.341
N3584 Y96.672 Z2.062
N3586 Y95.206 Z1.819
N3588 Y93.739 Z1.594
N3590 X153.03 Y91.95 Z1.344
N3592 X153.052 Y90.95 Z1.216
N3594 X153.088 Y90.211 Z1.127
N3596 X153.122 Y89.755 Z1.076
N3598 X153.212 Y88.852 Z0.979
N3600 X153.282 Y88.277 Z0.922
N3602 X153.417 Y87.386 Z0.84
N3604 X153.577 Y86.516 Z0.769
N3606 X153.709 Y85.894 Z0.724
N3608 X153.945 Y84.942 Z0.662
N3610 X154.078 Y84.453 Z0.636
N3612 X154.242 Y83.895 Z0.607
N3614 X154.571 Y82.896 Z0.567
N3616 X154.743 Y82.417 Z0.552
N3618 X155.092 Y81.521 Z0.532
N3620 X155.517 Y80.543 Z0.521
N3622 X155.845 Y79.848 Z0.52
N3624 X156.128 Y79.293
N3626 X156.381 Y78.823
N3628 X156.801 Y78.099
N3630 X157.39 Y77.122
N3632 X157.594 Y76.793
N3634 X157.943 Y76.284
N3636 X159.06 Y74.757
N3638 X159.527 Y74.189
N3640 X161.672 Y71.746
N3642 X162.084 Y71.257
N3644 X162.398 Y70.851
N3646 X162.969 Y70.024
N3648 X163.344 Y69.415
N3650 X163.918 Y68.353
N3652 X164.297 Y67.485
N3654 X164.618 Y66.675
N3656 X164.843 Y65.961
N3658 X165.03 Y65.285
N3660 X165.173 Y64.653
N3662 X165.298 Y63.926
N3664 X165.367 Y63.482
N3666 X165.412 Y63.128
N3668 X165.431 Y62.929
N3670 X165.489 Y61.894
N3672 X165.498 Y61.396
N3674 X165.48 Y60.926
N3676 X165.412 Y59.868
N3678 X165.381 Y59.527
N3680 X165.306 Y59.038
N3682 X165.174 Y58.299
N3684 X165.088 Y57.896
N3686 X164.988 Y57.507
N3688 X164.717 Y56.594
N3690 X164.522 Y56.018
N3692 X164.383 Y55.669
N3694 X163.946 Y54.639
N3696 X163.606 Y54.002
N3698 X163.135 Y53.173
N3700 X162.969 Y52.911
N3702 X162.47 Y52.206
N3704 X162.053 Y51.645
N3706 X161.69 Y51.218
N3708 X161.014 Y50.472
N3710 X160.785 Y50.241
N3712 X160.247 Y49.752
N3714 X159.61 Y49.202
N3716 X159.06 Y48.788
N3718 X158.345 Y48.286
N3720 X158.082 Y48.119
N3722 X157.569 Y47.821
N3724 X156.619 Y47.308
N3726 X155.933 Y47.014
N3728 X155.239 Y46.731
N3730 X154.662 Y46.533
N3732 X153.684 Y46.247
N3734 X153.196 Y46.125
N3736 X152.544 Y46.005
N3738 X151.702 Y45.869
N3740 X151.262 Y45.821
N3742 X150.264 Y45.764
N3744 X149.775 Y45.752
N3746 X149.286 Y45.764
N3748 X148.333 Y45.818
N3750 X148.071 Y45.842
N3752 X147.782 Y45.88
N3754 X146.843 Y46.033
N3756 X146.61 Y46.075
N3758 X145.979 Y46.218
N3760 X145.297 Y46.411
N3762 X144.591 Y46.628
N3764 X144.09 Y46.819
N3766 X143.422 Y47.1
N3768 X142.926 Y47.315
N3770 X141.868 Y47.885
N3772 X141.214 Y48.286
N3774 X140.44 Y48.825
N3776 X139.873 Y49.263
N3778 X139.306 Y49.752
N3780 X138.776 Y50.241
N3782 X138.536 Y50.482
N3784 X138.047 Y51.012
N3786 X137.558 Y51.578
N3788 X137.086 Y52.196
N3790 X136.581 Y52.919
N3792 X136.187 Y53.567
N3794 X135.609 Y54.639
N3796 X135.19 Y55.617
N3798 X134.999 Y56.106
N3800 X134.93 Y56.291
N3802 X134.626 Y57.285
N3804 X134.517 Y57.682
N3806 X134.376 Y58.311
N3808 X134.246 Y59.038
N3810 X134.172 Y59.527
N3812 X134.127 Y60.016
N3814 X134.063 Y61.068
N3816 X134.051 Y61.568
N3818 X134.068 Y62.041
N3820 X134.121 Y62.965
N3822 X134.175 Y63.437
N3824 X134.331 Y64.414
N3826 X134.425 Y64.903
N3828 X134.565 Y65.454
N3830 X134.782 Y66.214
N3832 X134.903 Y66.582
N3834 X135.034 Y66.939
N3836 X135.398 Y67.836
N3838 X135.612 Y68.316
N3840 X136.141 Y69.302
N3842 X136.486 Y69.886
N3844 X136.752 Y70.279
N3846 X137.083 Y70.754
N3848 X137.502 Y71.311
N3850 X138.517 Y72.477
N3852 X140.016 Y74.175
N3854 X140.49 Y74.753
N3856 X141.693 Y76.408
N3858 X141.956 Y76.788
N3860 X142.445 Y77.589
N3862 X143.037 Y78.588
N3864 X143.422 Y79.289
N3866 X143.911 Y80.277 Z0.521
N3868 X144.25 Y81.032 Z0.525
N3870 X144.499 Y81.62 Z0.534
N3872 X144.888 Y82.64 Z0.559
N3874 X145.077 Y83.176 Z0.577
N3876 X145.377 Y84.121 Z0.618
N3878 X145.606 Y84.942 Z0.663
N3880 X145.756 Y85.54 Z0.7
N3882 X145.949 Y86.408 Z0.761
N3884 X146.094 Y87.157 Z0.821
N3886 X146.21 Y87.874 Z0.884
N3888 X146.28 Y88.363 Z0.931
N3890 X146.389 Y89.306 Z1.026
N3892 X146.441 Y89.916 Z1.094
N3894 X146.5 Y90.952 Z1.216
N3896 X146.518 Y91.784 Z1.321
N3898 X146.525 Y93.739 Z1.594
N3900 Y95.572 Z1.879
N3902 Y97.161 Z2.145
N3904 Y98.993 Z2.474
N3906 Y100.948 Z2.845
N3908 Y103.27 Z3.308
N3910 Y106.936 Z4.072
N3912 Y112.269 Z5.19
N3914 Y114.756 Z5.69
N3916 X146.524 Y116.711 Z6.06
N3918 X146.516 Y118.503 Z6.378
N3920 X146.495 Y119.295 Z6.51
N3922 X146.445 Y120.222 Z6.657
N3924 X146.354 Y121.236 Z6.808
N3926 X146.229 Y122.212 Z6.942
N3928 X146.096 Y123.064 Z7.051
N3930 X145.984 Y123.671 Z7.121
N3932 X145.866 Y124.245 Z7.183
N3934 X145.685 Y125.019 Z7.261
N3936 X145.451 Y125.922 Z7.339
N3938 X145.246 Y126.616 Z7.391
N3940 X144.97 Y127.463 Z7.443
N3942 X144.798 Y127.952 Z7.468
N3944 X144.446 Y128.883 Z7.5
N3946 X144.09 Y129.728 Z7.516
N3948 X143.787 Y130.396 Z7.52
N3950 X143.422 Y131.141
N3952 X143.158 Y131.637
N3954 X142.748 Y132.351
N3956 X142.46 Y132.839
N3958 X141.956 Y133.658
N3960 X141.608 Y134.165
N3962 X140.49 Y135.694
N3964 X140.002 Y136.286
N3966 X137.875 Y138.704
N3968 X137.558 Y139.075
N3970 X137.151 Y139.6
N3972 X136.581 Y140.425
N3974 X136.207 Y141.033
N3976 X135.604 Y142.157
N3978 X135.254 Y142.964
N3980 X134.933 Y143.774
N3982 X134.707 Y144.488
N3984 X134.52 Y145.164
N3986 X134.377 Y145.796
N3988 X134.252 Y146.524
N3990 X134.183 Y146.968
N3992 X134.138 Y147.324
N3994 X134.119 Y147.52
N3996 X134.061 Y148.556
N3998 X134.052 Y149.054
N4000 X134.07 Y149.524
N4002 X134.138 Y150.574
N4004 X134.172 Y150.923
N4006 X134.301 Y151.737
N4008 X134.424 Y152.389
N4010 X134.562 Y152.943
N4012 X134.833 Y153.856
N4014 X135.028 Y154.431
N4016 X135.167 Y154.781
N4018 X135.604 Y155.81
N4020 X135.944 Y156.448
N4022 X136.415 Y157.277
N4024 X136.581 Y157.54
N4026 X137.079 Y158.245
N4028 X137.496 Y158.805
N4030 X137.86 Y159.232
N4032 X138.536 Y159.978
N4034 X138.765 Y160.209
N4036 X139.304 Y160.698
N4038 X139.94 Y161.249
N4040 X140.49 Y161.662
N4042 X141.205 Y162.164
N4044 X141.468 Y162.331
N4046 X141.981 Y162.628
N4048 X142.931 Y163.142
N4050 X143.617 Y163.436
N4052 X144.311 Y163.719
N4054 X144.888 Y163.917
N4056 X145.866 Y164.203
N4058 X146.354 Y164.325
N4060 X146.843 Y164.418
N4062 X147.847 Y164.581
N4064 X148.288 Y164.629
N4066 X149.286 Y164.686
N4068 X149.775 Y164.698
N4070 X150.264 Y164.686
N4072 X151.217 Y164.632
N4074 X151.173 Y164.029
N4076 X151.345 Y164.015
N4078 X151.91 Y163.939
N4080 X152.707 Y163.805
N4082 X153.196 Y163.706
N4084 X153.5 Y163.631
N4086 X154.449 Y163.354
N4088 X155.064 Y163.142
N4090 X156.128 Y162.698
N4092 X156.226 Y162.653
N4094 X157.029 Y162.24
N4096 X157.594 Y161.913
N4098 X157.99 Y161.676
N4100 X158.571 Y161.272
N4102 X159.06 Y160.905
N4104 X159.323 Y160.698
N4106 X159.892 Y160.209
N4108 X160.416 Y159.721
N4110 X160.526 Y159.611
N4112 X161.014 Y159.083
N4114 X161.503 Y158.517
N4116 X161.992 Y157.881
N4118 X162.419 Y157.277
N4120 X162.48 Y157.185
N4122 X163.042 Y156.226
N4124 X163.457 Y155.416
N4126 X163.708 Y154.833
N4128 X163.946 Y154.252
N4130 X164.153 Y153.649
N4132 X164.435 Y152.687
N4134 X164.53 Y152.295
N4136 X164.646 Y151.689
N4138 X164.741 Y151.106
N4140 X164.809 Y150.549
N4142 X164.88 Y149.5
N4144 X164.902 Y148.968
N4146 X164.887 Y148.516
N4148 X164.833 Y147.593
N4150 X164.766 Y147.013
N4152 X164.61 Y146.036
N4154 X164.497 Y145.485
N4156 X164.241 Y144.569
N4158 X164.051 Y143.976
N4160 X163.915 Y143.623
N4162 X163.487 Y142.586
N4164 X163.155 Y141.94
N4166 X162.808 Y141.308
N4168 X162.627 Y141.001
N4170 X162.437 Y140.702
N4172 X161.992 Y140.064
N4174 X161.619 Y139.565
N4176 X161.306 Y139.193
N4178 X159.06 Y136.642
N4180 X158.666 Y136.165
N4182 X158.186 Y135.519
N4184 X157.308 Y134.306
N4186 X157.029 Y133.892
N4188 X156.393 Y132.839
N4190 X155.937 Y132.053
N4192 X155.639 Y131.508
N4194 X155.273 Y130.761
N4196 X154.967 Y130.09 Z7.519
N4198 X154.662 Y129.383 Z7.512
N4200 X154.293 Y128.441 Z7.487
N4202 X154.082 Y127.861 Z7.462
N4204 X153.788 Y126.974 Z7.413
N4206 X153.639 Y126.486 Z7.382
N4208 X153.434 Y125.758 Z7.326
N4210 X153.196 Y124.805 Z7.24
N4212 X153.03 Y124.042 Z7.163
N4214 X152.874 Y123.231 Z7.07
N4216 X152.766 Y122.576 Z6.989
N4218 X152.642 Y121.663 Z6.868
N4220 X152.568 Y120.97 Z6.769
N4222 X152.501 Y120.132 Z6.643
N4224 X152.461 Y119.401 Z6.527
N4226 X152.437 Y118.666 Z6.405
N4228 X152.427 Y117.688 Z6.236
N4230 X152.425 Y115.733 Z5.878
N4232 Y113.571 Z5.455
N4234 Y111.128 Z4.954
N4236 Y104.492 Z3.56
N4238 Y102.255 Z3.103
N4240 Y100.215 Z2.704
N4242 Y98.42 Z2.369
N4244 Y96.672 Z2.062
N4246 Y95.206 Z1.819
N4248 Y93.739 Z1.594
N4250 X152.432 Y91.784 Z1.321
N4252 X152.458 Y90.807 Z1.198
N4254 X152.495 Y90.106 Z1.115
N4256 X152.558 Y89.341 Z1.03
N4258 X152.618 Y88.763 Z0.97
N4260 X152.736 Y87.845 Z0.881
N4262 X152.893 Y86.897 Z0.799
N4264 X153.023 Y86.236 Z0.748
N4266 X153.196 Y85.459 Z0.695
N4268 X153.368 Y84.769 Z0.653
N4270 X153.597 Y83.964 Z0.61
N4272 X153.746 Y83.476 Z0.589
N4274 X153.974 Y82.788 Z0.564
N4276 X154.233 Y82.069 Z0.543
N4278 X154.508 Y81.367 Z0.53
N4280 X154.65 Y81.021 Z0.526
N4282 X154.95 Y80.343 Z0.521
N4284 X155.15 Y79.908 Z0.52
N4286 X155.564 Y79.077
N4288 X156.068 Y78.159
N4290 X156.793 Y76.945
N4292 X157.105 Y76.445
N4294 X157.658 Y75.656
N4296 X158.571 Y74.413
N4298 X159.06 Y73.816
N4300 X161.301 Y71.257
N4302 X161.503 Y71.017
N4304 X161.992 Y70.383
N4306 X162.404 Y69.791
N4308 X162.48 Y69.676
N4310 X163.019 Y68.763
N4312 X163.495 Y67.836
N4314 X163.946 Y66.748
N4316 X164.157 Y66.158
N4318 X164.435 Y65.191
N4320 X164.529 Y64.809
N4322 X164.645 Y64.204
N4324 X164.763 Y63.437
N4326 X164.823 Y62.948
N4328 X164.859 Y62.459
N4330 X164.883 Y62.011
N4332 X164.902 Y61.482
N4334 X164.885 Y61.032
N4336 X164.819 Y60.016
N4338 X164.771 Y59.527
N4340 X164.697 Y59.038
N4342 X164.583 Y58.401
N4344 X164.498 Y57.997
N4346 X164.394 Y57.612
N4348 X164.088 Y56.594
N4350 X163.913 Y56.106
N4352 X163.457 Y55.021
N4354 X163.268 Y54.639
N4356 X162.814 Y53.816
N4358 X162.48 Y53.258
N4360 X161.834 Y52.353
N4362 X161.503 Y51.92
N4364 X161.177 Y51.544
N4366 X160.477 Y50.778
N4368 X159.893 Y50.241
N4370 X159.333 Y49.752
N4372 X158.904 Y49.419
N4374 X158.335 Y49.01
N4376 X157.997 Y48.774
N4378 X157.44 Y48.439
N4380 X156.616 Y47.987
N4382 X156.162 Y47.762
N4384 X155.071 Y47.308
N4386 X154.662 Y47.162
N4388 X154.024 Y46.969
N4390 X153.263 Y46.752
N4392 X152.707 Y46.642
N4394 X151.73 Y46.483
N4396 X151.155 Y46.417
N4398 X150.232 Y46.363
N4400 X149.758 Y46.348
N4402 X149.251 Y46.366
N4404 X148.733 Y46.395
N4406 X148.204 Y46.435
N4408 X147.641 Y46.51
N4410 X147.058 Y46.604
N4412 X146.455 Y46.719
N4414 X146.05 Y46.819
N4416 X145.1 Y47.096
N4418 X144.486 Y47.308
N4420 X143.422 Y47.752
N4422 X143.324 Y47.797
N4424 X142.521 Y48.21
N4426 X141.956 Y48.537
N4428 X141.56 Y48.774
N4430 X140.979 Y49.178
N4432 X140.49 Y49.546
N4434 X140.228 Y49.752
N4436 X139.659 Y50.241
N4438 X139.133 Y50.729
N4440 X139.024 Y50.838
N4442 X138.536 Y51.366
N4444 X138.047 Y51.933
N4446 X137.558 Y52.569
N4448 X137.131 Y53.173
N4450 X137.07 Y53.265
N4452 X136.508 Y54.224
N4454 X136.092 Y55.034
N4456 X135.842 Y55.617
N4458 X135.604 Y56.199
N4460 X135.397 Y56.801
N4462 X135.115 Y57.764
N4464 X135.021 Y58.155
N4466 X134.903 Y58.762
N4468 X134.806 Y59.347
N4470 X134.731 Y60.016
N4472 X134.669 Y60.95
N4474 X134.648 Y61.482
N4476 X134.663 Y61.934
N4478 X134.717 Y62.857
N4480 X134.784 Y63.437
N4482 X134.94 Y64.414
N4484 X135.053 Y64.965
N4486 X135.309 Y65.881
N4488 X135.499 Y66.474
N4490 X135.635 Y66.827
N4492 X136.063 Y67.864
N4494 X136.395 Y68.51
N4496 X136.741 Y69.141
N4498 X136.923 Y69.449
N4500 X137.113 Y69.747
N4502 X137.558 Y70.386
N4504 X137.841 Y70.768
N4506 X138.154 Y71.15
N4508 X139.213 Y72.358
N4510 X140.49 Y73.807
N4512 X140.884 Y74.285
N4514 X141.364 Y74.931
N4516 X142.242 Y76.144
N4518 X142.52 Y76.558
N4520 X143.439 Y78.083
N4522 X143.791 Y78.708
N4524 X143.988 Y79.077
N4526 X144.447 Y80.007
N4528 X144.751 Y80.68 Z0.524
N4530 X144.888 Y80.996 Z0.525
N4532 X145.244 Y81.876 Z0.539
N4534 X145.528 Y82.65 Z0.559
N4536 X145.806 Y83.476 Z0.589
N4538 X145.993 Y84.092 Z0.616
N4540 X146.253 Y85.043 Z0.67
N4542 X146.348 Y85.431 Z0.693
N4544 X146.56 Y86.408 Z0.761
N4546 X146.723 Y87.266 Z0.83
N4548 X146.843 Y88.044 Z0.9
N4550 X146.941 Y88.852 Z0.979
N4552 X147.009 Y89.507 Z1.048
N4554 X147.068 Y90.318 Z1.139
N4556 X147.102 Y91.036 Z1.226
N4558 X147.121 Y91.995 Z1.35
N4560 X147.125 Y93.739 Z1.594
N4562 Y95.572 Z1.879
N4564 Y97.161 Z2.145
N4566 Y98.993 Z2.474
N4568 Y100.948 Z2.845
N4570 Y103.27 Z3.308
N4572 Y106.602 Z4.001
N4574 Y112.03 Z5.141
N4576 Y114.756 Z5.69
N4578 X147.124 Y116.711 Z6.06
N4580 X147.118 Y118.391 Z6.359
N4582 X147.1 Y119.154 Z6.487
N4584 X147.066 Y119.909 Z6.608
N4586 X147.013 Y120.621 Z6.718
N4588 X146.968 Y121.109 Z6.789
N4590 X146.914 Y121.598 Z6.859
N4592 X146.843 Y122.158 Z6.935
N4594 X146.706 Y123.064 Z7.051
N4596 X146.521 Y124.042 Z7.163
N4598 X146.354 Y124.801 Z7.239
N4600 X146.121 Y125.741 Z7.325
N4602 X145.866 Y126.641 Z7.392
N4604 X145.602 Y127.463 Z7.443
N4606 X145.377 Y128.118 Z7.474
N4608 X145.069 Y128.929 Z7.502
N4610 X144.874 Y129.418 Z7.513
N4612 X144.447 Y130.396 Z7.52
N4614 X143.977 Y131.373
N4616 X143.444 Y132.351
N4618 X142.761 Y133.501
N4620 X142.445 Y134.006
N4622 X141.892 Y134.794
N4624 X140.979 Y136.037
N4626 X140.49 Y136.635
N4628 X139.326 Y137.961
N4630 X138.247 Y139.193
N4632 X138.047 Y139.43
N4634 X137.558 Y140.067
N4636 X137.145 Y140.659
N4638 X137.07 Y140.773
N4640 X136.534 Y141.684
N4642 X136.055 Y142.614
N4644 X135.604 Y143.703
N4646 X135.393 Y144.291
N4648 X135.115 Y145.26
N4650 X135.021 Y145.64
N4652 X134.905 Y146.245
N4654 X134.787 Y147.013
N4656 X134.727 Y147.502
N4658 X134.691 Y147.991
N4660 X134.667 Y148.439
N4662 X134.648 Y148.968
N4664 X134.665 Y149.418
N4666 X134.731 Y150.434
N4668 X134.782 Y150.923
N4670 X134.893 Y151.634
N4672 X134.967 Y152.048
N4674 X135.051 Y152.453
N4676 X135.167 Y152.878
N4678 X135.462 Y153.856
N4680 X135.637 Y154.344
N4682 X136.092 Y155.428
N4684 X136.282 Y155.811
N4686 X136.736 Y156.633
N4688 X137.07 Y157.192
N4690 X137.558 Y157.884
N4692 X137.925 Y158.376
N4694 X138.144 Y158.645
N4696 X138.837 Y159.419
N4698 X139.121 Y159.721
N4700 X139.657 Y160.209
N4702 X140.216 Y160.698
N4704 X140.49 Y160.915
N4706 X140.928 Y161.237
N4708 X141.553 Y161.676
N4710 X142.11 Y162.011
N4712 X142.934 Y162.463
N4714 X143.388 Y162.687
N4716 X144.479 Y163.142
N4718 X144.888 Y163.287
N4720 X145.526 Y163.481
N4722 X146.287 Y163.697
N4724 X146.843 Y163.809
N4726 X147.82 Y163.967
N4728 X148.395 Y164.033
N4730 X149.318 Y164.087
N4732 X149.792 Y164.102
N4734 X150.299 Y164.084
N4736 X151.173 Y164.029
N4738 X151.119 Y163.428
N4740 X151.479 Y163.392
N4742 X152.218 Y163.281
N4744 X152.707 Y163.197
N4746 X152.983 Y163.142
N4748 X153.267 Y163.07
N4750 X153.95 Y162.876
N4752 X154.657 Y162.653
N4754 X155.639 Y162.255
N4756 X155.848 Y162.164
N4758 X156.391 Y161.9
N4760 X156.808 Y161.676
N4762 X157.594 Y161.217
N4764 X158.338 Y160.698
N4766 X158.975 Y160.209
N4768 X159.599 Y159.67
N4770 X160.061 Y159.232
N4772 X160.515 Y158.743
N4774 X161.014 Y158.169
N4776 X161.503 Y157.53
N4778 X162.022 Y156.788
N4780 X162.48 Y156.
N4782 X162.703 Y155.587
N4784 X162.969 Y155.037
N4786 X163.124 Y154.678
N4788 X163.457 Y153.84
N4790 X163.677 Y153.147
N4792 X163.89 Y152.389
N4794 X163.946 Y152.16
N4796 X164.011 Y151.836
N4798 X164.112 Y151.246
N4800 X164.19 Y150.679
N4802 X164.251 Y149.946
N4804 X164.294 Y149.109
N4806 X164.283 Y148.479
N4808 X164.237 Y147.7
N4810 X164.192 Y147.256
N4812 X164.064 Y146.406
N4814 X163.994 Y145.987
N4816 X163.946 Y145.755
N4818 X163.756 Y145.058
N4820 X163.577 Y144.45
N4822 X163.453 Y144.085
N4824 X163.03 Y143.042
N4826 X162.876 Y142.707
N4828 X162.48 Y141.953
N4830 X162.188 Y141.44
N4832 X161.992 Y141.114
N4834 X161.402 Y140.271
N4836 X161.014 Y139.773
N4838 X159.432 Y137.971
N4840 X158.571 Y136.993
N4842 X158.24 Y136.591
N4844 X158.026 Y136.317
N4846 X156.918 Y134.794
N4848 X156.58 Y134.306
N4850 X155.985 Y133.328
N4852 X155.415 Y132.351
N4854 X155.15 Y131.869
N4856 X154.667 Y130.884
N4858 X154.232 Y129.907 Z7.518
N4860 X153.93 Y129.172 Z7.507
N4862 X153.634 Y128.39 Z7.485
N4864 X153.316 Y127.463 Z7.442
N4866 X153.143 Y126.922 Z7.41
N4868 X152.876 Y125.997 Z7.346
N4870 X152.707 Y125.34 Z7.29
N4872 X152.522 Y124.531 Z7.213
N4874 X152.346 Y123.681 Z7.122
N4876 X152.218 Y122.954 Z7.037
N4878 X152.094 Y122.087 Z6.925
N4880 X152.008 Y121.387 Z6.829
N4882 X151.935 Y120.621 Z6.718
N4884 X151.879 Y119.792 Z6.59
N4886 X151.846 Y119.038 Z6.468
N4888 X151.829 Y118.177 Z6.323
N4890 X151.825 Y116.317 Z5.987
N4892 Y114.267 Z5.593
N4894 Y111.334 Z4.997
N4896 Y104.027 Z3.464
N4898 Y101.512 Z2.956
N4900 Y99.604 Z2.588
N4902 Y98.138 Z2.319
N4904 Y96.672 Z2.062
N4906 Y94.812 Z1.758
N4908 Y93.346 Z1.538
N4910 X151.832 Y91.784 Z1.321
N4912 X151.857 Y90.807 Z1.198
N4914 X151.913 Y89.829 Z1.084
N4916 X151.979 Y89.091 Z1.004
N4918 X152.063 Y88.363 Z0.931
N4920 X152.127 Y87.874 Z0.884
N4922 X152.218 Y87.271 Z0.831
N4924 X152.297 Y86.818 Z0.793
N4926 X152.478 Y85.919 Z0.725
N4928 X152.61 Y85.334 Z0.688
N4930 X152.704 Y84.942 Z0.662
N4932 X152.972 Y83.964 Z0.61
N4934 X153.196 Y83.225 Z0.579
N4936 X153.44 Y82.498 Z0.554
N4938 X153.684 Y81.823 Z0.538
N4940 X154.049 Y80.908 Z0.525
N4942 X154.194 Y80.565 Z0.521
N4944 X154.662 Y79.539 Z0.52
N4946 X155.143 Y78.588
N4948 X155.639 Y77.706
N4950 X156.521 Y76.239
N4952 X156.616 Y76.091
N4954 X157.272 Y75.167
N4956 X158.082 Y74.063
N4958 X158.571 Y73.466
N4960 X159.627 Y72.258
N4962 X160.719 Y71.012
N4964 X161.014 Y70.668
N4966 X161.503 Y70.032
N4968 X162.038 Y69.255
N4970 X162.48 Y68.494
N4972 X162.679 Y68.126
N4974 X162.969 Y67.538
N4976 X163.115 Y67.201
N4978 X163.457 Y66.346
N4980 X163.679 Y65.659
N4982 X163.889 Y64.903
N4984 X163.946 Y64.672
N4986 X164.01 Y64.35
N4988 X164.109 Y63.763
N4990 X164.191 Y63.192
N4992 X164.243 Y62.651
N4994 X164.282 Y61.971
N4996 X164.295 Y61.622
N4998 X164.28 Y60.993
N5000 X164.216 Y60.016
N5002 X164.163 Y59.527
N5004 X164.067 Y58.917
N5006 X163.946 Y58.267
N5008 X163.895 Y58.061
N5010 X163.612 Y57.083
N5012 X163.457 Y56.597
N5014 X163.177 Y55.898
N5016 X162.969 Y55.403
N5018 X162.841 Y55.128
N5020 X162.48 Y54.447
N5022 X162.195 Y53.947
N5024 X161.992 Y53.607
N5026 X161.333 Y52.684
N5028 X160.952 Y52.196
N5030 X160.289 Y51.457
N5032 X160.037 Y51.184
N5034 X159.548 Y50.737
N5036 X158.983 Y50.241
N5038 X158.475 Y49.847
N5040 X157.617 Y49.242
N5042 X157. Y48.879
N5044 X156.366 Y48.536
N5046 X156.042 Y48.371
N5048 X155.705 Y48.22
N5050 X154.668 Y47.797
N5052 X154.173 Y47.639
N5054 X153.16 Y47.344
N5056 X153.018 Y47.308
N5058 X152.707 Y47.249
N5060 X151.73 Y47.091
N5062 X151.241 Y47.031
N5064 X150.589 Y46.983
N5066 X150.122 Y46.961
N5068 X149.639 Y46.955
N5070 X149.131 Y46.974
N5072 X148.611 Y47.006
N5074 X148.071 Y47.057
N5076 X147.332 Y47.167
N5078 X146.843 Y47.252
N5080 X146.564 Y47.308
N5082 X146.283 Y47.379
N5084 X145.6 Y47.574
N5086 X144.894 Y47.797
N5088 X143.911 Y48.195
N5090 X143.702 Y48.286
N5092 X143.158 Y48.55
N5094 X142.742 Y48.774
N5096 X141.956 Y49.233
N5098 X141.212 Y49.752
N5100 X140.575 Y50.241
N5102 X139.934 Y50.796
N5104 X139.488 Y51.218
N5106 X139.033 Y51.707
N5108 X138.536 Y52.28
N5110 X138.047 Y52.92
N5112 X137.528 Y53.662
N5114 X137.07 Y54.451
N5116 X136.847 Y54.862
N5118 X136.581 Y55.414
N5120 X136.426 Y55.771
N5122 X136.092 Y56.61
N5124 X135.873 Y57.302
N5126 X135.66 Y58.061
N5128 X135.604 Y58.291
N5130 X135.539 Y58.613
N5132 X135.435 Y59.206
N5134 X135.358 Y59.772
N5136 X135.299 Y60.504
N5138 X135.256 Y61.341
N5140 X135.267 Y61.971
N5142 X135.313 Y62.75
N5144 X135.358 Y63.193
N5146 X135.486 Y64.044
N5148 X135.556 Y64.462
N5150 X135.604 Y64.694
N5152 X135.794 Y65.392
N5154 X135.973 Y66.
N5156 X136.097 Y66.365
N5158 X136.52 Y67.408
N5160 X136.674 Y67.743
N5162 X137.07 Y68.497
N5164 X137.361 Y69.01
N5166 X137.558 Y69.336
N5168 X138.148 Y70.178
N5170 X138.536 Y70.672
N5172 X139.513 Y71.792
N5174 X140.979 Y73.456
N5176 X141.31 Y73.859
N5178 X141.524 Y74.133
N5180 X142.631 Y75.656
N5182 X142.97 Y76.144
N5184 X143.639 Y77.248
N5186 X144.056 Y77.954
N5188 X144.4 Y78.57
N5190 X144.735 Y79.23
N5192 X145.052 Y79.891
N5194 X145.377 Y80.614 Z0.523
N5196 X145.747 Y81.521 Z0.532
N5198 X145.935 Y82.009 Z0.542
N5200 X146.173 Y82.679 Z0.56
N5202 X146.354 Y83.219 Z0.579
N5204 X146.638 Y84.169 Z0.62
N5206 X146.843 Y84.925 Z0.663
N5208 X147.03 Y85.732 Z0.714
N5210 X147.199 Y86.54 Z0.771
N5212 X147.356 Y87.41 Z0.842
N5214 X147.51 Y88.541 Z0.948
N5216 X147.595 Y89.341 Z1.03
N5218 X147.67 Y90.318 Z1.139
N5220 X147.714 Y91.402 Z1.272
N5222 X147.723 Y92.37 Z1.401
N5224 X147.725 Y93.739 Z1.594
N5226 Y95.572 Z1.879
N5228 Y97.161 Z2.145
N5230 Y99.02 Z2.479
N5232 Y101.118 Z2.878
N5234 Y103.27 Z3.308
N5236 Y106.79 Z4.041
N5238 Y112.383 Z5.213
N5240 Y114.756 Z5.69
N5242 X147.724 Y116.711 Z6.06
N5244 X147.716 Y118.561 Z6.388
N5246 X147.681 Y119.643 Z6.566
N5248 X147.616 Y120.621 Z6.718
N5250 X147.542 Y121.388 Z6.829
N5252 X147.456 Y122.087 Z6.925
N5254 X147.332 Y122.961 Z7.038
N5256 X147.204 Y123.681 Z7.122
N5258 X147.029 Y124.531 Z7.212
N5260 X146.843 Y125.335 Z7.29
N5262 X146.609 Y126.23 Z7.363
N5264 X146.354 Y127.092 Z7.42
N5266 X146.177 Y127.64 Z7.452
N5268 X145.866 Y128.529 Z7.489
N5270 X145.619 Y129.176 Z7.508
N5272 X145.318 Y129.907 Z7.518
N5274 X144.883 Y130.884 Z7.52
N5276 X144.4 Y131.861
N5278 X143.911 Y132.739
N5280 X143.27 Y133.817
N5282 X142.934 Y134.359
N5284 X142.278 Y135.283
N5286 X141.468 Y136.387
N5288 X140.979 Y136.985
N5290 X139.923 Y138.191
N5292 X138.617 Y139.682
N5294 X138.232 Y140.171
N5296 X138.047 Y140.418
N5298 X137.54 Y141.148
N5300 X137.07 Y141.958
N5302 X136.873 Y142.322
N5304 X136.581 Y142.913
N5306 X136.436 Y143.248
N5308 X136.092 Y144.105
N5310 X135.871 Y144.791
N5312 X135.661 Y145.547
N5314 X135.604 Y145.779
N5316 X135.54 Y146.099
N5318 X135.442 Y146.686
N5320 X135.359 Y147.257
N5322 X135.307 Y147.799
N5324 X135.268 Y148.479
N5326 X135.255 Y148.828
N5328 X135.27 Y149.457
N5330 X135.335 Y150.434
N5332 X135.389 Y150.923
N5334 X135.483 Y151.532
N5336 X135.604 Y152.185
N5338 X135.654 Y152.389
N5340 X135.938 Y153.367
N5342 X136.092 Y153.852
N5344 X136.373 Y154.552
N5346 X136.581 Y155.046
N5348 X136.709 Y155.322
N5350 X137.07 Y156.003
N5352 X137.535 Y156.808
N5354 X138.144 Y157.669
N5356 X138.569 Y158.221
N5358 X139.259 Y158.99
N5360 X139.513 Y159.266
N5362 X140.246 Y159.929
N5364 X140.566 Y160.209
N5366 X141.074 Y160.603
N5368 X141.934 Y161.209
N5370 X142.55 Y161.57
N5372 X143.184 Y161.914
N5374 X143.507 Y162.079
N5376 X143.845 Y162.23
N5378 X144.882 Y162.653
N5380 X145.377 Y162.811
N5382 X146.391 Y163.105
N5384 X146.532 Y163.142
N5386 X146.843 Y163.202
N5388 X147.82 Y163.359
N5390 X148.309 Y163.419
N5392 X148.961 Y163.467
N5394 X149.428 Y163.489
N5396 X149.91 Y163.495
N5398 X150.418 Y163.476
N5400 X150.939 Y163.444
N5402 X151.119 Y163.428
N5404 X151.061 Y162.833
N5406 X151.73 Y162.752
N5408 X152.341 Y162.653
N5410 X152.794 Y162.565
N5412 X153.454 Y162.394
N5414 X154.221 Y162.164
N5416 X154.921 Y161.904
N5418 X155.639 Y161.599
N5420 X155.781 Y161.533
N5422 X156.451 Y161.187
N5424 X156.827 Y160.976
N5426 X157.284 Y160.698
N5428 X158.082 Y160.143
N5430 X158.626 Y159.721
N5432 X159.183 Y159.232
N5434 X159.548 Y158.886
N5436 X159.69 Y158.743
N5438 X160.144 Y158.254
N5440 X160.57 Y157.766
N5442 X161.014 Y157.184
N5444 X161.503 Y156.478
N5446 X161.776 Y156.026
N5448 X161.992 Y155.642
N5450 X162.334 Y154.979
N5452 X162.48 Y154.656
N5454 X162.705 Y154.119
N5456 X162.987 Y153.348
N5458 X163.196 Y152.651
N5460 X163.366 Y151.992
N5462 X163.481 Y151.388
N5464 X163.57 Y150.81
N5466 X163.627 Y150.265
N5468 X163.678 Y149.457
N5470 X163.688 Y149.226
N5472 X163.69 Y148.735
N5474 X163.655 Y147.991
N5476 X163.6 Y147.359
N5478 X163.54 Y146.93
N5480 X163.402 Y146.091
N5482 X163.268 Y145.547
N5484 X163.096 Y144.931
N5486 X162.969 Y144.515
N5488 X162.712 Y143.849
N5490 X162.426 Y143.158
N5492 X162.098 Y142.508
N5494 X161.749 Y141.879
N5496 X161.569 Y141.571
N5498 X161.285 Y141.148
N5500 X160.942 Y140.659
N5502 X160.549 Y140.151
N5504 X158.033 Y137.287
N5506 X157.599 Y136.749
N5508 X156.531 Y135.283
N5510 X156.128 Y134.709
N5512 X155.601 Y133.855
N5514 X155.004 Y132.839
N5516 X154.662 Y132.226
N5518 X154.235 Y131.373
N5520 X153.908 Y130.661
N5522 X153.581 Y129.907 Z7.518
N5524 X153.33 Y129.284 Z7.51
N5526 X153.196 Y128.936 Z7.502
N5528 X152.918 Y128.163 Z7.476
N5530 X152.674 Y127.43 Z7.44
N5532 X152.389 Y126.486 Z7.382
N5534 X152.218 Y125.858 Z7.334
N5536 X152.016 Y125.019 Z7.261
N5538 X151.876 Y124.384 Z7.198
N5540 X151.73 Y123.65 Z7.118
N5542 X151.61 Y122.945 Z7.036
N5544 X151.488 Y122.087 Z6.926
N5546 X151.391 Y121.259 Z6.811
N5548 X151.332 Y120.621 Z6.718
N5550 X151.293 Y120.08 Z6.635
N5552 X151.249 Y119.163 Z6.488
N5554 X151.235 Y118.666 Z6.405
N5556 X151.225 Y117.215 Z6.152
N5558 Y115.26 Z5.787
N5560 Y113.305 Z5.401
N5562 Y110.862 Z4.898
N5564 Y104.019 Z3.462
N5566 Y101.575 Z2.968
N5568 Y99.62 Z2.591
N5570 Y98.146 Z2.32
N5572 Y96.672 Z2.061
N5574 Y95.206 Z1.819
N5576 Y93.739 Z1.594
N5578 X151.231 Y91.794 Z1.322
N5580 X151.255 Y90.807 Z1.198
N5582 X151.311 Y89.829 Z1.084
N5584 X151.386 Y88.997 Z0.994
N5586 X151.489 Y88.123 Z0.907
N5588 X151.613 Y87.269 Z0.83
N5590 X151.765 Y86.408 Z0.761
N5592 X151.9 Y85.749 Z0.714
N5594 X152.09 Y84.942 Z0.663
N5596 X152.218 Y84.429 Z0.635
N5598 X152.491 Y83.476 Z0.589
N5600 X152.707 Y82.786 Z0.564
N5602 X152.977 Y82.009 Z0.542
N5604 X153.196 Y81.422 Z0.531
N5606 X153.591 Y80.45 Z0.521
N5608 X153.826 Y79.912 Z0.52
N5610 X154.268 Y78.982
N5612 X154.728 Y78.099
N5614 X155.15 Y77.355
N5616 X155.639 Y76.536
N5618 X156.128 Y75.745
N5620 X156.616 Y75.049
N5622 X157.616 Y73.679
N5624 X158.082 Y73.113
N5626 X159.198 Y71.837
N5628 X160.526 Y70.32
N5630 X160.688 Y70.117
N5632 X161.014 Y69.686
N5634 X161.503 Y68.972
N5636 X161.751 Y68.565
N5638 X161.992 Y68.136
N5640 X162.319 Y67.508
N5642 X162.48 Y67.157
N5644 X162.694 Y66.644
N5646 X162.989 Y65.86
N5648 X163.195 Y65.166
N5650 X163.365 Y64.506
N5652 X163.475 Y63.926
N5654 X163.568 Y63.327
N5656 X163.631 Y62.774
N5658 X163.681 Y61.971
N5660 X163.69 Y61.738
N5662 X163.689 Y61.25
N5664 X163.65 Y60.504
N5666 X163.601 Y59.872
N5668 X163.546 Y59.438
N5670 X163.401 Y58.606
N5672 X163.27 Y58.061
N5674 X162.985 Y57.083
N5676 X162.81 Y56.594
N5678 X162.48 Y55.786
N5680 X162.406 Y55.617
N5682 X162.106 Y55.013
N5684 X161.756 Y54.386
N5686 X161.503 Y53.96
N5688 X160.948 Y53.173
N5690 X160.526 Y52.62
N5692 X159.863 Y51.88
N5694 X159.627 Y51.628
N5696 X159.12 Y51.159
N5698 X158.571 Y50.679
N5700 X157.996 Y50.241
N5702 X157.296 Y49.752
N5704 X157.105 Y49.633
N5706 X156.455 Y49.263
N5708 X156.128 Y49.087
N5710 X155.59 Y48.823
N5712 X154.899 Y48.536
N5714 X154.548 Y48.399
N5716 X154.188 Y48.27
N5718 X153.196 Y47.981
N5720 X152.654 Y47.85
N5722 X151.73 Y47.698
N5724 X151.241 Y47.634
N5726 X150.752 Y47.594
N5728 X150.013 Y47.559
N5730 X149.523 Y47.56
N5732 X148.798 Y47.596
N5734 X148.488 Y47.618
N5736 X147.82 Y47.697
N5738 X147.2 Y47.797
N5740 X146.757 Y47.883
N5742 X146.095 Y48.056
N5744 X145.329 Y48.286
N5746 X144.628 Y48.546
N5748 X144.082 Y48.774
N5750 X143.769 Y48.917
N5752 X143.099 Y49.263
N5754 X142.722 Y49.475
N5756 X142.266 Y49.752
N5758 X141.468 Y50.307
N5760 X140.979 Y50.685
N5762 X140.368 Y51.218
N5764 X140.002 Y51.564
N5766 X139.859 Y51.707
N5768 X139.404 Y52.196
N5770 X138.98 Y52.684
N5772 X138.536 Y53.266
N5774 X138.047 Y53.972
N5776 X137.774 Y54.423
N5778 X137.558 Y54.808
N5780 X137.216 Y55.47
N5782 X137.07 Y55.794
N5784 X136.845 Y56.33
N5786 X136.563 Y57.101
N5788 X136.354 Y57.798
N5790 X136.184 Y58.457
N5792 X136.067 Y59.063
N5794 X135.977 Y59.642
N5796 X135.923 Y60.185
N5798 X135.872 Y60.993
N5800 X135.862 Y61.224
N5802 X135.859 Y61.715
N5804 X135.895 Y62.459
N5806 X135.95 Y63.09
N5808 X136.01 Y63.519
N5810 X136.148 Y64.359
N5812 X136.282 Y64.903
N5814 X136.454 Y65.518
N5816 X136.581 Y65.934
N5818 X136.838 Y66.601
N5820 X137.124 Y67.292
N5822 X137.452 Y67.942
N5824 X137.8 Y68.571
N5826 X137.981 Y68.879
N5828 X138.265 Y69.302
N5830 X138.608 Y69.791
N5832 X139.003 Y70.297
N5834 X140.087 Y71.534
N5836 X141.517 Y73.162
N5838 X141.956 Y73.707
N5840 X143.019 Y75.167
N5842 X143.422 Y75.742
N5844 X143.911 Y76.534
N5846 X144.55 Y77.611
N5848 X144.888 Y78.213
N5850 X145.329 Y79.077
N5852 X145.658 Y79.773
N5854 X145.866 Y80.234 Z0.521
N5856 X146.201 Y81.032 Z0.526
N5858 X146.415 Y81.582 Z0.533
N5860 X146.746 Y82.498 Z0.554
N5862 X146.909 Y82.987 Z0.57
N5864 X147.204 Y83.964 Z0.61
N5866 X147.338 Y84.446 Z0.634
N5868 X147.505 Y85.115 Z0.674
N5870 X147.683 Y85.919 Z0.726
N5872 X147.82 Y86.587 Z0.775
N5874 X147.956 Y87.386 Z0.84
N5876 X148.061 Y88.115 Z0.907
N5878 X148.165 Y88.996 Z0.994
N5880 X148.244 Y89.894 Z1.091
N5882 X148.274 Y90.353 Z1.143
N5884 X148.309 Y91.174 Z1.243
N5886 X148.32 Y91.773 Z1.319
N5888 X148.325 Y93.739 Z1.594
N5890 Y95.206 Z1.818
N5892 Y97.161 Z2.145
N5894 Y99.099 Z2.494
N5896 Y101.062 Z2.867
N5898 Y103.506 Z3.357
N5900 Y107.408 Z4.171
N5902 Y112.296 Z5.195
N5904 Y114.739 Z5.686
N5906 X148.324 Y116.711 Z6.06
N5908 X148.321 Y118.165 Z6.32
N5910 X148.3 Y119.154 Z6.487
N5912 X148.281 Y119.671 Z6.57
N5914 X148.211 Y120.718 Z6.732
N5916 X148.121 Y121.598 Z6.859
N5918 X147.995 Y122.576 Z6.99
N5920 X147.907 Y123.151 Z7.061
N5922 X147.757 Y123.979 Z7.155
N5924 X147.587 Y124.786 Z7.238
N5926 X147.416 Y125.508 Z7.306
N5928 X147.281 Y126.047 Z7.349
N5930 X147.088 Y126.731 Z7.397
N5932 X146.843 Y127.535 Z7.447
N5934 X146.533 Y128.441 Z7.487
N5936 X146.358 Y128.925 Z7.502
N5938 X146.08 Y129.633 Z7.515
N5940 X145.761 Y130.396 Z7.52
N5942 X145.377 Y131.24
N5944 X145.069 Y131.862
N5946 X144.816 Y132.351
N5948 X144.4 Y133.091
N5950 X143.911 Y133.917
N5952 X143.422 Y134.705
N5954 X142.934 Y135.401
N5956 X141.937 Y136.769
N5958 X141.468 Y137.337
N5960 X140.702 Y138.216
N5962 X139.41 Y139.682
N5964 X138.988 Y140.171
N5966 X138.536 Y140.764
N5968 X138.047 Y141.477
N5970 X137.8 Y141.884
N5972 X137.558 Y142.316
N5974 X137.232 Y142.94
N5976 X137.07 Y143.294
N5978 X136.856 Y143.805
N5980 X136.561 Y144.589
N5982 X136.355 Y145.284
N5984 X136.185 Y145.943
N5986 X136.075 Y146.524
N5988 X135.982 Y147.123
N5990 X135.918 Y147.676
N5992 X135.869 Y148.479
N5994 X135.86 Y148.712
N5996 X135.861 Y149.2
N5998 X135.9 Y149.946
N6000 X135.951 Y150.576
N6002 X136.006 Y151.009
N6004 X136.092 Y151.537
N6006 X136.161 Y151.901
N6008 X136.279 Y152.389
N6010 X136.565 Y153.367
N6012 X136.74 Y153.856
N6014 X137.07 Y154.663
N6016 X137.144 Y154.833
N6018 X137.443 Y155.437
N6020 X137.93 Y156.299
N6022 X138.047 Y156.49
N6024 X138.536 Y157.188
N6026 X139.024 Y157.83
N6028 X139.687 Y158.569
N6030 X139.923 Y158.822
N6032 X140.364 Y159.232
N6034 X140.979 Y159.772
N6036 X141.554 Y160.209
N6038 X142.254 Y160.698
N6040 X142.445 Y160.817
N6042 X143.095 Y161.187
N6044 X143.422 Y161.362
N6046 X143.96 Y161.626
N6048 X144.65 Y161.913
N6050 X145.001 Y162.051
N6052 X145.361 Y162.18
N6054 X146.354 Y162.469
N6056 X146.896 Y162.6
N6058 X147.82 Y162.753
N6060 X148.309 Y162.816
N6062 X148.798 Y162.856
N6064 X149.537 Y162.891
N6066 X150.026 Y162.89
N6068 X150.752 Y162.854
N6070 X151.061 Y162.833
N6072 X151.016 Y162.234
N6074 X151.241 Y162.214
N6076 X151.73 Y162.146
N6078 X152.342 Y162.041
N6080 X152.968 Y161.903
N6082 X153.772 Y161.676
N6084 X154.38 Y161.469
N6086 X155.199 Y161.138
N6088 X156.165 Y160.661
N6090 X156.933 Y160.209
N6092 X157.594 Y159.758
N6094 X158.268 Y159.232
N6096 X158.825 Y158.743
N6098 X159.06 Y158.52
N6100 X159.324 Y158.254
N6102 X159.548 Y158.016
N6104 X160.037 Y157.461
N6106 X160.561 Y156.788
N6108 X161.014 Y156.127
N6110 X161.503 Y155.287
N6112 X161.939 Y154.397
N6114 X162.269 Y153.578
N6116 X162.514 Y152.844
N6118 X162.705 Y152.165
N6120 X162.842 Y151.538
N6122 X162.969 Y150.795
N6124 X163.016 Y150.387
N6126 X163.084 Y149.342
N6128 X163.094 Y148.843
N6130 X163.076 Y148.372
N6132 X163.05 Y147.91
N6134 X163.01 Y147.46
N6136 X162.949 Y147.032
N6138 X162.866 Y146.524
N6140 X162.771 Y146.036
N6142 X162.61 Y145.417
N6144 X162.48 Y144.962
N6146 X162.346 Y144.569
N6148 X162.11 Y143.962
N6150 X161.959 Y143.592
N6152 X161.729 Y143.103
N6154 X161.484 Y142.633
N6156 X161.131 Y142.009
N6158 X160.942 Y141.709
N6160 X160.526 Y141.108
N6162 X160.119 Y140.577
N6164 X159.342 Y139.682
N6166 X157.608 Y137.715
N6168 X157.105 Y137.088
N6170 X155.933 Y135.477
N6172 X155.639 Y135.055
N6174 X155.172 Y134.306
N6176 X154.618 Y133.372
N6178 X154.173 Y132.584
N6180 X153.766 Y131.78
N6182 X153.454 Y131.114
N6184 X153.154 Y130.437
N6186 X152.868 Y129.746 Z7.516
N6188 X152.707 Y129.338 Z7.511
N6190 X152.382 Y128.441 Z7.487
N6192 X152.213 Y127.952 Z7.467
N6194 X151.984 Y127.229 Z7.428
N6196 X151.73 Y126.356 Z7.372
N6198 X151.515 Y125.508 Z7.306
N6200 X151.371 Y124.889 Z7.248
N6202 X151.183 Y123.984 Z7.156
N6204 X151.023 Y123.064 Z7.051
N6206 X150.883 Y122.087 Z6.926
N6208 X150.824 Y121.598 Z6.859
N6210 X150.752 Y120.891 Z6.757
N6212 X150.728 Y120.596 Z6.714
N6214 X150.666 Y119.556 Z6.552
N6216 X150.636 Y118.666 Z6.405
N6218 X150.626 Y117.326 Z6.171
N6220 X150.625 Y115.733 Z5.878
N6222 Y113.417 Z5.423
N6224 Y110.973 Z4.921
N6226 Y104.099 Z3.479
N6228 Y101.559 Z2.965
N6230 Y99.732 Z2.612
N6232 Y98.202 Z2.33
N6234 Y96.672 Z2.061
N6236 Y94.844 Z1.763
N6238 Y93.251 Z1.524
N6240 X150.632 Y91.784 Z1.321
N6242 X150.656 Y90.807 Z1.198
N6244 X150.682 Y90.248 Z1.131
N6246 X150.712 Y89.789 Z1.079
N6248 X150.752 Y89.291 Z1.025
N6250 X150.854 Y88.363 Z0.931
N6252 X150.957 Y87.591 Z0.858
N6254 X151.068 Y86.897 Z0.799
N6256 X151.167 Y86.334 Z0.755
N6258 X151.248 Y85.926 Z0.726
N6260 X151.472 Y84.942 Z0.663
N6262 X151.721 Y83.973 Z0.611
N6264 X152.015 Y82.987 Z0.57
N6266 X152.218 Y82.357 Z0.55
N6268 X152.518 Y81.521 Z0.532
N6270 X152.704 Y81.032 Z0.527
N6272 X152.988 Y80.336 Z0.521
N6274 X153.196 Y79.855 Z0.52
N6276 X153.555 Y79.077
N6278 X153.908 Y78.364
N6280 X154.314 Y77.611
N6282 X154.662 Y77.001
N6284 X155.212 Y76.082
N6286 X155.639 Y75.401
N6288 X156.128 Y74.7
N6290 X157.105 Y73.366
N6292 X157.625 Y72.723
N6294 X158.694 Y71.501
N6296 X159.766 Y70.279
N6298 X160.037 Y69.962
N6300 X160.553 Y69.302
N6302 X161.014 Y68.62
N6304 X161.437 Y67.901
N6306 X161.719 Y67.347
N6308 X161.956 Y66.858
N6310 X162.263 Y66.098
N6312 X162.48 Y65.473
N6314 X162.703 Y64.68
N6316 X162.841 Y64.054
N6318 X162.969 Y63.286
N6320 X163.019 Y62.898
N6322 X163.06 Y62.368
N6324 X163.086 Y61.853
N6326 X163.093 Y61.358
N6328 X163.073 Y60.889
N6330 X163.01 Y59.974
N6332 X162.957 Y59.538
N6334 X162.807 Y58.712
N6336 X162.715 Y58.315
N6338 X162.611 Y57.93
N6340 X162.48 Y57.486
N6342 X162.348 Y57.083
N6344 X162.115 Y56.471
N6346 X161.972 Y56.125
N6348 X161.74 Y55.617
N6350 X161.503 Y55.159
N6352 X161.138 Y54.516
N6354 X160.95 Y54.214
N6356 X160.526 Y53.613
N6358 X160.126 Y53.084
N6360 X159.781 Y52.684
N6362 X159.337 Y52.196
N6364 X159.06 Y51.916
N6366 X158.571 Y51.474
N6368 X158.171 Y51.13
N6370 X157.618 Y50.708
N6372 X156.946 Y50.241
N6374 X156.431 Y49.937
N6376 X156.098 Y49.752
N6378 X155.639 Y49.513
N6380 X155.091 Y49.263
N6382 X154.436 Y49.
N6384 X154.078 Y48.87
N6386 X153.707 Y48.752
N6388 X152.944 Y48.537
N6390 X152.547 Y48.445
N6392 X152.134 Y48.37
N6394 X151.617 Y48.286
N6396 X151.241 Y48.234
N6398 X150.752 Y48.195
N6400 X150.264 Y48.168
N6402 X149.775 Y48.156
N6404 X149.286 Y48.169
N6406 X148.798 Y48.196
N6408 X148.309 Y48.236
N6410 X147.82 Y48.303
N6412 X147.21 Y48.407
N6414 X146.582 Y48.546
N6416 X145.778 Y48.774
N6418 X145.17 Y48.981
N6420 X144.351 Y49.312
N6422 X143.385 Y49.79
N6424 X142.617 Y50.241
N6426 X141.956 Y50.692
N6428 X141.283 Y51.218
N6430 X140.726 Y51.707
N6432 X140.49 Y51.93
N6434 X140.225 Y52.196
N6436 X140.002 Y52.432
N6438 X139.513 Y52.989
N6440 X138.989 Y53.662
N6442 X138.536 Y54.324
N6444 X138.047 Y55.164
N6446 X137.612 Y56.052
N6448 X137.282 Y56.871
N6450 X137.036 Y57.606
N6452 X136.845 Y58.285
N6454 X136.707 Y58.912
N6456 X136.581 Y59.638
N6458 X136.533 Y60.064
N6460 X136.466 Y61.108
N6462 X136.456 Y61.607
N6464 X136.473 Y62.078
N6466 X136.5 Y62.54
N6468 X136.539 Y62.99
N6470 X136.6 Y63.417
N6472 X136.684 Y63.926
N6474 X136.779 Y64.414
N6476 X136.94 Y65.033
N6478 X137.07 Y65.487
N6480 X137.204 Y65.881
N6482 X137.44 Y66.488
N6484 X137.591 Y66.858
N6486 X137.821 Y67.347
N6488 X138.066 Y67.816
N6490 X138.419 Y68.441
N6492 X138.608 Y68.741
N6494 X139.024 Y69.341
N6496 X139.432 Y69.871
N6498 X140.246 Y70.808
N6500 X141.942 Y72.734
N6502 X142.445 Y73.361
N6504 X143.617 Y74.973
N6506 X143.911 Y75.395
N6508 X144.377 Y76.144
N6510 X144.934 Y77.076
N6512 X145.377 Y77.856
N6514 X145.793 Y78.661
N6516 X146.11 Y79.321
N6518 X146.442 Y80.054
N6520 X146.843 Y81.023 Z0.526
N6522 X147.143 Y81.821 Z0.538
N6524 X147.38 Y82.498 Z0.554
N6526 X147.604 Y83.203 Z0.578
N6528 X147.82 Y83.936 Z0.609
N6530 X148.029 Y84.733 Z0.652
N6532 X148.213 Y85.526 Z0.7
N6534 X148.309 Y85.971 Z0.729
N6536 X148.484 Y86.897 Z0.799
N6538 X148.608 Y87.685 Z0.867
N6540 X148.748 Y88.803 Z0.974
N6542 X148.802 Y89.337 Z1.03
N6544 X148.844 Y89.876 Z1.089
N6546 X148.899 Y90.908 Z1.211
N6548 X148.919 Y91.784 Z1.321
N6550 X148.925 Y93.739 Z1.594
N6552 Y95.206 Z1.818
N6554 Y97.161 Z2.145
N6556 Y99.116 Z2.497
N6558 Y101.007 Z2.856
N6560 Y103.387 Z3.332
N6562 Y107.392 Z4.168
N6564 Y112.184 Z5.173
N6566 Y114.756 Z5.689
N6568 X148.924 Y116.711 Z6.061
N6570 X148.916 Y118.547 Z6.385
N6572 X148.898 Y119.255 Z6.503
N6574 X148.852 Y120.187 Z6.652
N6576 X148.798 Y120.9 Z6.759
N6578 X148.717 Y121.679 Z6.87
N6580 X148.599 Y122.576 Z6.99
N6582 X148.475 Y123.387 Z7.088
N6584 X148.309 Y124.28 Z7.187
N6586 X148.149 Y125.019 Z7.261
N6588 X147.913 Y125.997 Z7.345
N6590 X147.782 Y126.486 Z7.382
N6592 X147.57 Y127.213 Z7.427
N6594 X147.34 Y127.944 Z7.467
N6596 X147.084 Y128.682 Z7.494
N6598 X146.811 Y129.418 Z7.513
N6600 X146.54 Y130.093 Z7.519
N6602 X146.354 Y130.535 Z7.52
N6604 X145.976 Y131.373
N6606 X145.621 Y132.107
N6608 X145.377 Y132.573
N6610 X145.048 Y133.168
N6612 X144.343 Y134.362
N6614 X143.911 Y135.05
N6616 X143.422 Y135.75
N6618 X142.445 Y137.084
N6620 X141.925 Y137.727
N6622 X140.996 Y138.788
N6624 X139.782 Y140.171
N6626 X139.513 Y140.485
N6628 X138.997 Y141.148
N6630 X138.536 Y141.829
N6632 X138.115 Y142.546
N6634 X137.831 Y143.103
N6636 X137.594 Y143.592
N6638 X137.288 Y144.351
N6640 X137.07 Y144.978
N6642 X136.847 Y145.769
N6644 X136.709 Y146.396
N6646 X136.581 Y147.165
N6648 X136.531 Y147.552
N6650 X136.49 Y148.082
N6652 X136.464 Y148.597
N6654 X136.457 Y149.092
N6656 X136.477 Y149.56
N6658 X136.541 Y150.474
N6660 X136.596 Y150.908
N6662 X136.681 Y151.412
N6664 X136.778 Y151.901
N6666 X136.902 Y152.389
N6668 X137.07 Y152.963
N6670 X137.202 Y153.367
N6672 X137.435 Y153.979
N6674 X137.578 Y154.324
N6676 X137.81 Y154.833
N6678 X138.047 Y155.291
N6680 X138.412 Y155.934
N6682 X138.599 Y156.236
N6684 X139.024 Y156.839
N6686 X139.424 Y157.366
N6688 X139.769 Y157.766
N6690 X140.213 Y158.254
N6692 X140.49 Y158.534
N6694 X141.115 Y159.095
N6696 X141.468 Y159.392
N6698 X141.932 Y159.742
N6700 X142.604 Y160.209
N6702 X143.119 Y160.512
N6704 X143.452 Y160.698
N6706 X143.911 Y160.936
N6708 X144.459 Y161.187
N6710 X145.114 Y161.45
N6712 X145.472 Y161.58
N6714 X145.843 Y161.698
N6716 X146.606 Y161.913
N6718 X147.002 Y162.005
N6720 X147.416 Y162.08
N6722 X147.93 Y162.164
N6724 X148.309 Y162.216
N6726 X148.798 Y162.255
N6728 X149.286 Y162.282
N6730 X149.775 Y162.294
N6732 X150.264 Y162.281
N6734 X150.752 Y162.254
N6736 X151.016 Y162.234
N6738 X150.957 Y161.634
N6740 X151.319 Y161.597
N6742 X151.896 Y161.509
N6744 X152.497 Y161.397
N6746 X153.149 Y161.233
N6748 X153.856 Y161.015
N6750 X154.698 Y160.698
N6752 X155.537 Y160.311
N6754 X155.732 Y160.209
N6756 X156.616 Y159.704
N6758 X157.292 Y159.232
N6760 X157.916 Y158.743
N6762 X158.471 Y158.254
N6764 X158.962 Y157.766
N6766 X159.404 Y157.277
N6768 X159.548 Y157.108
N6770 X160.037 Y156.483
N6772 X160.508 Y155.811
N6774 X161.062 Y154.833
N6776 X161.293 Y154.344
N6778 X161.525 Y153.834
N6780 X161.815 Y153.055
N6782 X162.034 Y152.346
N6784 X162.198 Y151.694
N6786 X162.311 Y151.093
N6788 X162.404 Y150.434
N6790 X162.444 Y149.982
N6792 X162.48 Y149.433
N6794 X162.5 Y148.948
N6796 X162.482 Y148.479
N6798 X162.456 Y148.014
N6800 X162.409 Y147.502
N6802 X162.29 Y146.715
N6804 X162.213 Y146.303
N6806 X162.121 Y145.906
N6808 X161.992 Y145.432
N6810 X161.878 Y145.058
N6812 X161.704 Y144.569
N6814 X161.509 Y144.075
N6816 X161.297 Y143.592
N6818 X161.042 Y143.078
N6820 X160.692 Y142.448
N6822 X160.501 Y142.126
N6824 X160.037 Y141.458
N6826 X159.806 Y141.148
N6828 X159.469 Y140.739
N6830 X157.182 Y138.138
N6832 X156.743 Y137.6
N6834 X156.47 Y137.238
N6836 X155.406 Y135.772
N6838 X155.071 Y135.283
N6840 X154.662 Y134.621
N6842 X154. Y133.501
N6844 X153.629 Y132.839
N6846 X153.196 Y131.98
N6848 X152.849 Y131.231
N6850 X152.551 Y130.551
N6852 X152.218 Y129.738 Z7.516
N6854 X151.917 Y128.929 Z7.502
N6856 X151.73 Y128.394 Z7.485
N6858 X151.429 Y127.463 Z7.443
N6860 X151.241 Y126.834 Z7.404
N6862 X151.018 Y125.997 Z7.346
N6864 X150.785 Y125.019 Z7.261
N6866 X150.585 Y124.042 Z7.163
N6868 X150.416 Y123.064 Z7.051
N6870 X150.343 Y122.576 Z6.989
N6872 X150.264 Y121.978 Z6.911
N6874 X150.171 Y121.109 Z6.789
N6876 X150.119 Y120.476 Z6.696
N6878 X150.061 Y119.44 Z6.533
N6880 X150.037 Y118.666 Z6.405
N6882 X150.026 Y117.437 Z6.191
N6884 X150.025 Y115.733 Z5.878
N6886 Y113.778 Z5.497
N6888 Y111.084 Z4.945
N6890 Y103.881 Z3.434
N6892 Y101.559 Z2.965
N6894 Y99.843 Z2.633
N6896 Y98.138 Z2.318
N6898 Y96.672 Z2.061
N6900 Y95.206 Z1.819
N6902 Y93.251 Z1.524
N6904 X150.032 Y91.784 Z1.321
N6906 X150.057 Y90.807 Z1.198
N6908 X150.088 Y90.143 Z1.119
N6910 X150.149 Y89.341 Z1.03
N6912 X150.201 Y88.789 Z0.973
N6914 X150.318 Y87.82 Z0.879
N6916 X150.458 Y86.897 Z0.799
N6918 X150.578 Y86.233 Z0.748
N6920 X150.752 Y85.383 Z0.691
N6922 X150.885 Y84.809 Z0.656
N6924 X151.104 Y83.964 Z0.61
N6926 X151.239 Y83.478 Z0.589
N6928 X151.45 Y82.777 Z0.563
N6930 X151.73 Y81.935 Z0.54
N6932 X151.97 Y81.273 Z0.53
N6934 X152.242 Y80.567 Z0.522
N6936 X152.635 Y79.637 Z0.52
N6938 X153.125 Y78.588
N6940 X153.628 Y77.611
N6942 X154.182 Y76.633
N6944 X154.942 Y75.375
N6946 X155.15 Y75.05
N6948 X155.758 Y74.189
N6950 X156.616 Y73.019
N6952 X157.105 Y72.413
N6954 X157.679 Y71.746
N6956 X159.395 Y69.791
N6958 X159.548 Y69.609
N6960 X160.037 Y68.985
N6962 X160.494 Y68.324
N6964 X161.014 Y67.418
N6966 X161.093 Y67.268
N6968 X161.515 Y66.358
N6970 X161.813 Y65.57
N6972 X162.034 Y64.861
N6974 X162.197 Y64.209
N6976 X162.308 Y63.609
N6978 X162.405 Y62.948
N6980 X162.453 Y62.459
N6982 X162.482 Y61.971
N6984 X162.5 Y61.462
N6986 X162.48 Y61.017
N6988 X162.409 Y60.016
N6990 X162.344 Y59.527
N6992 X162.214 Y58.816
N6994 X162.122 Y58.419
N6996 X161.992 Y57.948
N6998 X161.876 Y57.572
N7000 X161.709 Y57.083
N7002 X161.514 Y56.585
N7004 X161.305 Y56.106
N7006 X161.051 Y55.582
N7008 X160.698 Y54.955
N7010 X160.514 Y54.639
N7012 X160.037 Y53.962
N7014 X159.697 Y53.513
N7016 X159.476 Y53.245
N7018 X158.973 Y52.684
N7020 X158.528 Y52.239
N7022 X157.925 Y51.707
N7024 X157.468 Y51.344
N7026 X157.105 Y51.081
N7028 X156.599 Y50.729
N7030 X155.99 Y50.378
N7032 X155.639 Y50.186
N7034 X155.15 Y49.947
N7036 X154.674 Y49.74
N7038 X154.173 Y49.543
N7040 X153.6 Y49.348
N7042 X152.84 Y49.13
N7044 X152.443 Y49.038
N7046 X151.73 Y48.913
N7048 X151.183 Y48.832
N7050 X150.733 Y48.794
N7052 X150.27 Y48.768
N7054 X149.775 Y48.75
N7056 X149.168 Y48.774
N7058 X148.773 Y48.799
N7060 X148.231 Y48.852
N7062 X147.655 Y48.94
N7064 X147.054 Y49.052
N7066 X146.401 Y49.217
N7068 X145.694 Y49.435
N7070 X144.852 Y49.752
N7072 X144.012 Y50.139
N7074 X143.818 Y50.241
N7076 X142.934 Y50.746
N7078 X142.259 Y51.218
N7080 X141.635 Y51.707
N7082 X141.079 Y52.196
N7084 X140.586 Y52.684
N7086 X140.145 Y53.173
N7088 X140.002 Y53.341
N7090 X139.513 Y53.967
N7092 X139.042 Y54.639
N7094 X138.488 Y55.617
N7096 X138.257 Y56.106
N7098 X138.026 Y56.616
N7100 X137.736 Y57.394
N7102 X137.516 Y58.103
N7104 X137.352 Y58.756
N7106 X137.237 Y59.359
N7108 X137.144 Y60.016
N7110 X137.106 Y60.468
N7112 X137.07 Y61.019
N7114 X137.05 Y61.501
N7116 X137.068 Y61.971
N7118 X137.094 Y62.435
N7120 X137.14 Y62.948
N7122 X137.26 Y63.735
N7124 X137.337 Y64.147
N7126 X137.429 Y64.544
N7128 X137.558 Y65.017
N7130 X137.672 Y65.392
N7132 X137.846 Y65.881
N7134 X138.041 Y66.375
N7136 X138.253 Y66.858
N7138 X138.508 Y67.371
N7140 X138.858 Y68.002
N7142 X139.049 Y68.324
N7144 X139.513 Y68.992
N7146 X139.746 Y69.302
N7148 X140.152 Y69.791
N7150 X142.368 Y72.312
N7152 X142.807 Y72.85
N7154 X143.08 Y73.212
N7156 X144.144 Y74.678
N7158 X144.479 Y75.167
N7160 X145.006 Y76.027
N7162 X145.552 Y76.947
N7164 X145.926 Y77.611
N7166 X146.354 Y78.442
N7168 X146.717 Y79.203
N7170 X147.018 Y79.879
N7172 X147.332 Y80.63 Z0.523
N7174 X147.711 Y81.63 Z0.534
N7176 X147.861 Y82.05 Z0.543
N7178 X148.164 Y82.987 Z0.57
N7180 X148.309 Y83.462 Z0.588
N7182 X148.522 Y84.24 Z0.624
N7184 X148.715 Y85.024 Z0.669
N7186 X148.91 Y85.919 Z0.726
N7188 X149.048 Y86.646 Z0.779
N7190 X149.185 Y87.486 Z0.849
N7192 X149.3 Y88.35 Z0.929
N7194 X149.414 Y89.468 Z1.044
N7196 X149.471 Y90.318 Z1.139
N7198 X149.505 Y91.077 Z1.231
N7200 X149.521 Y92.019 Z1.353
N7202 X149.525 Y93.739 Z1.594
N7204 Y95.444 Z1.858
N7206 Y97.41 Z2.189
N7208 Y99.235 Z2.519
N7210 Y101.071 Z2.869
N7212 Y103.514 Z3.358
N7214 Y108.223 Z4.343
N7216 Y112.312 Z5.199
N7218 Y114.517 Z5.643
N7220 X149.524 Y116.711 Z6.061
N7222 X149.517 Y118.435 Z6.366
N7224 X149.494 Y119.362 Z6.521
N7226 X149.446 Y120.291 Z6.668
N7228 X149.379 Y121.109 Z6.789
N7230 X149.271 Y122.087 Z6.925
N7232 X149.135 Y123.064 Z7.051
N7234 X149.015 Y123.771 Z7.132
N7236 X148.857 Y124.59 Z7.218
N7238 X148.756 Y125.061 Z7.265
N7240 X148.53 Y125.997 Z7.345
N7242 X148.384 Y126.561 Z7.387
N7244 X148.165 Y127.319 Z7.434
N7246 X147.931 Y128.062 Z7.472
N7248 X147.799 Y128.462 Z7.488
N7250 X147.453 Y129.418 Z7.513
N7252 X147.264 Y129.907 Z7.518
N7254 X146.843 Y130.916 Z7.52
N7256 X146.46 Y131.756
N7258 X145.973 Y132.732
N7260 X145.643 Y133.328
N7262 X145.366 Y133.817
N7264 X144.781 Y134.794
N7266 X144.4 Y135.401
N7268 X143.792 Y136.261
N7270 X142.934 Y137.431
N7272 X142.445 Y138.037
N7274 X141.655 Y138.949
N7276 X140.153 Y140.659
N7278 X140.002 Y140.838
N7280 X139.513 Y141.464
N7282 X139.055 Y142.126
N7284 X138.499 Y143.103
N7286 X138.04 Y144.081
N7288 X137.737 Y144.879
N7290 X137.516 Y145.589
N7292 X137.353 Y146.241
N7294 X137.242 Y146.841
N7296 X137.145 Y147.502
N7298 X137.097 Y147.991
N7300 X137.068 Y148.479
N7302 X137.05 Y148.988
N7304 X137.07 Y149.431
N7306 X137.135 Y150.369
N7308 X137.208 Y150.923
N7310 X137.292 Y151.412
N7312 X137.395 Y151.901
N7314 X137.558 Y152.502
N7316 X137.673 Y152.878
N7318 X137.841 Y153.367
N7320 X138.036 Y153.865
N7322 X138.245 Y154.344
N7324 X138.499 Y154.867
N7326 X138.852 Y155.494
N7328 X139.031 Y155.804
N7330 X139.513 Y156.49
N7332 X139.853 Y156.937
N7334 X140.073 Y157.205
N7336 X140.577 Y157.766
N7338 X141.022 Y158.211
N7340 X141.625 Y158.743
N7342 X142.082 Y159.106
N7344 X142.445 Y159.369
N7346 X142.951 Y159.721
N7348 X143.56 Y160.071
N7350 X143.911 Y160.264
N7352 X144.4 Y160.502
N7354 X144.876 Y160.71
N7356 X145.377 Y160.907
N7358 X145.95 Y161.102
N7360 X146.71 Y161.32
N7362 X147.106 Y161.412
N7364 X147.82 Y161.538
N7366 X148.366 Y161.618
N7368 X148.817 Y161.657
N7370 X149.279 Y161.682
N7372 X149.775 Y161.699
N7374 X150.387 Y161.676
N7376 X150.776 Y161.651
N7378 X150.957 Y161.634
N7380 X150.904 Y161.035
N7382 X151.459 Y160.969
N7384 X152.042 Y160.874
N7386 X152.707 Y160.731
N7388 X153.346 Y160.547
N7390 X154.173 Y160.262
N7392 X154.935 Y159.936
N7394 X155.369 Y159.721
N7396 X155.973 Y159.386
N7398 X156.23 Y159.232
N7400 X156.943 Y158.743
N7402 X157.594 Y158.234
N7404 X158.118 Y157.766
N7406 X158.601 Y157.277
N7408 X159.06 Y156.763
N7410 X159.548 Y156.134
N7412 X160.037 Y155.423
N7414 X160.188 Y155.171
N7416 X160.526 Y154.56
N7418 X160.737 Y154.133
N7420 X161.064 Y153.367
N7422 X161.347 Y152.545
N7424 X161.544 Y151.86
N7426 X161.676 Y151.239
N7428 X161.769 Y150.657
N7430 X161.83 Y150.107
N7432 X161.875 Y149.457
N7434 X161.893 Y148.968
N7436 X161.879 Y148.479
N7438 X161.85 Y147.991
N7440 X161.801 Y147.502
N7442 X161.698 Y146.818
N7444 X161.623 Y146.404
N7446 X161.503 Y145.911
N7448 X161.307 Y145.254
N7450 X161.182 Y144.89
N7452 X161.014 Y144.451
N7454 X160.858 Y144.081
N7456 X160.596 Y143.521
N7458 X160.251 Y142.889
N7460 X160.037 Y142.518
N7462 X159.548 Y141.806
N7464 X159.424 Y141.637
N7466 X159.044 Y141.164
N7468 X156.758 Y138.563
N7470 X156.467 Y138.216
N7472 X156.102 Y137.752
N7474 X155.017 Y136.261
N7476 X154.669 Y135.766
N7478 X154.173 Y134.973
N7480 X153.49 Y133.817
N7482 X153.207 Y133.319
N7484 X152.871 Y132.675
N7486 X152.709 Y132.351
N7488 X152.243 Y131.349
N7490 X151.836 Y130.396
N7492 X151.641 Y129.907 Z7.518
N7494 X151.3 Y128.989 Z7.503
N7496 X151.05 Y128.25 Z7.479
N7498 X150.801 Y127.463 Z7.443
N7500 X150.621 Y126.843 Z7.404
N7502 X150.399 Y125.997 Z7.346
N7504 X150.188 Y125.095 Z7.268
N7506 X150.021 Y124.285 Z7.187
N7508 X149.889 Y123.553 Z7.107
N7510 X149.812 Y123.101 Z7.055
N7512 X149.798 Y123.064 Z7.051
N7514 X149.775 Y123.04 Z7.048
N7516 X149.756 Y123.045
N7518 X149.745 Y123.064 Z7.051
N7520 X149.575 Y124.042 Z7.163
N7522 X149.362 Y125.095 Z7.268
N7524 X149.15 Y125.997 Z7.345
N7526 X148.976 Y126.664 Z7.393
N7528 X148.728 Y127.532 Z7.446
N7530 X148.436 Y128.441 Z7.487
N7532 X148.249 Y128.989 Z7.504
N7534 X147.908 Y129.907 Z7.518
N7536 X147.639 Y130.577 Z7.52
N7538 X147.267 Y131.438
N7540 X146.839 Y132.351
N7542 X146.306 Y133.377
N7544 X145.866 Y134.149
N7546 X145.377 Y134.969
N7548 X144.876 Y135.772
N7550 X144.179 Y136.749
N7552 X143.422 Y137.784
N7554 X142.934 Y138.387
N7556 X142.239 Y139.193
N7558 X140.521 Y141.148
N7560 X140.002 Y141.814
N7562 X139.513 Y142.531
N7564 X139.389 Y142.738
N7566 X139.024 Y143.397
N7568 X138.828 Y143.788
N7570 X138.492 Y144.569
N7572 X138.203 Y145.391
N7574 X138.008 Y146.075
N7576 X137.876 Y146.695
N7578 X137.782 Y147.278
N7580 X137.716 Y147.833
N7582 X137.671 Y148.479
N7584 X137.656 Y148.968
N7586 X137.674 Y149.457
N7588 X137.731 Y150.262
N7590 X137.783 Y150.698
N7592 X137.849 Y151.121
N7594 X137.927 Y151.532
N7596 X138.018 Y151.93
N7598 X138.243 Y152.682
N7600 X138.365 Y153.048
N7602 X138.536 Y153.501
N7604 X138.79 Y154.09
N7606 X138.946 Y154.423
N7608 X139.167 Y154.833
N7610 X139.513 Y155.436
N7612 X139.864 Y155.948
N7614 X140.118 Y156.299
N7616 X140.498 Y156.78
N7618 X140.979 Y157.316
N7620 X141.445 Y157.785
N7622 X141.975 Y158.254
N7624 X142.51 Y158.678
N7626 X143.084 Y159.082
N7628 X143.377 Y159.276
N7630 X144.168 Y159.721
N7632 X144.4 Y159.839
N7634 X144.991 Y160.106
N7636 X145.377 Y160.265
N7638 X145.866 Y160.442
N7640 X146.433 Y160.619
N7642 X146.843 Y160.737
N7644 X147.332 Y160.846
N7646 X148.043 Y160.964
N7648 X148.474 Y161.022
N7650 X148.924 Y161.06
N7652 X149.388 Y161.085
N7654 X149.867 Y161.095
N7656 X150.377 Y161.074
N7658 X150.904 Y161.035
N7660 X150.849 Y160.435
N7662 X151.241 Y160.391
N7664 X151.73 Y160.318
N7666 X152.304 Y160.209
N7668 X152.848 Y160.068
N7670 X153.557 Y159.848
N7672 X153.907 Y159.721
N7674 X154.359 Y159.534
N7676 X155.006 Y159.232
N7678 X155.31 Y159.072
N7680 X155.875 Y158.743
N7682 X156.601 Y158.254
N7684 X157.212 Y157.766
N7686 X157.594 Y157.426
N7688 X157.752 Y157.277
N7690 X158.082 Y156.945
N7692 X158.571 Y156.405
N7694 X159.06 Y155.792
N7696 X159.548 Y155.067
N7698 X159.873 Y154.508
N7700 X160.037 Y154.197
N7702 X160.335 Y153.558
N7704 X160.526 Y153.093
N7706 X160.647 Y152.756
N7708 X160.868 Y152.046
N7710 X161.035 Y151.391
N7712 X161.142 Y150.795
N7714 X161.215 Y150.233
N7716 X161.259 Y149.701
N7718 X161.286 Y149.185
N7720 Y148.696
N7722 X161.264 Y148.229
N7724 X161.227 Y147.777
N7726 X161.173 Y147.343
N7728 X161.036 Y146.503
N7730 X160.913 Y146.036
N7732 X160.77 Y145.547
N7734 X160.585 Y144.999
N7736 X160.413 Y144.569
N7738 X160.148 Y143.97
N7740 X159.955 Y143.592
N7742 X159.635 Y143.017
N7744 X159.447 Y142.716
N7746 X159.048 Y142.137
N7748 X158.618 Y141.589
N7750 X156.509 Y139.193
N7752 X156.107 Y138.724
N7754 X155.639 Y138.134
N7756 X154.63 Y136.749
N7758 X154.173 Y136.101
N7760 X153.855 Y135.601
N7762 X153.368 Y134.794
N7764 X152.799 Y133.817
N7766 X152.533 Y133.328
N7768 X152.218 Y132.712
N7770 X151.817 Y131.862
N7772 X151.39 Y130.884
N7774 X151.153 Y130.308
N7776 X150.818 Y129.418 Z7.513
N7778 X150.55 Y128.643 Z7.493
N7780 X150.264 Y127.757 Z7.458
N7782 X150.036 Y126.974 Z7.412
N7784 X149.877 Y126.383 Z7.374
N7786 X149.778 Y125.994 Z7.345
N7788 X149.766 Y126.005 Z7.346
N7790 X149.569 Y126.768 Z7.399
N7792 X149.374 Y127.463 Z7.443
N7794 X149.122 Y128.276 Z7.48
N7796 X148.904 Y128.929 Z7.502
N7798 X148.732 Y129.418 Z7.513
N7800 X148.483 Y130.081 Z7.519
N7802 X148.309 Y130.525 Z7.52
N7804 X147.95 Y131.373
N7806 X147.658 Y132.024
N7808 X147.332 Y132.705
N7810 X147.01 Y133.328
N7812 X146.746 Y133.817
N7814 X146.354 Y134.502
N7816 X145.866 Y135.322
N7818 X145.377 Y136.096
N7820 X144.888 Y136.794
N7822 X143.846 Y138.216
N7824 X143.422 Y138.741
N7826 X142.608 Y139.682
N7828 X141.318 Y141.148
N7830 X140.899 Y141.637
N7832 X140.49 Y142.156
N7834 X140.002 Y142.888
N7836 X139.703 Y143.402
N7838 X139.513 Y143.76
N7840 X139.227 Y144.366
N7842 X139.024 Y144.856
N7844 X138.906 Y145.177
N7846 X138.682 Y145.889
N7848 X138.516 Y146.544
N7850 X138.41 Y147.139
N7852 X138.333 Y147.705
N7854 X138.287 Y148.239
N7856 X138.262 Y148.753
N7858 X138.266 Y149.238
N7860 X138.308 Y149.946
N7862 X138.355 Y150.434
N7864 X138.44 Y151.019
N7866 X138.515 Y151.432
N7868 X138.635 Y151.901
N7870 X138.839 Y152.575
N7872 X138.962 Y152.941
N7874 X139.131 Y153.367
N7876 X139.396 Y153.973
N7878 X139.582 Y154.344
N7880 X140.002 Y155.082
N7882 X140.295 Y155.517
N7884 X140.497 Y155.804
N7886 X140.923 Y156.353
N7888 X141.468 Y156.959
N7890 X141.783 Y157.277
N7892 X142.39 Y157.819
N7894 X142.939 Y158.249
N7896 X143.516 Y158.65
N7898 X143.817 Y158.837
N7900 X144.528 Y159.232
N7902 X144.888 Y159.406
N7904 X145.629 Y159.721
N7906 X145.866 Y159.809
N7908 X146.539 Y160.024
N7910 X147.203 Y160.209
N7912 X147.332 Y160.239
N7914 X148.146 Y160.373
N7916 X148.579 Y160.428
N7918 X149.031 Y160.464
N7920 X149.498 Y160.486
N7922 X149.984 Y160.488
N7924 X150.498 Y160.464
N7926 X150.849 Y160.435
N7928 X150.788 Y159.838
N7930 X151.241 Y159.788
N7932 X151.73 Y159.711
N7934 X152.365 Y159.574
N7936 X153.044 Y159.384
N7938 X153.498 Y159.232
N7940 X153.798 Y159.117
N7942 X154.679 Y158.726
N7944 X155.526 Y158.254
N7946 X155.845 Y158.048
N7948 X156.245 Y157.766
N7950 X156.856 Y157.277
N7952 X157.105 Y157.056
N7954 X157.39 Y156.788
N7956 X157.594 Y156.584
N7958 X157.859 Y156.299
N7960 X158.082 Y156.048
N7962 X158.277 Y155.811
N7964 X158.571 Y155.437
N7966 X158.849 Y155.044
N7968 X159.06 Y154.718
N7970 X159.548 Y153.834
N7972 X159.917 Y152.998
N7974 X160.037 Y152.682
N7976 X160.183 Y152.243
N7978 X160.374 Y151.563
N7980 X160.526 Y150.857
N7982 X160.599 Y150.36
N7984 X160.649 Y149.822
N7986 X160.68 Y149.302
N7988 X160.689 Y148.805
N7990 X160.67 Y148.335
N7992 X160.636 Y147.88
N7994 X160.583 Y147.444
N7996 X160.517 Y147.021
N7998 X160.419 Y146.524
N8000 X160.289 Y146.036
N8002 X160.116 Y145.468
N8004 X159.985 Y145.11
N8006 X159.76 Y144.569
N8008 X159.539 Y144.09
N8010 X159.194 Y143.457
N8012 X159.014 Y143.149
N8014 X158.571 Y142.503
N8016 X158.191 Y142.017
N8018 X157.594 Y141.329
N8020 X155.905 Y139.41
N8022 X155.639 Y139.099
N8024 X155.15 Y138.481
N8026 X154.173 Y137.141
N8028 X153.684 Y136.449
N8030 X153.232 Y135.735
N8032 X152.67 Y134.794
N8034 X152.15 Y133.885
N8036 X151.73 Y133.077
N8038 X151.241 Y132.045
N8040 X150.888 Y131.237
N8042 X150.604 Y130.544
N8044 X150.358 Y129.907 Z7.518
N8046 X150.077 Y129.116 Z7.506
N8048 X149.95 Y128.754 Z7.497
N8050 X149.775 Y128.304 Z7.482
N8052 X149.705 Y128.441 Z7.487
N8054 X149.369 Y129.418 Z7.513
N8056 X149.082 Y130.192 Z7.519
N8058 X148.798 Y130.914 Z7.52
N8060 X148.39 Y131.862
N8062 X148.04 Y132.619
N8064 X147.687 Y133.328
N8066 X147.43 Y133.817
N8068 X146.843 Y134.855
N8070 X146.191 Y135.935
N8072 X145.866 Y136.444
N8074 X145.307 Y137.238
N8076 X144.4 Y138.477
N8078 X143.824 Y139.193
N8080 X143.301 Y139.803
N8082 X141.688 Y141.637
N8084 X141.468 Y141.895
N8086 X140.979 Y142.51
N8088 X140.736 Y142.857
N8090 X140.49 Y143.239
N8092 X140.042 Y144.04
N8094 X139.642 Y144.929
N8096 X139.513 Y145.263
N8098 X139.367 Y145.693
N8100 X139.177 Y146.372
N8102 X139.024 Y147.091
N8104 X138.951 Y147.575
N8106 X138.896 Y148.118
N8108 X138.867 Y148.637
N8110 X138.862 Y149.13
N8112 X138.885 Y149.596
N8114 X138.918 Y150.052
N8116 X138.964 Y150.494
N8118 X139.03 Y150.918
N8120 X139.13 Y151.412
N8122 X139.261 Y151.901
N8124 X139.433 Y152.469
N8126 X139.561 Y152.83
N8128 X139.85 Y153.518
N8130 X140.002 Y153.852
N8132 X140.349 Y154.486
N8134 X140.554 Y154.833
N8136 X140.979 Y155.445
N8138 X141.353 Y155.925
N8140 X141.678 Y156.299
N8142 X142.047 Y156.697
N8144 X142.299 Y156.934
N8146 X142.819 Y157.391
N8148 X143.296 Y157.766
N8150 X143.948 Y158.217
N8152 X144.4 Y158.477
N8154 X144.888 Y158.743
N8156 X145.377 Y158.964
N8158 X146.03 Y159.232
N8160 X146.354 Y159.341
N8162 X147.025 Y159.538
N8164 X147.414 Y159.638
N8166 X147.82 Y159.714
N8168 X148.309 Y159.791
N8170 X148.798 Y159.846
N8172 X149.286 Y159.877
N8174 X149.606 Y159.889
N8176 X150.1 Y159.884
N8178 X150.752 Y159.842
N8180 X150.788 Y159.838
N8182 X150.74 Y159.244
N8184 X151.301 Y159.172
N8186 X151.9 Y159.062
N8188 X152.545 Y158.905
N8190 X153.196 Y158.702
N8192 X154.088 Y158.339
N8194 X154.268 Y158.254
N8196 X155.176 Y157.766
N8198 X155.892 Y157.277
N8200 X156.128 Y157.094
N8202 X156.505 Y156.788
N8204 X157.035 Y156.299
N8206 X157.494 Y155.811
N8208 X157.594 Y155.697
N8210 X157.898 Y155.322
N8212 X158.082 Y155.084
N8214 X158.571 Y154.368
N8216 X159.06 Y153.458
N8218 X159.14 Y153.287
N8220 X159.503 Y152.389
N8222 X159.706 Y151.743
N8224 X159.863 Y151.097
N8226 X159.981 Y150.434
N8228 X160.039 Y149.946
N8230 X160.075 Y149.418
N8232 X160.094 Y148.911
N8234 X160.076 Y148.44
N8236 X160.037 Y147.891
N8238 X159.985 Y147.502
N8240 X159.903 Y147.013
N8242 X159.798 Y146.524
N8244 X159.638 Y145.946
N8246 X159.508 Y145.547
N8248 X159.239 Y144.879
N8250 X159.06 Y144.476
N8252 X158.753 Y143.899
N8254 X158.571 Y143.573
N8256 X158.186 Y142.999
N8258 X157.98 Y142.716
N8260 X157.594 Y142.241
N8262 X155.347 Y139.682
N8264 X154.945 Y139.193
N8266 X154.608 Y138.758
N8268 X153.504 Y137.238
N8270 X153.175 Y136.769
N8272 X152.707 Y136.025
N8274 X151.976 Y134.794
N8276 X151.709 Y134.326
N8278 X151.368 Y133.689
N8280 X151.043 Y133.037
N8282 X150.731 Y132.372
N8284 X150.285 Y131.353
N8286 X149.888 Y130.396
N8288 X149.775 Y130.146 Z7.519
N8290 X149.653 Y130.396 Z7.52
N8292 X149.233 Y131.426
N8294 X148.798 Y132.417
N8296 X148.309 Y133.432
N8298 X147.82 Y134.355
N8300 X147.221 Y135.394
N8302 X146.694 Y136.261
N8304 X146.354 Y136.797
N8306 X145.693 Y137.727
N8308 X144.888 Y138.827
N8310 X144.4 Y139.437
N8312 X143.775 Y140.171
N8314 X142.058 Y142.126
N8316 X141.66 Y142.614
N8318 X141.468 Y142.864
N8320 X140.976 Y143.592
N8322 X140.455 Y144.569
N8324 X140.075 Y145.473
N8326 X140.002 Y145.683
N8328 X139.845 Y146.192
N8330 X139.689 Y146.837
N8332 X139.57 Y147.502
N8334 X139.507 Y147.991
N8336 X139.471 Y148.522
N8338 X139.456 Y149.025
N8340 X139.479 Y149.491
N8342 X139.513 Y150.007
N8344 X139.562 Y150.434
N8346 X139.644 Y150.923
N8348 X139.751 Y151.412
N8350 X139.912 Y151.99
N8352 X140.04 Y152.389
N8354 X140.23 Y152.878
N8356 X140.49 Y153.479
N8358 X140.79 Y154.044
N8360 X140.979 Y154.379
N8362 X141.358 Y154.943
N8364 X141.639 Y155.322
N8366 X142.046 Y155.811
N8368 X142.493 Y156.299
N8370 X143.036 Y156.788
N8372 X143.518 Y157.181
N8374 X143.911 Y157.464
N8376 X144.384 Y157.779
N8378 X145.015 Y158.127
N8380 X145.339 Y158.293
N8382 X146.026 Y158.582
N8384 X146.451 Y158.743
N8386 X147.131 Y158.944
N8388 X147.522 Y159.042
N8390 X147.929 Y159.123
N8392 X148.349 Y159.191
N8394 X148.783 Y159.246
N8396 X149.286 Y159.278
N8398 X149.775 Y159.294
N8400 X150.264 Y159.277
N8402 X150.74 Y159.244
N8404 X150.688 Y158.64
N8406 X150.873 Y158.622
N8408 X151.448 Y158.536
N8410 X152.062 Y158.411
N8412 X152.631 Y158.254
N8414 X152.742 Y158.219
N8416 X153.518 Y157.932
N8418 X153.894 Y157.766
N8420 X154.458 Y157.48
N8422 X154.815 Y157.277
N8424 X155.548 Y156.788
N8426 X156.128 Y156.325
N8428 X156.674 Y155.811
N8430 X157.129 Y155.322
N8432 X157.594 Y154.739
N8434 X158.082 Y154.006
N8436 X158.281 Y153.656
N8438 X158.571 Y153.083
N8440 X158.732 Y152.717
N8442 X159.019 Y151.942
N8444 X159.171 Y151.412
N8446 X159.212 Y151.26
N8448 X159.337 Y150.646
N8450 X159.418 Y150.076
N8452 X159.47 Y149.457
N8454 X159.493 Y148.968
N8456 X159.476 Y148.479
N8458 X159.439 Y147.991
N8460 X159.376 Y147.502
N8462 X159.291 Y147.013
N8464 X159.178 Y146.524
N8466 X159.044 Y146.051
N8468 X158.862 Y145.547
N8470 X158.636 Y144.993
N8472 X158.479 Y144.661
N8474 X158.137 Y144.026
N8476 X157.95 Y143.724
N8478 X157.594 Y143.199
N8480 X157.335 Y142.873
N8482 X157.117 Y142.605
N8484 X154.975 Y140.171
N8486 X154.567 Y139.682
N8488 X154.183 Y139.193
N8490 X153.116 Y137.727
N8492 X152.707 Y137.146
N8494 X152.218 Y136.376
N8496 X151.567 Y135.283
N8498 X151.241 Y134.718
N8500 X150.924 Y134.134
N8502 X150.758 Y133.817
N8504 X150.279 Y132.826
N8506 X149.843 Y131.862
N8508 X149.775 Y131.763
N8510 X149.644 Y131.992
N8512 X149.242 Y132.884
N8514 X148.774 Y133.841
N8516 X148.309 Y134.708
N8518 X147.663 Y135.822
N8520 X147.332 Y136.372
N8522 X146.778 Y137.238
N8524 X146.354 Y137.838
N8526 X145.333 Y139.237
N8528 X144.888 Y139.789
N8530 X144.144 Y140.659
N8532 X142.427 Y142.614
N8534 X141.956 Y143.209
N8536 X141.468 Y143.949
N8538 X141.292 Y144.256
N8540 X140.979 Y144.87
N8542 X140.829 Y145.208
N8544 X140.533 Y145.993
N8546 X140.49 Y146.125
N8548 X140.339 Y146.675
N8550 X140.215 Y147.289
N8552 X140.13 Y147.862
N8554 X140.076 Y148.479
N8556 X140.057 Y148.968
N8558 X140.078 Y149.457
N8560 X140.114 Y149.946
N8562 X140.172 Y150.434
N8564 X140.257 Y150.923
N8566 X140.371 Y151.412
N8568 X140.506 Y151.884
N8570 X140.684 Y152.389
N8572 X140.909 Y152.948
N8574 X141.064 Y153.281
N8576 X141.406 Y153.917
N8578 X141.593 Y154.219
N8580 X141.956 Y154.749
N8582 X142.445 Y155.357
N8584 X142.89 Y155.85
N8586 X143.406 Y156.316
N8588 X143.992 Y156.788
N8590 X144.524 Y157.153
N8592 X144.825 Y157.34
N8594 X145.461 Y157.682
N8596 X145.794 Y157.837
N8598 X146.354 Y158.064
N8600 X146.899 Y158.254
N8602 X147.332 Y158.377
N8604 X147.82 Y158.49
N8606 X148.309 Y158.576
N8608 X148.891 Y158.649
N8610 X149.349 Y158.68
N8612 X149.823 Y158.695
N8614 X150.337 Y158.67
N8616 X150.688 Y158.64
N8618 X150.626 Y158.04
N8620 X151.01 Y157.997
N8622 X151.597 Y157.898
N8624 X152.242 Y157.742
N8626 X152.971 Y157.501
N8628 X153.518 Y157.277
N8630 X153.832 Y157.129
N8632 X154.459 Y156.788
N8634 X155.028 Y156.421
N8636 X155.201 Y156.299
N8638 X155.639 Y155.943
N8640 X155.794 Y155.811
N8642 X156.128 Y155.499
N8644 X156.304 Y155.322
N8646 X156.616 Y154.986
N8648 X156.747 Y154.833
N8650 X157.14 Y154.344
N8652 X157.464 Y153.856
N8654 X157.594 Y153.65
N8656 X157.93 Y153.03
N8658 X158.082 Y152.706
N8660 X158.301 Y152.17
N8662 X158.571 Y151.342
N8664 X158.699 Y150.795
N8666 X158.795 Y150.21
N8668 X158.852 Y149.664
N8670 X158.883 Y149.144
N8672 X158.881 Y148.658
N8674 X158.853 Y148.197
N8676 X158.805 Y147.756
N8678 X158.74 Y147.333
N8680 X158.661 Y146.923
N8682 X158.561 Y146.534
N8684 X158.4 Y146.036
N8686 X158.178 Y145.451
N8688 X158.03 Y145.11
N8690 X157.696 Y144.467
N8692 X157.516 Y144.158
N8694 X157.105 Y143.547
N8696 X156.689 Y143.03
N8698 X154.604 Y140.659
N8700 X154.183 Y140.163
N8702 X153.684 Y139.526
N8704 X152.721 Y138.205
N8706 X152.218 Y137.493
N8708 X151.743 Y136.749
N8710 X151.158 Y135.772
N8712 X150.653 Y134.894
N8714 X150.264 Y134.166
N8716 X149.845 Y133.328
N8718 X149.775 Y133.233
N8720 X149.623 Y133.48
N8722 X149.207 Y134.306
N8724 X148.798 Y135.062
N8726 X148.309 Y135.91
N8728 X147.777 Y136.792
N8730 X147.332 Y137.488
N8732 X146.843 Y138.187
N8734 X145.866 Y139.523
N8736 X145.353 Y140.171
N8738 X144.888 Y140.719
N8740 X142.934 Y142.95
N8742 X142.417 Y143.592
N8744 X141.956 Y144.306
N8746 X141.639 Y144.887
N8748 X141.468 Y145.247
N8750 X141.254 Y145.76
N8752 X141.008 Y146.495
N8754 X140.979 Y146.596
N8756 X140.852 Y147.139
N8758 X140.754 Y147.727
N8760 X140.694 Y148.275
N8762 X140.665 Y148.794
N8764 X140.672 Y149.275
N8766 X140.7 Y149.736
N8768 X140.744 Y150.18
N8770 X140.808 Y150.606
N8772 X140.888 Y151.014
N8774 X140.989 Y151.402
N8776 X141.148 Y151.901
N8778 X141.367 Y152.489
N8780 X141.536 Y152.878
N8782 X141.847 Y153.476
N8784 X142.027 Y153.785
N8786 X142.445 Y154.4
N8788 X142.855 Y154.912
N8790 X143.224 Y155.322
N8792 X143.422 Y155.521
N8794 X143.832 Y155.889
N8796 X144.372 Y156.323
N8798 X144.958 Y156.718
N8800 X145.267 Y156.898
N8802 X145.91 Y157.233
N8804 X146.354 Y157.42
N8806 X146.843 Y157.601
N8808 X147.363 Y157.766
N8810 X147.82 Y157.879
N8812 X148.309 Y157.967
N8814 X148.798 Y158.033
N8816 X149.286 Y158.073
N8818 X149.775 Y158.087
N8820 X149.943 Y158.086
N8822 X150.461 Y158.057
N8824 X150.626 Y158.04
N8826 X150.586 Y157.443
N8828 X151.148 Y157.37
N8830 X151.638 Y157.277
N8832 X152.218 Y157.114
N8834 X152.45 Y157.045
N8836 X153.196 Y156.764
N8838 X154.11 Y156.299
N8840 X154.265 Y156.207
N8842 X154.843 Y155.811
N8844 X155.15 Y155.565
N8846 X155.436 Y155.322
N8848 X155.639 Y155.133
N8850 X155.938 Y154.833
N8852 X156.128 Y154.629
N8854 X156.368 Y154.344
N8856 X156.616 Y154.034
N8858 X157.008 Y153.464
N8860 X157.105 Y153.301
N8862 X157.566 Y152.389
N8864 X157.845 Y151.649
N8866 X158.048 Y150.958
N8868 X158.082 Y150.818
N8870 X158.171 Y150.346
N8872 X158.239 Y149.789
N8874 X158.276 Y149.263
N8876 X158.283 Y148.767
N8878 X158.259 Y148.302
N8880 X158.214 Y147.859
N8882 X158.15 Y147.434
N8884 X158.072 Y147.023
N8886 X157.927 Y146.524
N8888 X157.762 Y146.036
N8890 X157.568 Y145.547
N8892 X157.33 Y145.058
N8894 X157.064 Y144.569
N8896 X156.692 Y144.005
N8898 X156.482 Y143.726
N8900 X156.128 Y143.298
N8902 X154.205 Y141.116
N8904 X153.684 Y140.498
N8906 X153.196 Y139.874
N8908 X151.991 Y138.216
N8910 X151.653 Y137.727
N8912 X151.241 Y137.077
N8914 X150.752 Y136.265
N8916 X150.212 Y135.335
N8918 X149.91 Y134.794
N8920 X149.775 Y134.59
N8922 X149.456 Y135.113
N8924 X148.802 Y136.256
N8926 X148.205 Y137.238
N8928 X147.82 Y137.839
N8930 X147.208 Y138.704
N8932 X146.354 Y139.87
N8934 X145.866 Y140.488
N8936 X145.31 Y141.148
N8938 X143.422 Y143.304
N8940 X143.186 Y143.592
N8942 X142.934 Y143.913
N8944 X142.575 Y144.439
N8946 X142.445 Y144.657
N8948 X142.017 Y145.486
N8950 X141.956 Y145.628
N8952 X141.707 Y146.285
N8954 X141.504 Y146.977
N8956 X141.468 Y147.123
N8958 X141.38 Y147.589
N8960 X141.308 Y148.15
N8962 X141.271 Y148.676
N8964 X141.268 Y149.167
N8966 X141.294 Y149.63
N8968 X141.336 Y150.077
N8970 X141.397 Y150.505
N8972 X141.478 Y150.913
N8974 X141.622 Y151.412
N8976 X141.784 Y151.901
N8978 X141.969 Y152.376
N8980 X142.21 Y152.878
N8982 X142.474 Y153.367
N8984 X142.852 Y153.937
N8986 X143.062 Y154.216
N8988 X143.282 Y154.485
N8990 X143.591 Y154.833
N8992 X143.911 Y155.154
N8994 X144.259 Y155.462
N8996 X144.527 Y155.683
N8998 X144.806 Y155.893
N9000 X145.423 Y156.299
N9002 X145.866 Y156.537
N9004 X146.391 Y156.788
N9006 X146.843 Y156.964
N9008 X147.447 Y157.161
N9010 X147.85 Y157.277
N9012 X148.309 Y157.361
N9014 X148.798 Y157.429
N9016 X149.286 Y157.471
N9018 X149.568 Y157.484
N9020 X150.06 Y157.48
N9022 X150.586 Y157.443
N9024 X150.532 Y156.844
N9026 X150.752 Y156.823
N9028 X150.997 Y156.788
N9030 X151.297 Y156.732
N9032 X151.948 Y156.569
N9034 X152.682 Y156.324
N9036 X153.602 Y155.893
N9038 X153.75 Y155.811
N9040 X154.173 Y155.537
N9042 X154.492 Y155.322
N9044 X154.662 Y155.189
N9046 X155.087 Y154.833
N9048 X155.639 Y154.279
N9050 X155.993 Y153.856
N9052 X156.128 Y153.683
N9054 X156.341 Y153.367
N9056 X156.616 Y152.941
N9058 X156.694 Y152.8
N9060 X157.125 Y151.881
N9062 X157.37 Y151.147
N9064 X157.544 Y150.434
N9066 X157.594 Y150.157
N9068 X157.625 Y149.914
N9070 X157.67 Y149.38
N9072 X157.688 Y148.874
N9074 X157.667 Y148.406
N9076 X157.625 Y147.959
N9078 X157.553 Y147.502
N9080 X157.442 Y147.013
N9082 X157.296 Y146.524
N9084 X157.105 Y145.995
N9086 X156.902 Y145.547
N9088 X156.616 Y144.995
N9090 X156.348 Y144.569
N9092 X156.128 Y144.248
N9094 X155.999 Y144.081
N9096 X155.588 Y143.592
N9098 X153.684 Y141.43
N9100 X153.196 Y140.847
N9102 X152.684 Y140.193
N9104 X151.603 Y138.704
N9106 X151.241 Y138.192
N9108 X150.752 Y137.428
N9110 X150.05 Y136.261
N9112 X149.775 Y135.84
N9114 X149.286 Y136.615
N9116 X148.798 Y137.421
N9118 X148.292 Y138.216
N9120 X147.595 Y139.193
N9122 X146.843 Y140.222
N9124 X146.354 Y140.837
N9126 X145.679 Y141.637
N9128 X143.911 Y143.654
N9130 X143.564 Y144.081
N9132 X143.422 Y144.264
N9134 X143.219 Y144.569
N9136 X142.908 Y145.058
N9138 X142.445 Y146.018
N9140 X142.182 Y146.788
N9142 X142.007 Y147.502
N9144 X141.956 Y147.784
N9146 X141.923 Y148.023
N9148 X141.876 Y148.559
N9150 X141.863 Y149.061
N9152 X141.887 Y149.526
N9154 X141.925 Y149.977
N9156 X141.993 Y150.434
N9158 X142.107 Y150.923
N9160 X142.252 Y151.412
N9162 X142.445 Y151.955
N9164 X142.639 Y152.389
N9166 X142.934 Y152.959
N9168 X143.191 Y153.367
N9170 X143.489 Y153.789
N9172 X143.955 Y154.344
N9174 X144.448 Y154.833
N9176 X144.954 Y155.256
N9178 X145.377 Y155.555
N9180 X145.833 Y155.841
N9182 X146.354 Y156.108
N9184 X146.824 Y156.317
N9186 X147.332 Y156.496
N9188 X147.82 Y156.641
N9190 X148.339 Y156.758
N9192 X148.798 Y156.828
N9194 X149.286 Y156.872
N9196 X149.674 Y156.889
N9198 X150.264 Y156.868
N9200 X150.532 Y156.844
N9202 X150.464 Y156.246
N9204 X150.852 Y156.199
N9206 X151.466 Y156.074
N9208 X152.218 Y155.853
N9210 X152.336 Y155.811
N9212 X152.986 Y155.532
N9214 X153.387 Y155.322
N9216 X154.155 Y154.833
N9218 X154.662 Y154.407
N9220 X155.15 Y153.922
N9222 X155.623 Y153.367
N9224 X155.94 Y152.878
N9226 X156.128 Y152.577
N9228 X156.333 Y152.184
N9230 X156.616 Y151.519
N9232 X156.677 Y151.351
N9234 X156.875 Y150.664
N9236 X156.998 Y150.052
N9238 X157.063 Y149.457
N9240 X157.093 Y148.968
N9242 X157.071 Y148.479
N9244 X157.021 Y147.991
N9246 X156.937 Y147.502
N9248 X156.877 Y147.241
N9250 X156.771 Y146.858
N9252 X156.652 Y146.489
N9254 X156.465 Y146.036
N9256 X156.196 Y145.479
N9258 X156.017 Y145.168
N9260 X155.639 Y144.593
N9262 X155.189 Y144.047
N9264 X153.196 Y141.782
N9266 X152.667 Y141.148
N9268 X152.218 Y140.572
N9270 X151.054 Y138.967
N9272 X150.752 Y138.538
N9274 X150.264 Y137.779
N9276 X149.93 Y137.238
N9278 X149.775 Y137.027
N9280 X149.631 Y137.238
N9282 X148.798 Y138.534
N9284 X148.309 Y139.231
N9286 X147.263 Y140.659
N9288 X146.843 Y141.189
N9290 X146.354 Y141.772
N9292 X144.336 Y144.081
N9294 X143.936 Y144.569
N9296 X143.62 Y145.058
N9298 X143.422 Y145.378
N9300 X143.235 Y145.734
N9302 X142.934 Y146.427
N9304 X142.877 Y146.581
N9306 X142.676 Y147.27
N9308 X142.552 Y147.884
N9310 X142.484 Y148.479
N9312 X142.456 Y148.968
N9314 X142.484 Y149.457
N9316 X142.529 Y149.946
N9318 X142.584 Y150.296
N9320 X142.672 Y150.696
N9322 X142.777 Y151.079
N9324 X142.896 Y151.449
N9326 X143.078 Y151.901
N9328 X143.347 Y152.464
N9330 X143.525 Y152.775
N9332 X143.916 Y153.362
N9334 X144.357 Y153.894
N9336 X144.847 Y154.385
N9338 X145.381 Y154.829
N9340 X145.967 Y155.22
N9342 X146.278 Y155.398
N9344 X146.843 Y155.67
N9346 X147.291 Y155.851
N9348 X147.82 Y156.016
N9350 X148.044 Y156.075
N9352 X148.445 Y156.163
N9354 X148.866 Y156.23
N9356 X149.312 Y156.274
N9358 X149.775 Y156.296
N9360 X150.298 Y156.264
N9362 X150.464 Y156.246
N9364 X150.43 Y155.644
N9366 X151.004 Y155.559
N9368 X151.645 Y155.406
N9370 X151.916 Y155.322
N9372 X152.408 Y155.132
N9374 X153.028 Y154.833
N9376 X153.44 Y154.588
N9378 X153.793 Y154.344
N9380 X154.173 Y154.027
N9382 X154.362 Y153.856
N9384 X154.662 Y153.556
N9386 X154.831 Y153.367
N9388 X155.15 Y152.985
N9390 X155.388 Y152.641
N9392 X155.639 Y152.218
N9394 X155.932 Y151.608
N9396 X156.128 Y151.097
N9398 X156.207 Y150.844
N9400 X156.359 Y150.202
N9402 X156.441 Y149.632
N9404 X156.48 Y149.104
N9406 X156.474 Y148.622
N9408 X156.435 Y148.172
N9410 X156.371 Y147.747
N9412 X156.284 Y147.345
N9414 X156.178 Y146.962
N9416 X156.128 Y146.808
N9418 X156.019 Y146.524
N9420 X155.804 Y146.036
N9422 X155.639 Y145.71
N9424 X155.544 Y145.547
N9426 X155.199 Y145.011
N9428 X154.844 Y144.569
N9430 X152.699 Y142.126
N9432 X152.218 Y141.547
N9434 X151.73 Y140.919
N9436 X150.752 Y139.577
N9438 X150.191 Y138.777
N9440 X149.809 Y138.185
N9442 X149.775 Y138.183
N9444 X149.737 Y138.216
N9446 X149.617 Y138.374
N9448 X149.286 Y138.882
N9450 X148.723 Y139.682
N9452 X147.82 Y140.915
N9454 X147.25 Y141.637
N9456 X146.845 Y142.123
N9458 X144.888 Y144.361
N9460 X144.4 Y144.96
N9462 X144.192 Y145.266
N9464 X143.911 Y145.738
N9466 X143.629 Y146.318
N9468 X143.422 Y146.847
N9470 X143.345 Y147.09
N9472 X143.191 Y147.733
N9474 X143.107 Y148.306
N9476 X143.068 Y148.833
N9478 X143.079 Y149.312
N9480 X143.116 Y149.764
N9482 X143.177 Y150.19
N9484 X143.265 Y150.592
N9486 X143.37 Y150.975
N9488 X143.497 Y151.337
N9490 X143.738 Y151.901
N9492 X143.911 Y152.246
N9494 X143.994 Y152.389
N9496 X144.346 Y152.931
N9498 X144.697 Y153.367
N9500 X144.888 Y153.583
N9502 X145.16 Y153.856
N9504 X145.377 Y154.048
N9506 X145.811 Y154.399
N9508 X146.405 Y154.783
N9510 X146.724 Y154.952
N9512 X147.059 Y155.106
N9514 X147.403 Y155.25
N9516 X147.596 Y155.322
N9518 X147.82 Y155.393
N9520 X148.309 Y155.52
N9522 X148.55 Y155.57
N9524 X148.973 Y155.635
N9526 X149.422 Y155.675
N9528 X149.902 Y155.683
N9530 X150.43 Y155.644
N9532 X150.367 Y155.043
N9534 X150.563 Y155.023
N9536 X151.161 Y154.913
N9538 X151.47 Y154.833
N9540 X151.861 Y154.702
N9542 X152.674 Y154.344
N9544 X152.741 Y154.31
N9546 X153.196 Y154.018
N9548 X153.435 Y153.856
N9550 X153.684 Y153.652
N9552 X154.003 Y153.367
N9554 X154.173 Y153.196
N9556 X154.456 Y152.878
N9558 X154.662 Y152.626
N9560 X154.822 Y152.389
N9562 X155.111 Y151.94
N9564 X155.15 Y151.863
N9566 X155.501 Y151.061
N9568 X155.639 Y150.648
N9570 X155.713 Y150.36
N9572 X155.821 Y149.763
N9574 X155.87 Y149.225
N9576 X155.875 Y148.732
N9578 X155.841 Y148.277
N9580 X155.78 Y147.849
N9582 X155.695 Y147.446
N9584 X155.639 Y147.245
N9586 X155.561 Y147.013
N9588 X155.365 Y146.524
N9590 X155.133 Y146.036
N9592 X154.833 Y145.547
N9594 X154.662 Y145.298
N9596 X154.471 Y145.058
N9598 X153.879 Y144.375
N9600 X152.218 Y142.485
N9602 X151.73 Y141.896
N9604 X151.19 Y141.199
N9606 X150.087 Y139.682
N9608 X149.775 Y139.289
N9610 X149.286 Y139.928
N9612 X148.309 Y141.265
N9614 X147.82 Y141.886
N9616 X147.212 Y142.614
N9618 X145.377 Y144.713
N9620 X145.092 Y145.058
N9622 X144.888 Y145.317
N9624 X144.735 Y145.547
N9626 X144.465 Y145.97
N9628 X144.4 Y146.094
N9630 X144.056 Y146.868
N9632 X143.911 Y147.294
N9634 X143.838 Y147.575
N9636 X143.728 Y148.174
N9638 X143.678 Y148.712
N9640 X143.676 Y149.203
N9642 X143.709 Y149.658
N9644 X143.768 Y150.088
N9646 X143.854 Y150.491
N9648 X143.911 Y150.693
N9650 X143.987 Y150.923
N9652 X144.178 Y151.412
N9654 X144.404 Y151.896
N9656 X144.707 Y152.389
N9658 X144.888 Y152.651
N9660 X145.07 Y152.878
N9662 X145.377 Y153.229
N9664 X145.514 Y153.367
N9666 X145.965 Y153.756
N9668 X146.091 Y153.856
N9670 X146.354 Y154.039
N9672 X146.845 Y154.342
N9674 X147.332 Y154.569
N9676 X147.873 Y154.78
N9678 X148.036 Y154.833
N9680 X148.309 Y154.907
N9682 X148.652 Y154.978
N9684 X149.078 Y155.041
N9686 X149.532 Y155.076
N9688 X150.023 Y155.073
N9690 X150.367 Y155.043
N9692 X150.264 Y154.452
N9694 X150.752 Y154.387
N9696 X150.957 Y154.344
N9698 X151.343 Y154.242
N9700 X152.141 Y153.933
N9702 X152.299 Y153.856
N9704 X152.707 Y153.609
N9706 X153.09 Y153.367
N9708 X153.196 Y153.283
N9710 X153.684 Y152.847
N9712 X154.087 Y152.389
N9714 X154.173 Y152.281
N9716 X154.413 Y151.901
N9718 X154.662 Y151.488
N9720 X154.734 Y151.34
N9722 X155.04 Y150.544
N9724 X155.15 Y150.131
N9726 X155.196 Y149.9
N9728 X155.261 Y149.346
N9730 X155.279 Y148.839
N9732 X155.25 Y148.379
N9734 X155.193 Y147.948
N9736 X155.15 Y147.739
N9738 X155.086 Y147.502
N9740 X154.915 Y147.013
N9742 X154.694 Y146.494
N9744 X154.431 Y146.036
N9746 X154.173 Y145.648
N9748 X153.907 Y145.324
N9750 X153.455 Y144.801
N9752 X151.73 Y142.836
N9754 X151.145 Y142.126
N9756 X150.767 Y141.637
N9758 X150.051 Y140.659
N9760 X149.775 Y140.327
N9762 X149.509 Y140.659
N9764 X149.14 Y141.148
N9766 X148.732 Y141.702
N9768 X148.309 Y142.236
N9770 X147.582 Y143.103
N9772 X145.869 Y145.058
N9774 X145.466 Y145.547
N9776 X145.377 Y145.664
N9778 X145.145 Y146.036
N9780 X144.888 Y146.464
N9782 X144.83 Y146.582
N9784 X144.513 Y147.389
N9786 X144.4 Y147.811
N9788 X144.354 Y148.036
N9790 X144.286 Y148.592
N9792 X144.271 Y149.096
N9794 X144.301 Y149.556
N9796 X144.355 Y149.99
N9798 X144.4 Y150.201
N9800 X144.57 Y150.753
N9802 X144.704 Y151.107
N9804 X144.85 Y151.449
N9806 X145.108 Y151.901
N9808 X145.377 Y152.301
N9810 X145.639 Y152.616
N9812 X145.865 Y152.878
N9814 X146.354 Y153.299
N9816 X146.441 Y153.367
N9818 X146.843 Y153.638
N9820 X147.292 Y153.895
N9822 X147.82 Y154.118
N9824 X148.354 Y154.299
N9826 X148.524 Y154.344
N9828 X148.798 Y154.399
N9830 X149.286 Y154.46
N9832 X149.639 Y154.48
N9834 X150.143 Y154.464
N9836 X150.264 Y154.452
N9838 X149.775 Y148.975
N9840 G0 Z17.52
N9842 X154.051 Y145.413
N9844 Z10.487
N9846 G1 Z8.645
N9848 X152.949 Y145.147 Z7.516
N9850 X152.953 Y145.146
N9852 X151.241 Y143.188 Z7.52
N9854 X150.761 Y142.608
N9856 X150.264 Y141.964
N9858 X150.02 Y141.637
N9860 X149.775 Y141.346
N9862 X149.35 Y141.881
N9864 X148.68 Y142.732
N9866 X148.309 Y143.177
N9868 X147.312 Y144.325
N9870 X146.713 Y145.007 Z7.518
N9872 X146.674 Y145.058
N9874 X146.698
N9876 X147.087 Y144.792
N9878 X147.58 Y144.518 Z7.515
N9880 X147.82 Y144.418 Z7.512
N9882 X148.309 Y144.215 Z7.517
N9884 X148.556 Y144.138 Z7.519
N9886 X149.531 Y144.008 Z7.518
N9888 X150.507 Y144.059 Z7.519
N9890 X150.994 Y144.159 Z7.518
N9892 X151.529 Y144.304 Z7.515
N9894 X151.97 Y144.518
N9896 X152.495 Y144.792 Z7.518
N9898 X152.949 Y145.147 Z7.516
N9900 X152.492 Y144.791 Z7.518
N9902 X152.401 Y144.743 Z7.519
N9904 X151.568 Y144.128
N9906 X150.661 Y143.459 Z7.52
N9908 X150.659 Y143.447
N9910 X150.553 Y143.302
N9912 X150.001 Y142.614
N9914 X149.775 Y142.363
N9916 X149.556 Y142.614
N9918 X149.286 Y142.944
N9920 X149.171 Y143.103
N9922 X148.938 Y143.452
N9924 X149.454 Y143.424
N9926 X149.936 Y143.43
N9928 X150.589 Y143.464
N9930 X150.654 Y143.463
N9932 X150.661 Y143.459
N9934 X149.775 Y148.975
N9936 G0 Z17.52
N9938 X150.048 Y86.171
N9940 Z4.079
N9942 G1 Z2.041
N9944 X149.775 Y87.171 Z0.822
N9946 X149.847 Y86.897 Z0.799
N9948 X150.028 Y85.919 Z0.725
N9950 X150.264 Y84.827 Z0.657
N9952 X150.483 Y83.964 Z0.61
N9954 X150.752 Y83.007 Z0.571
N9956 X150.992 Y82.249 Z0.548
N9958 X151.24 Y81.521 Z0.532
N9960 X151.608 Y80.543 Z0.521
N9962 X151.858 Y79.926 Z0.52
N9964 X152.24 Y79.055
N9966 X152.697 Y78.099
N9968 X153.232 Y77.085
N9970 X153.776 Y76.144
N9972 X154.369 Y75.167
N9974 X154.703 Y74.636
N9976 X155.371 Y73.701
N9978 X156.128 Y72.666
N9980 X156.616 Y72.063
N9982 X157.311 Y71.257
N9984 X159.026 Y69.302
N9986 X159.548 Y68.635
N9988 X160.037 Y67.919
N9990 X160.161 Y67.711
N9992 X160.526 Y67.054
N9994 X160.723 Y66.661
N9996 X161.059 Y65.881
N9998 X161.348 Y65.058
N10000 X161.543 Y64.375
N10002 X161.674 Y63.754
N10004 X161.768 Y63.172
N10006 X161.834 Y62.617
N10008 X161.879 Y61.971
N10010 X161.893 Y61.482
N10012 X161.876 Y60.993
N10014 X161.82 Y60.187
N10016 X161.769 Y59.75
N10018 X161.701 Y59.329
N10020 X161.623 Y58.918
N10022 X161.532 Y58.521
N10024 X161.307 Y57.767
N10026 X161.185 Y57.401
N10028 X161.014 Y56.949
N10030 X160.76 Y56.36
N10032 X160.604 Y56.027
N10034 X160.383 Y55.617
N10036 X160.037 Y55.014
N10038 X159.685 Y54.502
N10040 X159.43 Y54.151
N10042 X159.052 Y53.669
N10044 X158.571 Y53.133
N10046 X158.105 Y52.665
N10048 X157.575 Y52.196
N10050 X157.04 Y51.772
N10052 X156.466 Y51.368
N10054 X156.173 Y51.173
N10056 X155.382 Y50.729
N10058 X155.15 Y50.611
N10060 X154.559 Y50.344
N10062 X154.173 Y50.184
N10064 X153.684 Y50.007
N10066 X153.117 Y49.83
N10068 X152.707 Y49.713
N10070 X152.218 Y49.605
N10072 X151.507 Y49.486
N10074 X151.075 Y49.429
N10076 X150.625 Y49.39
N10078 X150.161 Y49.365
N10080 X149.683 Y49.355
N10082 X149.173 Y49.377
N10084 X148.646 Y49.415
N10086 X148.092 Y49.48
N10088 X147.509 Y49.574
N10090 X146.843 Y49.718
N10092 X146.203 Y49.903
N10094 X145.377 Y50.189
N10096 X144.615 Y50.514
N10098 X144.181 Y50.729
N10100 X143.576 Y51.064
N10102 X143.32 Y51.218
N10104 X142.608 Y51.707
N10106 X141.956 Y52.216
N10108 X141.433 Y52.684
N10110 X140.947 Y53.173
N10112 X140.49 Y53.687
N10114 X140.002 Y54.316
N10116 X139.513 Y55.027
N10118 X139.362 Y55.279
N10120 X139.024 Y55.891
N10122 X138.813 Y56.317
N10124 X138.486 Y57.083
N10126 X138.203 Y57.905
N10128 X138.006 Y58.59
N10130 X137.873 Y59.212
N10132 X137.779 Y59.795
N10134 X137.719 Y60.344
N10136 X137.675 Y60.993
N10138 X137.657 Y61.482
N10140 X137.67 Y61.971
N10142 X137.7 Y62.459
N10144 X137.749 Y62.948
N10146 X137.852 Y63.632
N10148 X137.927 Y64.045
N10150 X138.047 Y64.538
N10152 X138.243 Y65.196
N10154 X138.368 Y65.56
N10156 X138.536 Y65.998
N10158 X138.692 Y66.369
N10160 X138.954 Y66.928
N10162 X139.299 Y67.561
N10164 X139.513 Y67.932
N10166 X140.002 Y68.644
N10168 X140.127 Y68.813
N10170 X140.507 Y69.285
N10172 X142.792 Y71.887
N10174 X143.083 Y72.234
N10176 X143.448 Y72.698
N10178 X144.532 Y74.189
N10180 X144.881 Y74.685
N10182 X145.377 Y75.48
N10184 X146.063 Y76.633
N10186 X146.346 Y77.128
N10188 X146.685 Y77.768
N10190 X147.01 Y78.421
N10192 X147.32 Y79.077
N10194 X147.621 Y79.765
N10196 X147.82 Y80.238 Z0.521
N10198 X148.13 Y81.032 Z0.527
N10200 X148.309 Y81.516 Z0.532
N10202 X148.566 Y82.267 Z0.548
N10204 X148.791 Y82.98 Z0.57
N10206 X149.07 Y83.964 Z0.61
N10208 X149.214 Y84.525 Z0.639
N10210 X149.42 Y85.431 Z0.694
N10212 X149.616 Y86.408 Z0.761
N10214 X149.775 Y87.171 Z0.822
N10216 Y85.919 Z0.725
N10218 Y84.173 Z0.621
N10220 X149.858 Y83.964 Z0.61
N10222 X150.134 Y82.987 Z0.57
N10224 X150.276 Y82.511 Z0.554
N10226 X150.526 Y81.747 Z0.536
N10228 X150.772 Y81.051 Z0.528
N10230 X151.042 Y80.344 Z0.521
N10232 X151.241 Y79.848 Z0.52
N10234 X151.575 Y79.077
N10236 X151.855 Y78.462
N10238 X152.333 Y77.496
N10240 X152.799 Y76.633
N10242 X153.196 Y75.946
N10244 X153.684 Y75.132
N10246 X154.173 Y74.355
N10248 X154.662 Y73.656
N10250 X155.704 Y72.234
N10252 X156.128 Y71.71
N10254 X156.941 Y70.768
N10256 X158.23 Y69.302
N10258 X158.649 Y68.813
N10260 X159.06 Y68.294
N10262 X159.548 Y67.562
N10264 X159.849 Y67.046
N10266 X160.037 Y66.691
N10268 X160.324 Y66.083
N10270 X160.526 Y65.595
N10272 X160.645 Y65.273
N10274 X160.868 Y64.561
N10276 X161.034 Y63.906
N10278 X161.14 Y63.311
N10280 X161.217 Y62.745
N10282 X161.263 Y62.21
N10284 X161.288 Y61.697
N10286 X161.284 Y61.212
N10288 X161.243 Y60.504
N10290 X161.197 Y60.016
N10292 X161.126 Y59.527
N10294 X161.035 Y59.017
N10296 X160.915 Y58.549
N10298 X160.711 Y57.875
N10300 X160.588 Y57.509
N10302 X160.419 Y57.083
N10304 X160.154 Y56.477
N10306 X159.968 Y56.106
N10308 X159.641 Y55.524
N10310 X159.454 Y55.223
N10312 X159.052 Y54.647
N10314 X158.627 Y54.096
N10316 X158.082 Y53.49
N10318 X157.767 Y53.173
N10320 X157.16 Y52.631
N10322 X156.611 Y52.201
N10324 X156.034 Y51.8
N10326 X155.733 Y51.613
N10328 X155.022 Y51.218
N10330 X154.662 Y51.044
N10332 X153.921 Y50.729
N10334 X153.684 Y50.641
N10336 X153.011 Y50.425
N10338 X152.632 Y50.316
N10340 X152.218 Y50.212
N10342 X151.404 Y50.078
N10344 X150.97 Y50.023
N10346 X150.518 Y49.986
N10348 X150.052 Y49.964
N10350 X149.565 Y49.962
N10352 X149.052 Y49.986
N10354 X148.518 Y50.032
N10356 X147.953 Y50.108
N10358 X147.358 Y50.215
N10360 X146.702 Y50.382
N10362 X145.993 Y50.602
N10364 X145.643 Y50.729
N10366 X145.191 Y50.916
N10368 X144.544 Y51.218
N10370 X144.239 Y51.379
N10372 X143.676 Y51.707
N10374 X142.949 Y52.196
N10376 X142.338 Y52.684
N10378 X141.956 Y53.025
N10380 X141.799 Y53.173
N10382 X141.468 Y53.505
N10384 X141.32 Y53.662
N10386 X140.979 Y54.045
N10388 X140.49 Y54.658
N10390 X140.002 Y55.383
N10392 X139.677 Y55.941
N10394 X139.513 Y56.254
N10396 X139.215 Y56.892
N10398 X139.024 Y57.358
N10400 X138.903 Y57.693
N10402 X138.682 Y58.403
N10404 X138.515 Y59.059
N10406 X138.406 Y59.657
N10408 X138.334 Y60.218
N10410 X138.277 Y60.993
N10412 X138.264 Y61.265
N10414 Y61.754
N10416 X138.286 Y62.22
N10418 X138.322 Y62.673
N10420 X138.377 Y63.107
N10422 X138.514 Y63.947
N10424 X138.637 Y64.414
N10426 X138.78 Y64.903
N10428 X138.965 Y65.451
N10430 X139.137 Y65.881
N10432 X139.402 Y66.48
N10434 X139.595 Y66.858
N10436 X139.915 Y67.433
N10438 X140.103 Y67.734
N10440 X140.502 Y68.313
N10442 X140.979 Y68.912
N10444 X143.041 Y71.257
N10446 X143.443 Y71.725
N10448 X143.911 Y72.315
N10450 X144.92 Y73.701
N10452 X145.377 Y74.35
N10454 X145.694 Y74.85
N10456 X146.473 Y76.144
N10458 X146.843 Y76.789
N10460 X147.297 Y77.645
N10462 X147.755 Y78.588
N10464 X148.078 Y79.308
N10466 X148.369 Y79.995
N10468 X148.644 Y80.697 Z0.523
N10470 X148.946 Y81.521 Z0.532
N10472 X149.155 Y82.14 Z0.545
N10474 X149.388 Y82.886 Z0.567
N10476 X149.715 Y84.024 Z0.613
N10478 X149.775 Y84.173 Z0.621
N10480 Y82.987 Z0.57
N10482 Y82.014 Z0.542
N10484 X149.786 Y82.009
N10486 X149.97 Y81.521 Z0.532
N10488 X150.264 Y80.697 Z0.524
N10490 X150.677 Y79.641 Z0.52
N10492 X151.137 Y78.588
N10494 X151.478 Y77.862
N10496 X151.853 Y77.122
N10498 X152.218 Y76.443
N10500 X152.707 Y75.593
N10502 X153.362 Y74.512
N10504 X153.684 Y74.007
N10506 X154.243 Y73.212
N10508 X155.15 Y71.974
N10510 X155.726 Y71.257
N10512 X156.249 Y70.647
N10514 X157.859 Y68.813
N10516 X158.082 Y68.553
N10518 X158.571 Y67.939
N10520 X158.813 Y67.594
N10522 X159.06 Y67.211
N10524 X159.509 Y66.408
N10526 X159.908 Y65.521
N10528 X160.037 Y65.188
N10530 X160.183 Y64.757
N10532 X160.373 Y64.078
N10534 X160.526 Y63.36
N10536 X160.599 Y62.875
N10538 X160.654 Y62.331
N10540 X160.683 Y61.813
N10542 X160.688 Y61.32
N10544 X160.665 Y60.853
N10546 X160.633 Y60.397
N10548 X160.588 Y59.953
N10550 X160.519 Y59.533
N10552 X160.419 Y59.038
N10554 X160.289 Y58.549
N10556 X160.117 Y57.981
N10558 X159.989 Y57.62
N10560 X159.7 Y56.931
N10562 X159.548 Y56.597
N10564 X159.201 Y55.964
N10566 X158.996 Y55.617
N10568 X158.571 Y55.007
N10570 X158.197 Y54.525
N10572 X157.872 Y54.151
N10574 X157.503 Y53.752
N10576 X157.251 Y53.515
N10578 X156.731 Y53.058
N10580 X156.253 Y52.684
N10582 X155.601 Y52.233
N10584 X155.15 Y51.973
N10586 X154.662 Y51.707
N10588 X154.173 Y51.486
N10590 X153.52 Y51.218
N10592 X153.196 Y51.109
N10594 X152.525 Y50.912
N10596 X152.135 Y50.812
N10598 X151.73 Y50.736
N10600 X151.241 Y50.659
N10602 X150.752 Y50.604
N10604 X150.264 Y50.573
N10606 X149.944 Y50.561
N10608 X149.449 Y50.566
N10610 X148.798 Y50.608
N10612 X148.309 Y50.661
N10614 X147.82 Y50.738
N10616 X147.185 Y50.875
N10618 X146.506 Y51.066
N10620 X146.052 Y51.218
N10622 X145.751 Y51.333
N10624 X144.871 Y51.724
N10626 X144.025 Y52.196
N10628 X143.704 Y52.403
N10630 X143.305 Y52.684
N10632 X142.695 Y53.173
N10634 X142.445 Y53.395
N10636 X142.16 Y53.662
N10638 X141.956 Y53.866
N10640 X141.69 Y54.151
N10642 X141.468 Y54.402
N10644 X141.273 Y54.639
N10646 X140.979 Y55.013
N10648 X140.702 Y55.406
N10650 X140.49 Y55.733
N10652 X140.002 Y56.617
N10654 X139.633 Y57.452
N10656 X139.513 Y57.769
N10658 X139.367 Y58.207
N10660 X139.176 Y58.887
N10662 X139.024 Y59.587
N10664 X138.949 Y60.091
N10666 X138.901 Y60.628
N10668 X138.869 Y61.148
N10670 X138.861 Y61.645
N10672 X138.88 Y62.115
N10674 X138.914 Y62.569
N10676 X138.967 Y63.005
N10678 X139.033 Y63.428
N10680 X139.131 Y63.926
N10682 X139.261 Y64.414
N10684 X139.434 Y64.982
N10686 X139.565 Y65.339
N10688 X139.855 Y66.027
N10690 X140.011 Y66.36
N10692 X140.356 Y66.993
N10694 X140.536 Y67.301
N10696 X140.979 Y67.947
N10698 X141.36 Y68.432
N10700 X142.201 Y69.396
N10702 X143.645 Y71.039
N10704 X143.911 Y71.351
N10706 X144.4 Y71.969
N10708 X145.377 Y73.309
N10710 X145.866 Y74.001
N10712 X146.316 Y74.714
N10714 X147.047 Y75.94
N10716 X147.441 Y76.633
N10718 X147.82 Y77.351
N10720 X148.309 Y78.356
N10722 X148.682 Y79.193
N10724 X148.969 Y79.883
N10726 X149.286 Y80.698 Z0.523
N10728 X149.632 Y81.664 Z0.535
N10730 X149.764 Y82.009 Z0.542
N10732 X149.775 Y82.014
N10734 Y80.543 Z0.522
N10736 Y80.208 Z0.52
N10738 X149.861 Y80.054
N10740 X150.264 Y79.078
N10742 X150.752 Y77.99
N10744 X151.177 Y77.122
N10746 X151.73 Y76.087
N10748 X152.33 Y75.055
N10750 X152.857 Y74.189
N10752 X153.196 Y73.653
N10754 X153.857 Y72.723
N10756 X154.662 Y71.624
N10758 X155.15 Y71.013
N10760 X155.775 Y70.279
N10762 X157.489 Y68.324
N10764 X157.888 Y67.836
N10766 X158.082 Y67.585
N10768 X158.574 Y66.858
N10770 X159.095 Y65.881
N10772 X159.475 Y64.976
N10774 X159.548 Y64.767
N10776 X159.705 Y64.257
N10778 X159.861 Y63.612
N10780 X159.98 Y62.948
N10782 X160.042 Y62.459
N10784 X160.079 Y61.928
N10786 X160.094 Y61.425
N10788 X160.071 Y60.959
N10790 X160.037 Y60.436
N10792 X159.991 Y60.016
N10794 X159.906 Y59.527
N10796 X159.798 Y59.038
N10798 X159.638 Y58.46
N10800 X159.51 Y58.061
N10802 X159.32 Y57.572
N10804 X159.06 Y56.97
N10806 X158.76 Y56.405
N10808 X158.571 Y56.071
N10810 X158.191 Y55.508
N10812 X157.91 Y55.128
N10814 X157.504 Y54.639
N10816 X157.057 Y54.151
N10818 X156.514 Y53.662
N10820 X156.032 Y53.269
N10822 X155.639 Y52.986
N10824 X155.166 Y52.67
N10826 X154.535 Y52.322
N10828 X154.211 Y52.157
N10830 X153.523 Y51.868
N10832 X153.099 Y51.707
N10834 X152.419 Y51.506
N10836 X152.028 Y51.408
N10838 X151.62 Y51.328
N10840 X151.2 Y51.259
N10842 X150.766 Y51.204
N10844 X150.264 Y51.172
N10846 X149.775 Y51.156
N10848 X149.286 Y51.173
N10850 X148.693 Y51.218
N10852 X148.25 Y51.277
N10854 X147.651 Y51.387
N10856 X147.005 Y51.545
N10858 X146.354 Y51.748
N10860 X145.461 Y52.111
N10862 X145.282 Y52.196
N10864 X144.374 Y52.684
N10866 X143.658 Y53.173
N10868 X143.422 Y53.356
N10870 X143.045 Y53.662
N10872 X142.515 Y54.151
N10874 X142.055 Y54.639
N10876 X141.956 Y54.752
N10878 X141.652 Y55.128
N10880 X141.468 Y55.366
N10882 X140.979 Y56.082
N10884 X140.49 Y56.993
N10886 X140.411 Y57.163
N10888 X140.047 Y58.061
N10890 X139.844 Y58.707
N10892 X139.686 Y59.353
N10894 X139.567 Y60.016
N10896 X139.511 Y60.504
N10898 X139.475 Y61.031
N10900 X139.456 Y61.539
N10902 X139.474 Y62.009
N10904 X139.513 Y62.557
N10906 X139.565 Y62.948
N10908 X139.647 Y63.437
N10910 X139.752 Y63.926
N10912 X139.912 Y64.504
N10914 X140.031 Y64.873
N10916 X140.311 Y65.571
N10918 X140.49 Y65.974
N10920 X140.797 Y66.551
N10922 X140.979 Y66.876
N10924 X141.364 Y67.45
N10926 X141.57 Y67.733
N10928 X141.956 Y68.207
N10930 X144.204 Y70.768
N10932 X144.605 Y71.257
N10934 X144.942 Y71.692
N10936 X146.045 Y73.212
N10938 X146.374 Y73.681
N10940 X146.843 Y74.426
N10942 X147.576 Y75.656
N10944 X147.844 Y76.12
N10946 X148.309 Y76.989
N10948 X148.798 Y77.985
N10950 X149.137 Y78.737
N10952 X149.286 Y79.077
N10954 X149.573 Y79.767
N10956 X149.775 Y80.208
N10958 Y78.622
N10960 X149.807 Y78.588
N10962 X149.858 Y78.505
N10964 X150.268 Y77.611
N10966 X150.752 Y76.636
N10968 X151.343 Y75.553
N10970 X151.889 Y74.625
N10972 X152.218 Y74.081
N10974 X152.772 Y73.212
N10976 X153.196 Y72.613
N10978 X154.219 Y71.211
N10980 X154.662 Y70.661
N10982 X155.405 Y69.791
N10984 X157.105 Y67.854
N10986 X157.594 Y67.239
N10988 X158.082 Y66.501
N10990 X158.259 Y66.193
N10992 X158.571 Y65.581
N10994 X158.722 Y65.241
N10996 X159.018 Y64.456
N10998 X159.06 Y64.326
N11000 X159.211 Y63.774
N11002 X159.335 Y63.161
N11004 X159.42 Y62.587
N11006 X159.474 Y61.971
N11008 X159.493 Y61.482
N11010 X159.472 Y60.993
N11012 X159.436 Y60.504
N11014 X159.379 Y60.016
N11016 X159.293 Y59.527
N11018 X159.179 Y59.038
N11020 X159.043 Y58.565
N11022 X158.866 Y58.061
N11024 X158.641 Y57.502
N11026 X158.486 Y57.168
N11028 X158.144 Y56.533
N11030 X157.957 Y56.231
N11032 X157.594 Y55.703
N11034 X157.105 Y55.093
N11036 X156.66 Y54.6
N11038 X156.144 Y54.134
N11040 X155.558 Y53.662
N11042 X155.026 Y53.297
N11044 X154.724 Y53.11
N11046 X154.089 Y52.768
N11048 X153.756 Y52.612
N11050 X153.196 Y52.385
N11052 X152.652 Y52.196
N11054 X152.218 Y52.073
N11056 X151.73 Y51.96
N11058 X151.241 Y51.875
N11060 X150.658 Y51.801
N11062 X150.2 Y51.77
N11064 X149.727 Y51.755
N11066 X149.213 Y51.78
N11068 X148.677 Y51.828
N11070 X148.103 Y51.913
N11072 X147.489 Y52.039
N11074 X146.919 Y52.196
N11076 X146.807 Y52.231
N11078 X146.032 Y52.518
N11080 X145.656 Y52.684
N11082 X145.091 Y52.97
N11084 X144.735 Y53.173
N11086 X144.003 Y53.662
N11088 X143.422 Y54.125
N11090 X142.875 Y54.639
N11092 X142.42 Y55.128
N11094 X141.956 Y55.711
N11096 X141.468 Y56.444
N11098 X141.269 Y56.793
N11100 X140.979 Y57.367
N11102 X140.818 Y57.733
N11104 X140.532 Y58.508
N11106 X140.379 Y59.038
N11108 X140.338 Y59.19
N11110 X140.212 Y59.805
N11112 X140.131 Y60.375
N11114 X140.08 Y60.993
N11116 X140.057 Y61.482
N11118 X140.074 Y61.971
N11120 X140.111 Y62.459
N11122 X140.174 Y62.948
N11124 X140.259 Y63.437
N11126 X140.372 Y63.926
N11128 X140.506 Y64.399
N11130 X140.688 Y64.903
N11132 X140.914 Y65.457
N11134 X141.071 Y65.788
N11136 X141.413 Y66.424
N11138 X141.6 Y66.726
N11140 X141.956 Y67.25
N11142 X142.215 Y67.576
N11144 X142.428 Y67.836
N11146 X144.575 Y70.279
N11148 X144.983 Y70.768
N11150 X145.367 Y71.257
N11152 X146.433 Y72.723
N11154 X146.843 Y73.304
N11156 X147.332 Y74.075
N11158 X147.985 Y75.167
N11160 X148.309 Y75.724
N11162 X148.798 Y76.628
N11164 X149.284 Y77.611
N11166 X149.735 Y78.588
N11168 X149.753 Y78.61
N11170 X149.775 Y78.622
N11172 Y77.181
N11174 X149.82 Y77.122
N11176 X149.897 Y77.
N11178 X150.264 Y76.278
N11180 X150.6 Y75.656
N11182 X151.04 Y74.879
N11184 X151.777 Y73.653
N11186 X152.218 Y72.962
N11188 X152.707 Y72.263
N11190 X153.684 Y70.928
N11192 X154.197 Y70.279
N11194 X154.662 Y69.731
N11196 X156.616 Y67.497
N11198 X157.132 Y66.858
N11200 X157.594 Y66.144
N11202 X157.912 Y65.562
N11204 X158.082 Y65.204
N11206 X158.296 Y64.689
N11208 X158.542 Y63.954
N11210 X158.571 Y63.854
N11212 X158.698 Y63.31
N11214 X158.796 Y62.723
N11216 X158.856 Y62.174
N11218 X158.885 Y61.656
N11220 X158.878 Y61.174
N11222 X158.85 Y60.714
N11224 X158.806 Y60.269
N11226 X158.742 Y59.844
N11228 X158.661 Y59.436
N11230 X158.561 Y59.048
N11232 X158.402 Y58.549
N11234 X158.182 Y57.96
N11236 X158.014 Y57.572
N11238 X157.703 Y56.974
N11240 X157.523 Y56.665
N11242 X157.105 Y56.052
N11244 X156.695 Y55.538
N11246 X156.326 Y55.128
N11248 X156.128 Y54.929
N11250 X155.717 Y54.561
N11252 X155.177 Y54.127
N11254 X154.592 Y53.731
N11256 X154.283 Y53.551
N11258 X153.64 Y53.217
N11260 X153.196 Y53.03
N11262 X152.707 Y52.849
N11264 X152.188 Y52.684
N11266 X151.73 Y52.571
N11268 X151.241 Y52.483
N11270 X150.752 Y52.417
N11272 X150.264 Y52.377
N11274 X149.775 Y52.363
N11276 X149.607 Y52.364
N11278 X149.089 Y52.393
N11280 X148.541 Y52.452
N11282 X147.953 Y52.551
N11284 X147.308 Y52.708
N11286 X146.579 Y52.949
N11288 X146.032 Y53.173
N11290 X145.718 Y53.321
N11292 X145.091 Y53.662
N11294 X144.52 Y54.03
N11296 X144.349 Y54.151
N11298 X143.911 Y54.507
N11300 X143.757 Y54.639
N11302 X143.422 Y54.951
N11304 X143.246 Y55.128
N11306 X142.934 Y55.463
N11308 X142.802 Y55.617
N11310 X142.41 Y56.106
N11312 X142.086 Y56.594
N11314 X141.956 Y56.8
N11316 X141.62 Y57.419
N11318 X141.468 Y57.744
N11320 X141.249 Y58.28
N11322 X140.979 Y59.109
N11324 X140.85 Y59.656
N11326 X140.753 Y60.241
N11328 X140.697 Y60.786
N11330 X140.666 Y61.306
N11332 X140.669 Y61.792
N11334 X140.697 Y62.253
N11336 X140.745 Y62.693
N11338 X140.81 Y63.117
N11340 X140.889 Y63.526
N11342 X140.989 Y63.915
N11344 X141.15 Y64.414
N11346 X141.372 Y64.999
N11348 X141.52 Y65.34
N11350 X141.854 Y65.983
N11352 X142.034 Y66.291
N11354 X142.445 Y66.902
N11356 X142.862 Y67.418
N11358 X144.947 Y69.791
N11360 X145.367 Y70.287
N11362 X145.866 Y70.923
N11364 X146.829 Y72.245
N11366 X147.332 Y72.957
N11368 X147.806 Y73.701
N11370 X148.393 Y74.678
N11372 X148.9 Y75.553
N11374 X149.286 Y76.268
N11376 X149.721 Y77.122
N11378 X149.775 Y77.181
N11380 Y75.845
N11382 X150.082 Y75.349
N11384 X150.465 Y74.678
N11386 X150.748 Y74.194
N11388 X151.346 Y73.212
N11390 X151.73 Y72.611
N11392 X152.342 Y71.746
N11394 X153.196 Y70.58
N11396 X153.684 Y69.963
N11398 X154.24 Y69.302
N11400 X156.128 Y67.144
N11402 X156.616 Y66.536
N11404 X156.975 Y66.011
N11406 X157.105 Y65.794
N11408 X157.533 Y64.963
N11410 X157.594 Y64.823
N11412 X157.843 Y64.165
N11414 X158.047 Y63.473
N11416 X158.082 Y63.328
N11418 X158.17 Y62.86
N11420 X158.242 Y62.299
N11422 X158.279 Y61.774
N11424 X158.281 Y61.283
N11426 X158.256 Y60.819
N11428 X158.215 Y60.371
N11430 X158.153 Y59.945
N11432 X158.072 Y59.537
N11434 X157.928 Y59.038
N11436 X157.766 Y58.549
N11438 X157.581 Y58.074
N11440 X157.34 Y57.572
N11442 X157.075 Y57.083
N11444 X156.696 Y56.514
N11446 X156.487 Y56.235
N11448 X156.268 Y55.966
N11450 X155.959 Y55.617
N11452 X155.639 Y55.295
N11454 X155.291 Y54.988
N11456 X155.022 Y54.767
N11458 X154.744 Y54.557
N11460 X154.127 Y54.151
N11462 X153.684 Y53.913
N11464 X153.159 Y53.662
N11466 X152.707 Y53.486
N11468 X152.103 Y53.288
N11470 X151.699 Y53.173
N11472 X151.241 Y53.09
N11474 X150.752 Y53.021
N11476 X150.264 Y52.979
N11478 X149.982 Y52.966
N11480 X149.489 Y52.97
N11482 X148.964 Y53.007
N11484 X148.403 Y53.079
N11486 X147.908 Y53.173
N11488 X147.332 Y53.336
N11490 X147.1 Y53.405
N11492 X146.354 Y53.686
N11494 X145.44 Y54.151
N11496 X145.284 Y54.244
N11498 X144.708 Y54.639
N11500 X144.4 Y54.886
N11502 X144.114 Y55.128
N11504 X143.911 Y55.317
N11506 X143.611 Y55.617
N11508 X143.422 Y55.821
N11510 X143.181 Y56.106
N11512 X142.934 Y56.416
N11514 X142.543 Y56.985
N11516 X142.445 Y57.149
N11518 X141.984 Y58.061
N11520 X141.705 Y58.801
N11522 X141.502 Y59.492
N11524 X141.468 Y59.631
N11526 X141.378 Y60.105
N11528 X141.31 Y60.662
N11530 X141.273 Y61.187
N11532 X141.267 Y61.683
N11534 X141.291 Y62.147
N11536 X141.336 Y62.591
N11538 X141.4 Y63.016
N11540 X141.478 Y63.426
N11542 X141.623 Y63.926
N11544 X141.788 Y64.414
N11546 X141.982 Y64.903
N11548 X142.22 Y65.392
N11550 X142.486 Y65.881
N11552 X142.858 Y66.445
N11554 X143.069 Y66.723
N11556 X143.422 Y67.149
N11558 X145.345 Y69.334
N11560 X145.866 Y69.951
N11562 X146.354 Y70.576
N11564 X147.558 Y72.234
N11566 X147.897 Y72.723
N11568 X148.309 Y73.374
N11570 X149.089 Y74.678
N11572 X149.646 Y75.656
N11574 X149.775 Y75.845
N11576 Y74.604
N11578 X150.264 Y73.834
N11580 X150.752 Y73.031
N11582 X151.241 Y72.26
N11584 X151.956 Y71.257
N11586 X152.707 Y70.228
N11588 X153.196 Y69.613
N11590 X153.871 Y68.813
N11592 X155.639 Y66.794
N11594 X155.985 Y66.369
N11596 X156.128 Y66.185
N11598 X156.331 Y65.881
N11600 X156.642 Y65.392
N11602 X157.105 Y64.433
N11604 X157.369 Y63.662
N11606 X157.543 Y62.948
N11608 X157.594 Y62.668
N11610 X157.627 Y62.426
N11612 X157.674 Y61.89
N11614 X157.687 Y61.388
N11616 X157.663 Y60.924
N11618 X157.627 Y60.471
N11620 X157.556 Y60.016
N11622 X157.443 Y59.527
N11624 X157.298 Y59.038
N11626 X157.105 Y58.495
N11628 X156.911 Y58.061
N11630 X156.616 Y57.49
N11632 X156.358 Y57.083
N11634 X156.06 Y56.662
N11636 X155.594 Y56.106
N11638 X155.103 Y55.617
N11640 X154.596 Y55.194
N11642 X154.173 Y54.895
N11644 X153.717 Y54.609
N11646 X153.196 Y54.342
N11648 X152.726 Y54.132
N11650 X152.218 Y53.954
N11652 X151.73 Y53.809
N11654 X151.211 Y53.692
N11656 X150.752 Y53.622
N11658 X150.264 Y53.578
N11660 X149.876 Y53.561
N11662 X149.286 Y53.582
N11664 X148.798 Y53.627
N11666 X148.546 Y53.662
N11668 X148.253 Y53.717
N11670 X147.602 Y53.881
N11672 X146.806 Y54.151
N11674 X145.947 Y54.558
N11676 X145.8 Y54.639
N11678 X145.377 Y54.913
N11680 X145.058 Y55.128
N11682 X144.888 Y55.261
N11684 X144.4 Y55.676
N11686 X143.911 Y56.17
N11688 X143.557 Y56.594
N11690 X143.422 Y56.767
N11692 X143.209 Y57.083
N11694 X142.898 Y57.572
N11696 X142.856 Y57.649
N11698 X142.425 Y58.569
N11700 X142.18 Y59.303
N11702 X142.005 Y60.016
N11704 X141.956 Y60.284
N11706 X141.924 Y60.537
N11708 X141.88 Y61.07
N11710 X141.862 Y61.576
N11712 X141.883 Y62.044
N11714 X141.925 Y62.49
N11716 X141.997 Y62.948
N11718 X142.108 Y63.437
N11720 X142.254 Y63.926
N11722 X142.445 Y64.454
N11724 X142.648 Y64.903
N11726 X142.934 Y65.454
N11728 X143.202 Y65.881
N11730 X143.422 Y66.201
N11732 X143.553 Y66.369
N11734 X143.939 Y66.83
N11736 X145.866 Y69.02
N11738 X146.438 Y69.707
N11740 X146.866 Y70.257
N11742 X147.947 Y71.746
N11744 X148.309 Y72.258
N11746 X148.798 Y73.024
N11748 X149.501 Y74.189
N11750 X149.775 Y74.604
N11752 Y73.424
N11754 X149.92 Y73.212
N11756 X150.752 Y71.917
N11758 X151.241 Y71.219
N11760 X152.287 Y69.791
N11762 X152.707 Y69.261
N11764 X153.196 Y68.678
N11766 X155.212 Y66.369
N11768 X155.613 Y65.881
N11770 X155.929 Y65.392
N11772 X156.128 Y65.073
N11774 X156.316 Y64.714
N11776 X156.616 Y64.024
N11778 X156.673 Y63.869
N11780 X156.874 Y63.179
N11782 X156.998 Y62.566
N11784 X157.066 Y61.971
N11786 X157.094 Y61.482
N11788 X157.066 Y60.993
N11790 X157.022 Y60.504
N11792 X156.966 Y60.154
N11794 X156.878 Y59.754
N11796 X156.772 Y59.371
N11798 X156.654 Y59.
N11800 X156.472 Y58.549
N11802 X156.203 Y57.985
N11804 X156.024 Y57.675
N11806 X155.633 Y57.089
N11808 X155.193 Y56.556
N11810 X154.705 Y56.066
N11812 X154.169 Y55.621
N11814 X153.582 Y55.23
N11816 X153.272 Y55.052
N11818 X152.707 Y54.78
N11820 X152.259 Y54.599
N11822 X151.73 Y54.434
N11824 X151.505 Y54.375
N11826 X151.104 Y54.287
N11828 X150.683 Y54.22
N11830 X150.238 Y54.176
N11832 X149.775 Y54.154
N11834 X149.251 Y54.185
N11836 X148.698 Y54.25
N11838 X148.084 Y54.375
N11840 X147.332 Y54.597
N11842 X147.215 Y54.639
N11844 X146.564 Y54.918
N11846 X146.163 Y55.128
N11848 X145.396 Y55.617
N11850 X145.309 Y55.684
N11852 X144.821 Y56.106
N11854 X144.338 Y56.594
N11856 X143.927 Y57.083
N11858 X143.61 Y57.572
N11860 X143.422 Y57.873
N11862 X143.218 Y58.265
N11864 X142.934 Y58.931
N11866 X142.873 Y59.098
N11868 X142.675 Y59.786
N11870 X142.551 Y60.399
N11872 X142.487 Y60.993
N11874 X142.457 Y61.482
N11876 X142.479 Y61.971
N11878 X142.529 Y62.459
N11880 X142.613 Y62.948
N11882 X142.673 Y63.209
N11884 X142.779 Y63.592
N11886 X142.898 Y63.961
N11888 X143.085 Y64.414
N11890 X143.354 Y64.971
N11892 X143.533 Y65.282
N11894 X143.911 Y65.856
N11896 X144.362 Y66.402
N11898 X146.354 Y68.667
N11900 X146.883 Y69.302
N11902 X147.332 Y69.878
N11904 X148.495 Y71.483
N11906 X148.798 Y71.912
N11908 X149.286 Y72.673
N11910 X149.619 Y73.212
N11912 X149.775 Y73.424
N11914 Y72.269
N11916 X149.814 Y72.234
N11918 X149.936 Y72.073
N11920 X150.264 Y71.568
N11922 X150.827 Y70.768
N11924 X151.73 Y69.535
N11926 X152.3 Y68.813
N11928 X152.706 Y68.325
N11930 X154.662 Y66.087
N11932 X155.15 Y65.489
N11934 X155.358 Y65.184
N11936 X155.639 Y64.713
N11938 X155.922 Y64.131
N11940 X156.128 Y63.604
N11942 X156.205 Y63.359
N11944 X156.359 Y62.717
N11946 X156.443 Y62.144
N11948 X156.482 Y61.616
N11950 X156.471 Y61.138
N11952 X156.435 Y60.686
N11954 X156.372 Y60.259
N11956 X156.285 Y59.858
N11958 X156.179 Y59.475
N11960 X156.053 Y59.112
N11962 X155.812 Y58.549
N11964 X155.639 Y58.204
N11966 X155.556 Y58.061
N11968 X155.204 Y57.52
N11970 X154.853 Y57.083
N11972 X154.662 Y56.867
N11974 X154.39 Y56.594
N11976 X154.173 Y56.402
N11978 X153.739 Y56.051
N11980 X153.145 Y55.667
N11982 X152.826 Y55.498
N11984 X152.491 Y55.344
N11986 X152.147 Y55.199
N11988 X151.954 Y55.128
N11990 X151.73 Y55.057
N11992 X151.241 Y54.93
N11994 X151. Y54.881
N11996 X150.576 Y54.816
N11998 X150.127 Y54.775
N12000 X149.648 Y54.767
N12002 X149.12 Y54.805
N12004 X148.547 Y54.89
N12006 X147.905 Y55.043
N12008 X147.634 Y55.128
N12010 X147.141 Y55.318
N12012 X146.522 Y55.617
N12014 X146.108 Y55.863
N12016 X145.757 Y56.106
N12018 X145.377 Y56.423
N12020 X145.188 Y56.594
N12022 X144.888 Y56.894
N12024 X144.718 Y57.083
N12026 X144.4 Y57.465
N12028 X144.163 Y57.809
N12030 X143.911 Y58.233
N12032 X143.618 Y58.842
N12034 X143.422 Y59.353
N12036 X143.343 Y59.606
N12038 X143.19 Y60.248
N12040 X143.108 Y60.818
N12042 X143.07 Y61.346
N12044 X143.076 Y61.828
N12046 X143.115 Y62.278
N12048 X143.179 Y62.703
N12050 X143.266 Y63.105
N12052 X143.372 Y63.488
N12054 X143.422 Y63.641
N12056 X143.531 Y63.926
N12058 X143.747 Y64.414
N12060 X143.911 Y64.739
N12062 X144.006 Y64.903
N12064 X144.351 Y65.438
N12066 X144.708 Y65.881
N12068 X146.847 Y68.32
N12070 X147.332 Y68.902
N12072 X147.82 Y69.531
N12074 X148.798 Y70.873
N12076 X149.359 Y71.673
N12078 X149.74 Y72.265
N12080 X149.775 Y72.269
N12082 Y71.161
N12084 X150.264 Y70.522
N12086 X151.241 Y69.185
N12088 X151.73 Y68.565
N12090 X152.338 Y67.836
N12092 X154.173 Y65.735
N12094 X154.456 Y65.392
N12096 X154.662 Y65.131
N12098 X154.815 Y64.903
N12100 X155.086 Y64.478
N12102 X155.15 Y64.357
N12104 X155.495 Y63.581
N12106 X155.639 Y63.157
N12108 X155.712 Y62.875
N12110 X155.822 Y62.276
N12112 X155.872 Y61.737
N12114 X155.874 Y61.247
N12116 X155.841 Y60.791
N12118 X155.781 Y60.362
N12120 X155.696 Y59.959
N12122 X155.639 Y59.757
N12124 X155.563 Y59.527
N12126 X155.372 Y59.038
N12128 X155.146 Y58.553
N12130 X154.842 Y58.061
N12132 X154.662 Y57.8
N12134 X154.48 Y57.572
N12136 X154.173 Y57.22
N12138 X154.036 Y57.083
N12140 X153.585 Y56.694
N12142 X153.459 Y56.594
N12144 X153.196 Y56.411
N12146 X152.704 Y56.108
N12148 X152.218 Y55.881
N12150 X151.677 Y55.67
N12152 X151.515 Y55.617
N12154 X151.241 Y55.543
N12156 X150.897 Y55.472
N12158 X150.471 Y55.409
N12160 X150.018 Y55.374
N12162 X149.527 Y55.376
N12164 X148.988 Y55.427
N12166 X148.389 Y55.537
N12168 X148.079 Y55.617
N12170 X147.689 Y55.748
N12172 X146.843 Y56.122
N12174 X146.354 Y56.432
N12176 X146.115 Y56.594
N12178 X145.866 Y56.798
N12180 X145.547 Y57.083
N12182 X145.377 Y57.254
N12184 X145.094 Y57.572
N12186 X144.888 Y57.824
N12188 X144.727 Y58.061
N12190 X144.439 Y58.51
N12192 X144.4 Y58.588
N12194 X144.049 Y59.388
N12196 X143.911 Y59.802
N12198 X143.836 Y60.09
N12200 X143.728 Y60.687
N12202 X143.679 Y61.225
N12204 X143.675 Y61.718
N12206 X143.708 Y62.173
N12208 X143.77 Y62.6
N12210 X143.855 Y63.004
N12212 X143.911 Y63.204
N12214 X143.989 Y63.437
N12216 X144.185 Y63.926
N12218 X144.417 Y64.414
N12220 X144.717 Y64.903
N12222 X144.888 Y65.151
N12224 X145.217 Y65.552
N12226 X147.332 Y67.964
N12228 X147.82 Y68.553
N12230 X148.36 Y69.251
N12232 X149.463 Y70.768
N12234 X149.775 Y71.161
N12236 Y70.123
N12238 X150.041 Y69.791
N12240 X150.41 Y69.302
N12242 X150.82 Y68.745
N12244 X151.241 Y68.214
N12246 X151.968 Y67.347
N12248 X153.679 Y65.392
N12250 X154.082 Y64.903
N12252 X154.173 Y64.785
N12254 X154.405 Y64.414
N12256 X154.662 Y63.986
N12258 X154.72 Y63.867
N12260 X155.038 Y63.061
N12262 X155.15 Y62.64
N12264 X155.196 Y62.414
N12266 X155.264 Y61.857
N12268 X155.279 Y61.353
N12270 X155.25 Y60.894
N12272 X155.194 Y60.46
N12274 X155.15 Y60.248
N12276 X155.087 Y60.016
N12278 X154.92 Y59.527
N12280 X154.7 Y59.001
N12282 X154.441 Y58.549
N12284 X154.173 Y58.151
N12286 X153.911 Y57.834
N12288 X153.685 Y57.572
N12290 X153.196 Y57.151
N12292 X153.109 Y57.083
N12294 X152.707 Y56.812
N12296 X152.258 Y56.555
N12298 X151.73 Y56.333
N12300 X151.562 Y56.273
N12302 X151.023 Y56.106
N12304 X150.752 Y56.052
N12306 X150.264 Y55.991
N12308 X149.911 Y55.97
N12310 X149.407 Y55.985
N12312 X148.798 Y56.063
N12314 X148.59 Y56.106
N12316 X148.207 Y56.208
N12318 X147.409 Y56.517
N12320 X147.251 Y56.594
N12322 X146.843 Y56.841
N12324 X146.46 Y57.083
N12326 X146.354 Y57.167
N12328 X145.866 Y57.603
N12330 X145.463 Y58.061
N12332 X145.377 Y58.169
N12334 X145.137 Y58.549
N12336 X144.888 Y58.963
N12338 X144.817 Y59.11
N12340 X144.509 Y59.906
N12342 X144.4 Y60.317
N12344 X144.353 Y60.551
N12346 X144.288 Y61.105
N12348 X144.271 Y61.611
N12350 X144.299 Y62.071
N12352 X144.357 Y62.502
N12354 X144.4 Y62.708
N12356 X144.573 Y63.264
N12358 X144.635 Y63.437
N12360 X144.856 Y63.955
N12362 X145.119 Y64.414
N12364 X145.377 Y64.8
N12366 X145.644 Y65.125
N12368 X146.11 Y65.663
N12370 X147.82 Y67.613
N12372 X148.405 Y68.324
N12374 X148.783 Y68.813
N12376 X149.499 Y69.791
N12378 X149.775 Y70.123
N12380 Y69.104
N12382 X150.2 Y68.569
N12384 X150.872 Y67.716
N12386 X151.241 Y67.273
N12388 X152.237 Y66.125
N12390 X152.814 Y65.467 Z0.518
N12392 X152.872 Y65.392 Z0.517
N12394 X152.871 Y65.385
N12396 X152.844 Y65.392
N12398 X152.495 Y65.658 Z0.518
N12400 X151.73 Y66.057 Z0.511
N12402 X151.529 Y66.146 Z0.515
N12404 X150.994 Y66.291 Z0.518
N12406 X150.507 Y66.391 Z0.519
N12408 X149.531 Y66.442 Z0.518
N12410 X149.06 Y66.369 Z0.519
N12412 X148.858 Y66.339 Z0.514
N12414 X148.556 Y66.292 Z0.518
N12416 X148.07 Y66.146 Z0.515
N12418 X147.58 Y65.932
N12420 X147.092 Y65.661 Z0.518
N12422 X146.7 Y65.392
N12424 X146.678
N12426 X146.843 Y65.587
N12428 X147.961 Y66.858 Z0.52
N12430 X148.381 Y67.347
N12432 X148.798 Y67.853
N12434 X149.286 Y68.486
N12436 X149.53 Y68.813
N12438 X149.775 Y69.104
N12440 Y68.087
N12442 X149.994 Y67.836
N12444 X150.264 Y67.506
N12446 X150.378 Y67.347
N12448 X150.6 Y67.01
N12450 X150.108 Y67.014
N12452 X149.608 Y67.025
N12454 X148.97 Y66.989
N12456 X149.018 Y67.126
N12458 X149.217 Y67.416
N12460 X149.549 Y67.836
N12462 X149.775 Y68.087
N12464 X149.01 Y67.253 Z1.651
N12466 Z3.487
N12468 G0 Z17.52
N12470 M5
N12472 M2
